path,filename,class,score,u_niqe,u_brisque,img_mean,img_std,img_entropy,a_rx_skull.penetration_index,a_rx_skull.sinus_air_score,a_rx_abdomen.nps_fat,a_rx_abdomen.free_air_detector,a_rx_chest.lung_symmetry,a_rx_chest.inspiration_index,a_rx_chest.mediastinum_width,a_rx_chest.rotation_angle
/Users/iaparamedicos/MIQA_datasets/mri/brain/brain_tumor/Testing/glioma_tumor/image(1).jpg,image(1).jpg,glioma,63.88405890757358,5.417391163863964,45.0069580078125,0.3081154227256775,0.24425344169139862,6.517101017484976,,,,,,,,
/Users/iaparamedicos/MIQA_datasets/mri/brain/brain_tumor/Testing/glioma_tumor/image(10).jpg,image(10).jpg,glioma,70.63338495830669,4.404992256253997,23.77783203125,0.2359008938074112,0.24983328580856323,5.995966046826285,,0.0,,,,,,
/Users/iaparamedicos/MIQA_datasets/mri/brain/brain_tumor/Testing/glioma_tumor/image(100).jpg,image(100).jpg,glioma,60.6263582831128,5.90604625753308,45.19000244140625,0.1979796141386032,0.18685156106948853,6.782859745859406,,0.0,,,,,,
/Users/iaparamedicos/MIQA_datasets/mri/brain/brain_tumor/Testing/glioma_tumor/image(11).jpg,image(11).jpg,glioma,54.43291053874525,6.835063419188213,49.04315185546875,0.25506043434143066,0.18612220883369446,6.711768776662904,,,,,,,,
/Users/iaparamedicos/MIQA_datasets/mri/brain/brain_tumor/Testing/glioma_tumor/image(12).jpg,image(12).jpg,glioma,54.43291053874525,6.835063419188213,49.04315185546875,0.25506043434143066,0.18612220883369446,6.711768776662904,,,,,,,,
/Users/iaparamedicos/MIQA_datasets/mri/brain/brain_tumor/Testing/glioma_tumor/image(13).jpg,image(13).jpg,glioma,69.5448705706825,4.5682694143976255,31.97198486328125,0.29520925879478455,0.21939963102340698,6.678761573503698,,,,,,,,
/Users/iaparamedicos/MIQA_datasets/mri/brain/brain_tumor/Testing/glioma_tumor/image(14).jpg,image(14).jpg,glioma,61.19029792310003,5.8214553115349945,38.9720458984375,0.2829079329967499,0.2228296548128128,6.935908134977791,,,,,,,,
/Users/iaparamedicos/MIQA_datasets/mri/brain/brain_tumor/Testing/glioma_tumor/image(15).jpg,image(15).jpg,glioma,70.36302387293922,4.4455464190591165,29.13165283203125,0.27378684282302856,0.23177063465118408,6.727517879941116,,0.0,,,,,,
/Users/iaparamedicos/MIQA_datasets/mri/brain/brain_tumor/Testing/glioma_tumor/image(16).jpg,image(16).jpg,glioma,72.39279748471061,4.141080377293407,30.62823486328125,0.29174819588661194,0.2256866693496704,7.000143545230832,,,,,,,,
/Users/iaparamedicos/MIQA_datasets/mri/brain/brain_tumor/Testing/glioma_tumor/image(17).jpg,image(17).jpg,glioma,59.555284911111904,6.066707263333213,43.233642578125,0.3126322031021118,0.23345929384231567,7.300451476652852,,0.0,,,,,,
/Users/iaparamedicos/MIQA_datasets/mri/brain/brain_tumor/Testing/glioma_tumor/image(18).jpg,image(18).jpg,glioma,73.7564191408266,3.9365371288760116,26.8763427734375,0.3182695806026459,0.24084587395191193,7.1015127002153235,,,,,,,,
/Users/iaparamedicos/MIQA_datasets/mri/brain/brain_tumor/Testing/glioma_tumor/image(19).jpg,image(19).jpg,glioma,67.04716620841778,4.942925068737335,26.111328125,0.18332213163375854,0.23755493760108948,5.2118415366922175,,0.768888888888889,,,,,,
/Users/iaparamedicos/MIQA_datasets/mri/brain/brain_tumor/Testing/glioma_tumor/image(2).jpg,image(2).jpg,glioma,56.92673611957233,6.46098958206415,45.9652099609375,0.18857622146606445,0.2047356218099594,6.117666349746807,,0.0,,,,,,
/Users/iaparamedicos/MIQA_datasets/mri/brain/brain_tumor/Testing/glioma_tumor/image(20).jpg,image(20).jpg,glioma,70.72849484785175,4.390725772822238,24.3065185546875,0.3715059161186218,0.29284757375717163,6.840998497704794,0.627657152716401,0.0,,,,,,
/Users/iaparamedicos/MIQA_datasets/mri/brain/brain_tumor/Testing/glioma_tumor/image(21).jpg,image(21).jpg,glioma,66.98296068106674,4.952555897839987,38.21771240234375,0.25515371561050415,0.27345407009124756,5.74541558739281,0.6384068360122309,0.6104003101676845,,,,,,
/Users/iaparamedicos/MIQA_datasets/mri/brain/brain_tumor/Testing/glioma_tumor/image(22).jpg,image(22).jpg,glioma,69.93121672068729,4.510317491896905,27.4659423828125,0.337089478969574,0.2987426519393921,6.97110218098989,,0.6561214181880898,,,,,,
/Users/iaparamedicos/MIQA_datasets/mri/brain/brain_tumor/Testing/glioma_tumor/image(23).jpg,image(23).jpg,glioma,85.83381652832031,3.9691420974041978,11.33294677734375,0.4794866740703583,0.34658485651016235,7.42802906792174,,,,,,,,
/Users/iaparamedicos/MIQA_datasets/mri/brain/brain_tumor/Testing/glioma_tumor/image(24).jpg,image(24).jpg,glioma,72.72063571079919,4.091904643380121,24.1495361328125,0.32467731833457947,0.24755413830280304,6.398489084512111,,,,,,,,
/Users/iaparamedicos/MIQA_datasets/mri/brain/brain_tumor/Testing/glioma_tumor/image(25).jpg,image(25).jpg,glioma,51.05930625385984,7.341104061921025,52.46893310546875,0.23947736620903015,0.1674097180366516,6.795296869989178,,,0.022567512467503548,0.7809844825175911,,,,
/Users/iaparamedicos/MIQA_datasets/mri/brain/brain_tumor/Testing/glioma_tumor/image(26).jpg,image(26).jpg,glioma,52.09599405681217,5.980815819239463,55.9603271484375,0.20008182525634766,0.2813015878200531,4.167679524544973,0.0,0.5802957107304934,,,,,,
/Users/iaparamedicos/MIQA_datasets/mri/brain/brain_tumor/Testing/glioma_tumor/image(27).jpg,image(27).jpg,glioma,66.7511762843111,4.486780551373544,37.64739990234375,0.18826445937156677,0.2355012595653534,5.340094102744888,,0.0,,,,,,
/Users/iaparamedicos/MIQA_datasets/mri/brain/brain_tumor/Testing/glioma_tumor/image(28).jpg,image(28).jpg,glioma,65.40313948720666,5.1895290769189995,42.50140380859375,0.40768125653266907,0.2629285454750061,6.951734794144214,,,,,,,,
/Users/iaparamedicos/MIQA_datasets/mri/brain/brain_tumor/Testing/glioma_tumor/image(29).jpg,image(29).jpg,glioma,65.40313948720666,5.1895290769189995,42.50140380859375,0.40768125653266907,0.2629285454750061,6.951734794144214,,,,,,,,
/Users/iaparamedicos/MIQA_datasets/mri/brain/brain_tumor/Testing/glioma_tumor/image(3).jpg,image(3).jpg,glioma,73.66623721514138,3.9500644177287927,15.99810791015625,0.1764075756072998,0.18985110521316528,5.823775566696138,0.316612643181885,0.8973471741637831,,,,,,
/Users/iaparamedicos/MIQA_datasets/mri/brain/brain_tumor/Testing/glioma_tumor/image(30).jpg,image(30).jpg,glioma,73.45388338140877,3.981917492788684,21.39752197265625,0.346879243850708,0.2824411392211914,7.208263743028306,0.560978848420389,0.0,,,,,,
/Users/iaparamedicos/MIQA_datasets/mri/brain/brain_tumor/Testing/glioma_tumor/image(31).jpg,image(31).jpg,glioma,65.97581519933405,4.298096009177259,31.79638671875,0.1900666207075119,0.236247256398201,5.278065215946724,,0.44118232088156895,,,,,,
/Users/iaparamedicos/MIQA_datasets/mri/brain/brain_tumor/Testing/glioma_tumor/image(32).jpg,image(32).jpg,glioma,66.46242881884551,4.222347849166015,29.408447265625,0.17141014337539673,0.19907358288764954,5.316994305507641,,0.49102604004564787,,,,,,
/Users/iaparamedicos/MIQA_datasets/mri/brain/brain_tumor/Testing/glioma_tumor/image(33).jpg,image(33).jpg,glioma,73.64589951417648,3.953115072873528,23.156494140625,0.16488714516162872,0.17216365039348602,6.141705210264252,,0.0,,,,,,
/Users/iaparamedicos/MIQA_datasets/mri/brain/brain_tumor/Testing/glioma_tumor/image(34).jpg,image(34).jpg,glioma,63.8628159732761,5.420577604008586,42.88885498046875,0.27215641736984253,0.2322434037923813,6.4186889833999965,,0.934298739608474,,,,,,
/Users/iaparamedicos/MIQA_datasets/mri/brain/brain_tumor/Testing/glioma_tumor/image(35).jpg,image(35).jpg,glioma,79.32437824086114,4.568794298790071,13.1221923828125,0.26457861065864563,0.19807744026184082,6.345950259268891,,0.6490348077215382,,,,,,
/Users/iaparamedicos/MIQA_datasets/mri/brain/brain_tumor/Testing/glioma_tumor/image(36).jpg,image(36).jpg,glioma,62.45672993810207,5.631490509284689,46.040283203125,0.18467162549495697,0.18974274396896362,5.170362407180448,,,,,,,,
/Users/iaparamedicos/MIQA_datasets/mri/brain/brain_tumor/Testing/glioma_tumor/image(37).jpg,image(37).jpg,glioma,65.56483364910443,5.770690222581264,19.57196044921875,0.35054293274879456,0.34185072779655457,5.245186691928354,,,,,,,,
/Users/iaparamedicos/MIQA_datasets/mri/brain/brain_tumor/Testing/glioma_tumor/image(38).jpg,image(38).jpg,glioma,70.546875,4.57812792542416,23.5625,0.23035897314548492,0.1558942347764969,6.458147116330431,,,,,,,,
/Users/iaparamedicos/MIQA_datasets/mri/brain/brain_tumor/Testing/glioma_tumor/image(39).jpg,image(39).jpg,glioma,70.44784605218383,4.432823092172423,26.26629638671875,0.25097543001174927,0.15707437694072723,6.381095119750764,,,,,,,,
/Users/iaparamedicos/MIQA_datasets/mri/brain/brain_tumor/Testing/glioma_tumor/image(4).jpg,image(4).jpg,glioma,56.07455785792157,4.525539839913371,37.08319091796875,0.16335457563400269,0.2332390397787094,4.485964628633726,,0.38008190989911095,,,,,,
/Users/iaparamedicos/MIQA_datasets/mri/brain/brain_tumor/Testing/glioma_tumor/image(40).jpg,image(40).jpg,glioma,69.86354882779855,4.520467675830217,25.52960205078125,0.3189716339111328,0.27308976650238037,5.946368955631458,,,,,,,,
/Users/iaparamedicos/MIQA_datasets/mri/brain/brain_tumor/Testing/glioma_tumor/image(41).jpg,image(41).jpg,glioma,65.55068304484183,5.167397543273726,39.22265625,0.2708355784416199,0.2347436398267746,5.764455044473154,,0.0,,,,,,
/Users/iaparamedicos/MIQA_datasets/mri/brain/brain_tumor/Testing/glioma_tumor/image(42).jpg,image(42).jpg,glioma,53.124894591028024,7.031265811345797,48.45001220703125,0.3558434844017029,0.26408737897872925,6.8956257069471585,,,,,,,,
/Users/iaparamedicos/MIQA_datasets/mri/brain/brain_tumor/Testing/glioma_tumor/image(43).jpg,image(43).jpg,glioma,63.25508160945918,5.280205830859608,50.70556640625,0.2537262737751007,0.2222398817539215,5.060406528756735,,0.0,,,,,,
/Users/iaparamedicos/MIQA_datasets/mri/brain/brain_tumor/Testing/glioma_tumor/image(44).jpg,image(44).jpg,glioma,77.98469543457031,3.286252642635143,17.61224365234375,0.14596347510814667,0.19120754301548004,5.334067460261327,,0.0,,,,,,
/Users/iaparamedicos/MIQA_datasets/mri/brain/brain_tumor/Testing/glioma_tumor/image(45).jpg,image(45).jpg,glioma,65.4840087890625,5.064110163688404,27.61279296875,0.1262965202331543,0.15160910785198212,4.746736920304065,0.3270635897403817,0.0,,,,,,
/Users/iaparamedicos/MIQA_datasets/mri/brain/brain_tumor/Testing/glioma_tumor/image(46).jpg,image(46).jpg,glioma,65.97581519933405,4.298096009177259,31.79638671875,0.1900666207075119,0.236247256398201,5.278065215946724,,0.44118232088156895,,,,,,
/Users/iaparamedicos/MIQA_datasets/mri/brain/brain_tumor/Testing/glioma_tumor/image(47).jpg,image(47).jpg,glioma,56.169778608301094,4.1502926489226075,36.32012939453125,0.11144398152828217,0.19443076848983765,4.493582288664087,,0.0,,,,,,
/Users/iaparamedicos/MIQA_datasets/mri/brain/brain_tumor/Testing/glioma_tumor/image(48).jpg,image(48).jpg,glioma,74.3830776670717,3.8425383499392445,20.97027587890625,0.2759207487106323,0.22214658558368683,6.437631694251052,0.2939886559169939,0.0,,,,,,
/Users/iaparamedicos/MIQA_datasets/mri/brain/brain_tumor/Testing/glioma_tumor/image(49).jpg,image(49).jpg,glioma,64.99679565429688,3.70554208763716,28.0025634765625,0.17622078955173492,0.22616255283355713,4.927351322370804,0.2684089207695773,0.38845787396216136,,,,,,
/Users/iaparamedicos/MIQA_datasets/mri/brain/brain_tumor/Testing/glioma_tumor/image(5).jpg,image(5).jpg,glioma,66.9683825142872,4.954742622856919,49.5966796875,0.3598054349422455,0.24141690135002136,6.889846281516565,,,,,,,,
/Users/iaparamedicos/MIQA_datasets/mri/brain/brain_tumor/Testing/glioma_tumor/image(50).jpg,image(50).jpg,glioma,73.71820972921914,4.012769238605248,10.31982421875,0.2521648406982422,0.19491079449653625,5.897456778337531,0.5883684284357814,0.4018987341772152,,,,,,
/Users/iaparamedicos/MIQA_datasets/mri/brain/brain_tumor/Testing/glioma_tumor/image(51).jpg,image(51).jpg,glioma,77.04782611715716,3.442826082426426,9.2398681640625,0.36180248856544495,0.3100859820842743,6.0867472715464634,,,,,,,,
/Users/iaparamedicos/MIQA_datasets/mri/brain/brain_tumor/Testing/glioma_tumor/image(52).jpg,image(52).jpg,glioma,63.97885531426589,5.403171702860116,44.2353515625,0.2757481634616852,0.21932648122310638,7.114129096294308,,,,,,,,
/Users/iaparamedicos/MIQA_datasets/mri/brain/brain_tumor/Testing/glioma_tumor/image(53).jpg,image(53).jpg,glioma,72.58806832293632,4.111789751559553,10.14288330078125,0.12955054640769958,0.19383472204208374,5.073231232285671,0.5437589844878559,0.0,,,,,,
/Users/iaparamedicos/MIQA_datasets/mri/brain/brain_tumor/Testing/glioma_tumor/image(54).jpg,image(54).jpg,glioma,78.13850402832031,5.394591043088972,17.48919677734375,0.1556396484375,0.1694079488515854,6.293626192275582,0.4121021203294286,0.0,,,,,,
/Users/iaparamedicos/MIQA_datasets/mri/brain/brain_tumor/Testing/glioma_tumor/image(55).jpg,image(55).jpg,glioma,73.71820972921914,4.012769238605248,10.31982421875,0.2521648406982422,0.19491079449653625,5.897456778337531,0.5883684284357814,0.4018987341772152,,,,,,
/Users/iaparamedicos/MIQA_datasets/mri/brain/brain_tumor/Testing/glioma_tumor/image(56).jpg,image(56).jpg,glioma,61.66445896408553,8.40574837043521,15.21270751953125,0.2789589464664459,0.3213278353214264,4.933156717126843,,0.0,,,,,,
/Users/iaparamedicos/MIQA_datasets/mri/brain/brain_tumor/Testing/glioma_tumor/image(57).jpg,image(57).jpg,glioma,79.27274758807806,3.1090878617882907,11.25201416015625,0.21193145215511322,0.17532190680503845,6.055505079201788,0.35623566867415357,0.9465087790935075,,,,,,
/Users/iaparamedicos/MIQA_datasets/mri/brain/brain_tumor/Testing/glioma_tumor/image(58).jpg,image(58).jpg,glioma,67.46104130473817,4.880843804289273,35.54962158203125,0.25276240706443787,0.21231363713741302,6.496493483468836,0.49816939487082446,0.7629629629629631,,,,,,
/Users/iaparamedicos/MIQA_datasets/mri/brain/brain_tumor/Testing/glioma_tumor/image(59).jpg,image(59).jpg,glioma,68.35318465787277,4.747022301319085,38.2724609375,0.14348645508289337,0.1587596982717514,5.814858167168776,0.378713415385007,0.0,,,,,,
/Users/iaparamedicos/MIQA_datasets/mri/brain/brain_tumor/Testing/glioma_tumor/image(6).jpg,image(6).jpg,glioma,73.66623721514138,3.9500644177287927,15.99810791015625,0.1764075756072998,0.18985110521316528,5.823775566696138,0.316612643181885,0.8973471741637831,,,,,,
/Users/iaparamedicos/MIQA_datasets/mri/brain/brain_tumor/Testing/glioma_tumor/image(60).jpg,image(60).jpg,glioma,68.6070877746201,4.708936833806984,36.95428466796875,0.15092869102954865,0.17061235010623932,5.880342667543681,0.3535156341483445,0.0,,,,,,
/Users/iaparamedicos/MIQA_datasets/mri/brain/brain_tumor/Testing/glioma_tumor/image(61).jpg,image(61).jpg,glioma,67.42236557458936,4.886645163811596,45.3914794921875,0.15465423464775085,0.19569779932498932,5.527803548395907,0.34050335951003824,0.0,,,,,,
/Users/iaparamedicos/MIQA_datasets/mri/brain/brain_tumor/Testing/glioma_tumor/image(62).jpg,image(62).jpg,glioma,65.75020009734031,4.816791041826547,52.49713134765625,0.1394372582435608,0.19454291462898254,5.260016007787225,0.36813728293728676,0.0,,,,,,
/Users/iaparamedicos/MIQA_datasets/mri/brain/brain_tumor/Testing/glioma_tumor/image(63).jpg,image(63).jpg,glioma,65.38238780427503,5.192641829358744,33.9140625,0.15565147995948792,0.16115911304950714,5.928725789995674,0.3506014461934667,0.0,,,,,,
/Users/iaparamedicos/MIQA_datasets/mri/brain/brain_tumor/Testing/glioma_tumor/image(64).jpg,image(64).jpg,glioma,67.94330179638575,4.808504730542138,39.08111572265625,0.20173236727714539,0.1846543550491333,6.969981143510888,0.5770342000640619,0.7874097007223942,,,,,,
/Users/iaparamedicos/MIQA_datasets/mri/brain/brain_tumor/Testing/glioma_tumor/image(65).jpg,image(65).jpg,glioma,67.94330179638575,4.808504730542138,39.08111572265625,0.20173236727714539,0.1846543550491333,6.969981143510888,0.5770342000640619,0.7874097007223942,,,,,,
/Users/iaparamedicos/MIQA_datasets/mri/brain/brain_tumor/Testing/glioma_tumor/image(66).jpg,image(66).jpg,glioma,52.038810969591424,5.507987599879208,56.44329833984375,0.07925693690776825,0.12568223476409912,4.163104877567314,0.14950910201345677,0.0,,,,,,
/Users/iaparamedicos/MIQA_datasets/mri/brain/brain_tumor/Testing/glioma_tumor/image(67).jpg,image(67).jpg,glioma,55.830825749358894,5.3077722390693705,49.218994140625,0.10069992393255234,0.14765043556690216,4.466466059948711,0.23574092449606837,0.0,,,,,,
/Users/iaparamedicos/MIQA_datasets/mri/brain/brain_tumor/Testing/glioma_tumor/image(68).jpg,image(68).jpg,glioma,65.53616410610417,5.169575384084375,30.75067138671875,0.13291069865226746,0.1385950893163681,5.741499212183575,0.2944097910957609,0.0,,,,,,
/Users/iaparamedicos/MIQA_datasets/mri/brain/brain_tumor/Testing/glioma_tumor/image(69).jpg,image(69).jpg,glioma,66.40564477334449,5.039153283998325,34.0279541015625,0.15557992458343506,0.16208931803703308,5.890310758238721,0.3601749852256976,0.0,,,,,,
/Users/iaparamedicos/MIQA_datasets/mri/brain/brain_tumor/Testing/glioma_tumor/image(7).jpg,image(7).jpg,glioma,57.44903153401708,4.609643136914398,35.7242431640625,0.16845226287841797,0.2363993376493454,4.5959225227213665,,0.0,,,,,,
/Users/iaparamedicos/MIQA_datasets/mri/brain/brain_tumor/Testing/glioma_tumor/image(70).jpg,image(70).jpg,glioma,65.33215744872048,5.200176382691928,32.27294921875,0.1431526243686676,0.1535831242799759,5.825684420831967,0.356573604929474,0.0,,,,,,
/Users/iaparamedicos/MIQA_datasets/mri/brain/brain_tumor/Testing/glioma_tumor/image(71).jpg,image(71).jpg,glioma,65.33215744872048,5.200176382691928,32.27294921875,0.1431526243686676,0.1535831242799759,5.825684420831967,0.356573604929474,0.0,,,,,,
/Users/iaparamedicos/MIQA_datasets/mri/brain/brain_tumor/Testing/glioma_tumor/image(72).jpg,image(72).jpg,glioma,67.23252548635202,4.915121177047197,38.78289794921875,0.12702365219593048,0.1459166258573532,5.635615224172729,0.4431036999142614,0.0,,,,,,
/Users/iaparamedicos/MIQA_datasets/mri/brain/brain_tumor/Testing/glioma_tumor/image(73).jpg,image(73).jpg,glioma,66.53689069044351,4.920905002909195,40.2716064453125,0.13826391100883484,0.17547181248664856,5.322951255235481,0.28526227215531685,0.0,,,,,,
/Users/iaparamedicos/MIQA_datasets/mri/brain/brain_tumor/Testing/glioma_tumor/image(74).jpg,image(74).jpg,glioma,65.62561079902318,4.331891466005617,37.893310546875,0.12856794893741608,0.17238715291023254,5.2500488639218545,0.3662661189075649,0.0,,,,,,
/Users/iaparamedicos/MIQA_datasets/mri/brain/brain_tumor/Testing/glioma_tumor/image(75).jpg,image(75).jpg,glioma,64.63303943755767,4.587887640996314,39.32940673828125,0.11977912485599518,0.15710638463497162,5.170643155004614,0.38788414043976266,0.0,,,,,,
/Users/iaparamedicos/MIQA_datasets/mri/brain/brain_tumor/Testing/glioma_tumor/image(76).jpg,image(76).jpg,glioma,64.68758579839555,4.916603063198573,37.59423828125,0.13376924395561218,0.16756995022296906,5.175006863871643,0.3901600895829727,0.0,,,,,,
/Users/iaparamedicos/MIQA_datasets/mri/brain/brain_tumor/Testing/glioma_tumor/image(77).jpg,image(77).jpg,glioma,70.33541122159575,4.449688316760637,35.63494873046875,0.36150994896888733,0.25501906871795654,7.457872397870922,,0.0,,,,,,
/Users/iaparamedicos/MIQA_datasets/mri/brain/brain_tumor/Testing/glioma_tumor/image(78).jpg,image(78).jpg,glioma,62.41399696967957,5.637900454548064,42.7470703125,0.2544313967227936,0.2491181492805481,5.870112337876482,,,,,,,,
/Users/iaparamedicos/MIQA_datasets/mri/brain/brain_tumor/Testing/glioma_tumor/image(79).jpg,image(79).jpg,glioma,65.40313948720666,5.1895290769189995,42.50140380859375,0.40768125653266907,0.2629285454750061,6.951734794144214,,,,,,,,
/Users/iaparamedicos/MIQA_datasets/mri/brain/brain_tumor/Testing/glioma_tumor/image(8).jpg,image(8).jpg,glioma,67.76512145996094,5.1005080719799105,25.78790283203125,0.29838863015174866,0.23155197501182556,6.827610974205795,0.9338330588956659,0.9357393993307072,,,,,,
/Users/iaparamedicos/MIQA_datasets/mri/brain/brain_tumor/Testing/glioma_tumor/image(80).jpg,image(80).jpg,glioma,70.33541122159575,4.449688316760637,35.63494873046875,0.36150994896888733,0.25501906871795654,7.457872397870922,,0.0,,,,,,
/Users/iaparamedicos/MIQA_datasets/mri/brain/brain_tumor/Testing/glioma_tumor/image(81).jpg,image(81).jpg,glioma,70.85874501520519,4.042361787157779,29.3553466796875,0.2589424252510071,0.2355097234249115,5.668699601216415,,0.0,,,,,,
/Users/iaparamedicos/MIQA_datasets/mri/brain/brain_tumor/Testing/glioma_tumor/image(82).jpg,image(82).jpg,glioma,67.55341081786266,4.866988377320602,31.7408447265625,0.3652886748313904,0.31822267174720764,6.327756794689291,0.6498996270466696,0.0,,,,,,
/Users/iaparamedicos/MIQA_datasets/mri/brain/brain_tumor/Testing/glioma_tumor/image(83).jpg,image(83).jpg,glioma,78.112316156293,10.717452794075458,17.0059814453125,0.22094041109085083,0.2094220519065857,6.24898529250344,,,,,,,,
/Users/iaparamedicos/MIQA_datasets/mri/brain/brain_tumor/Testing/glioma_tumor/image(84).jpg,image(84).jpg,glioma,73.45388338140877,3.981917492788684,21.39752197265625,0.346879243850708,0.2824411392211914,7.208263743028306,0.560978848420389,0.0,,,,,,
/Users/iaparamedicos/MIQA_datasets/mri/brain/brain_tumor/Testing/glioma_tumor/image(85).jpg,image(85).jpg,glioma,68.59986075550299,4.737184654394604,10.98736572265625,0.1846826672554016,0.19126316905021667,5.48798886044024,0.8644375948849398,0.0,,,,,,
/Users/iaparamedicos/MIQA_datasets/mri/brain/brain_tumor/Testing/glioma_tumor/image(86).jpg,image(86).jpg,glioma,70.17402648925781,4.57812792542416,23.86077880859375,0.23643694818019867,0.15396563708782196,6.510147405035116,,,,,,,,
/Users/iaparamedicos/MIQA_datasets/mri/brain/brain_tumor/Testing/glioma_tumor/image(87).jpg,image(87).jpg,glioma,73.22014563386875,4.016978154919685,23.07379150390625,0.2634025514125824,0.14989721775054932,6.511135432200014,,,,,,,,
/Users/iaparamedicos/MIQA_datasets/mri/brain/brain_tumor/Testing/glioma_tumor/image(88).jpg,image(88).jpg,glioma,63.62833393210754,5.422191252217928,33.76458740234375,0.1574789136648178,0.21908637881278992,5.090266714568603,0.05287626651407203,0.6751271517996871,,,,,,
/Users/iaparamedicos/MIQA_datasets/mri/brain/brain_tumor/Testing/glioma_tumor/image(89).jpg,image(89).jpg,glioma,66.62364754320731,5.0064528685189025,32.3619384765625,0.19218239188194275,0.2109382450580597,5.857995241146684,,,,,,,,
/Users/iaparamedicos/MIQA_datasets/mri/brain/brain_tumor/Testing/glioma_tumor/image(9).jpg,image(9).jpg,glioma,65.60205804032556,5.159691293951166,41.17822265625,0.3102548122406006,0.24975718557834625,6.773599689719077,,0.0,,,,,,
/Users/iaparamedicos/MIQA_datasets/mri/brain/brain_tumor/Testing/glioma_tumor/image(90).jpg,image(90).jpg,glioma,54.43291053874525,6.835063419188213,49.04315185546875,0.25506043434143066,0.18612220883369446,6.711768776662904,,,,,,,,
/Users/iaparamedicos/MIQA_datasets/mri/brain/brain_tumor/Testing/glioma_tumor/image(91).jpg,image(91).jpg,glioma,58.71198544893299,6.193202182660051,53.794677734375,0.22975707054138184,0.2885283827781677,5.824814793582197,,0.0,,,,,,
/Users/iaparamedicos/MIQA_datasets/mri/brain/brain_tumor/Testing/glioma_tumor/image(92).jpg,image(92).jpg,glioma,59.813686454372814,6.027947031844079,46.72528076171875,0.34115535020828247,0.29286712408065796,7.142022361576086,,,,,,,,
/Users/iaparamedicos/MIQA_datasets/mri/brain/brain_tumor/Testing/glioma_tumor/image(93).jpg,image(93).jpg,glioma,70.60128086082054,4.40980787087692,23.73907470703125,0.2816222906112671,0.22899854183197021,6.507331418146305,,,,,,,,
/Users/iaparamedicos/MIQA_datasets/mri/brain/brain_tumor/Testing/glioma_tumor/image(94).jpg,image(94).jpg,glioma,70.60128086082054,4.40980787087692,23.73907470703125,0.2816222906112671,0.22899854183197021,6.507331418146305,,,,,,,,
/Users/iaparamedicos/MIQA_datasets/mri/brain/brain_tumor/Testing/glioma_tumor/image(95).jpg,image(95).jpg,glioma,66.98296068106674,4.952555897839987,38.21771240234375,0.25515371561050415,0.27345407009124756,5.74541558739281,0.6384068360122309,0.6104003101676845,,,,,,
/Users/iaparamedicos/MIQA_datasets/mri/brain/brain_tumor/Testing/glioma_tumor/image(97).jpg,image(97).jpg,glioma,52.09599405681217,5.980815819239463,55.9603271484375,0.20008182525634766,0.2813015878200531,4.167679524544973,0.0,0.5802957107304934,,,,,,
/Users/iaparamedicos/MIQA_datasets/mri/brain/brain_tumor/Testing/glioma_tumor/image(98).jpg,image(98).jpg,glioma,66.08751302565776,5.086873046151338,39.87969970703125,0.27575281262397766,0.21928642690181732,7.091825774843087,,,,,,,,
/Users/iaparamedicos/MIQA_datasets/mri/brain/brain_tumor/Testing/glioma_tumor/image(99).jpg,image(99).jpg,glioma,66.08751302565776,5.086873046151338,39.87969970703125,0.27575281262397766,0.21928642690181732,7.091825774843087,,,,,,,,
/Users/iaparamedicos/MIQA_datasets/mri/brain/brain_tumor/Testing/glioma_tumor/image.jpg,image.jpg,glioma,63.88405890757358,5.417391163863964,45.0069580078125,0.3081154227256775,0.24425344169139862,6.517101017484976,,,,,,,,
/Users/iaparamedicos/MIQA_datasets/mri/brain/brain_tumor/Testing/meningioma_tumor/image(1).jpg,image(1).jpg,meningioma,65.01501951281627,5.24774707307756,46.40692138671875,0.28175923228263855,0.284434974193573,5.999680388671171,0.22273485137459492,0.0,,,,,,
/Users/iaparamedicos/MIQA_datasets/mri/brain/brain_tumor/Testing/meningioma_tumor/image(10).jpg,image(10).jpg,meningioma,75.191650390625,4.4488613876697345,19.8466796875,0.28959137201309204,0.2090475708246231,7.110110612105558,,,,,,,,
/Users/iaparamedicos/MIQA_datasets/mri/brain/brain_tumor/Testing/meningioma_tumor/image(100).jpg,image(100).jpg,meningioma,80.92569053053057,5.20866675291777,10.46136474609375,0.32811763882637024,0.23360447585582733,6.4740552424424465,0.5410284843605797,0.5792498487598305,,,,,,
/Users/iaparamedicos/MIQA_datasets/mri/brain/brain_tumor/Testing/meningioma_tumor/image(102).jpg,image(102).jpg,meningioma,74.90898132324219,4.766986906612651,20.07281494140625,0.27256232500076294,0.18970875442028046,6.387645819772138,,,,,,,,
/Users/iaparamedicos/MIQA_datasets/mri/brain/brain_tumor/Testing/meningioma_tumor/image(106).jpg,image(106).jpg,meningioma,58.46916591300146,6.22962511304978,48.88177490234375,0.34423089027404785,0.30320537090301514,5.875684224356374,,,,,,,,
/Users/iaparamedicos/MIQA_datasets/mri/brain/brain_tumor/Testing/meningioma_tumor/image(107).jpg,image(107).jpg,meningioma,72.52401208465703,4.2791398709242,15.85614013671875,0.2766159474849701,0.3277025818824768,5.801920966772562,,0.5541008856372737,,,,,,
/Users/iaparamedicos/MIQA_datasets/mri/brain/brain_tumor/Testing/meningioma_tumor/image(109).jpg,image(109).jpg,meningioma,76.13216467348536,3.580175298977197,45.24493408203125,0.36794304847717285,0.29800304770469666,6.888446619116269,,0.0,,,,,,
/Users/iaparamedicos/MIQA_datasets/mri/brain/brain_tumor/Testing/meningioma_tumor/image(11).jpg,image(11).jpg,meningioma,77.70926515221657,3.343610227167516,20.0333251953125,0.29376041889190674,0.17009182274341583,7.154953460133157,,,,,,,,
/Users/iaparamedicos/MIQA_datasets/mri/brain/brain_tumor/Testing/meningioma_tumor/image(112).jpg,image(112).jpg,meningioma,78.41354370117188,4.748973032884327,17.2691650390625,0.3626560866832733,0.27473127841949463,6.555944125195441,,,,,,,,
/Users/iaparamedicos/MIQA_datasets/mri/brain/brain_tumor/Testing/meningioma_tumor/image(113).jpg,image(113).jpg,meningioma,50.56718400548902,7.414922399176647,43.2791748046875,0.3705407679080963,0.3238016366958618,6.139204037571718,,,,,,,,
/Users/iaparamedicos/MIQA_datasets/mri/brain/brain_tumor/Testing/meningioma_tumor/image(118).jpg,image(118).jpg,meningioma,68.51671860177365,4.722492209733952,35.586181640625,0.29572927951812744,0.24811951816082,6.234235944576254,,0.0,,,,,,
/Users/iaparamedicos/MIQA_datasets/mri/brain/brain_tumor/Testing/meningioma_tumor/image(12).jpg,image(12).jpg,meningioma,60.66649684151658,5.900025473772513,33.81610107421875,0.12419573962688446,0.15070946514606476,5.872871447601524,,,,,,,,
/Users/iaparamedicos/MIQA_datasets/mri/brain/brain_tumor/Testing/meningioma_tumor/image(120).jpg,image(120).jpg,meningioma,66.16444254501735,5.075333618247397,44.51519775390625,0.4345215857028961,0.2523469924926758,7.342085504408612,,,,,,,,
/Users/iaparamedicos/MIQA_datasets/mri/brain/brain_tumor/Testing/meningioma_tumor/image(121).jpg,image(121).jpg,meningioma,77.18180106859626,3.422729839710561,33.71435546875,0.24716034531593323,0.19926707446575165,6.909723435706076,,0.0,,,,,,
/Users/iaparamedicos/MIQA_datasets/mri/brain/brain_tumor/Testing/meningioma_tumor/image(123).jpg,image(123).jpg,meningioma,59.51198827145932,6.073201759281101,43.16436767578125,0.3900517523288727,0.34405121207237244,6.025188999491556,,,,,,,,
/Users/iaparamedicos/MIQA_datasets/mri/brain/brain_tumor/Testing/meningioma_tumor/image(124).jpg,image(124).jpg,meningioma,62.94456481933594,5.644773700368544,29.64434814453125,0.3368481695652008,0.35628610849380493,5.926850086908879,,0.5327909270216962,,,,,,
/Users/iaparamedicos/MIQA_datasets/mri/brain/brain_tumor/Testing/meningioma_tumor/image(125).jpg,image(125).jpg,meningioma,71.33515082742267,4.2997273758866,23.891357421875,0.33956605195999146,0.3045026957988739,6.74905851745822,,0.9675780666367847,,,,,,
/Users/iaparamedicos/MIQA_datasets/mri/brain/brain_tumor/Testing/meningioma_tumor/image(126).jpg,image(126).jpg,meningioma,54.43446578585605,6.834830132121592,51.1318359375,0.3441843092441559,0.3010077178478241,5.849565914591839,,,,,,,,
/Users/iaparamedicos/MIQA_datasets/mri/brain/brain_tumor/Testing/meningioma_tumor/image(127).jpg,image(127).jpg,meningioma,59.102996530537,6.13455052041945,49.45306396484375,0.3367016613483429,0.23915919661521912,7.049893574723034,,,,,,,,
/Users/iaparamedicos/MIQA_datasets/mri/brain/brain_tumor/Testing/meningioma_tumor/image(13).jpg,image(13).jpg,meningioma,78.84262084960938,5.052980658264633,16.9259033203125,0.19824053347110748,0.20990706980228424,6.353727307229009,0.5517898864676181,0.0,,,,,,
/Users/iaparamedicos/MIQA_datasets/mri/brain/brain_tumor/Testing/meningioma_tumor/image(14).jpg,image(14).jpg,meningioma,72.50208183071136,4.124687725393295,30.30523681640625,0.3587143123149872,0.2778530716896057,6.965082273305827,,,,,,,,
/Users/iaparamedicos/MIQA_datasets/mri/brain/brain_tumor/Testing/meningioma_tumor/image(15).jpg,image(15).jpg,meningioma,62.42818998868115,5.635771501697827,36.9453125,0.324716180562973,0.23641782999038696,7.154779598361136,,0.47238095238095235,,,,,,
/Users/iaparamedicos/MIQA_datasets/mri/brain/brain_tumor/Testing/meningioma_tumor/image(16).jpg,image(16).jpg,meningioma,77.13623046875,3.4936611534903403,18.291015625,0.42809954285621643,0.24556954205036163,7.565387021886181,,,,,,,,
/Users/iaparamedicos/MIQA_datasets/mri/brain/brain_tumor/Testing/meningioma_tumor/image(17).jpg,image(17).jpg,meningioma,61.29450383424084,5.805824424863874,40.86419677734375,0.36235311627388,0.23529238998889923,6.7511184363968315,,,,,,,,
/Users/iaparamedicos/MIQA_datasets/mri/brain/brain_tumor/Testing/meningioma_tumor/image(18).jpg,image(18).jpg,meningioma,59.1761020546997,6.123584691795046,47.8701171875,0.28422051668167114,0.2521434724330902,6.703089819352932,,,,,0.9774112095140927,0.40435564726267476,0.0,
/Users/iaparamedicos/MIQA_datasets/mri/brain/brain_tumor/Testing/meningioma_tumor/image(19).jpg,image(19).jpg,meningioma,67.73712207395508,4.839431688906737,26.22265625,0.3178044557571411,0.19949227571487427,6.779651648876944,,0.8936058700209645,,,,,,
/Users/iaparamedicos/MIQA_datasets/mri/brain/brain_tumor/Testing/meningioma_tumor/image(2).jpg,image(2).jpg,meningioma,56.29967783021244,6.5550483254681335,49.32733154296875,0.273541659116745,0.2202502340078354,6.407571983891922,,0.0,,,,,,
/Users/iaparamedicos/MIQA_datasets/mri/brain/brain_tumor/Testing/meningioma_tumor/image(20).jpg,image(20).jpg,meningioma,64.04808129686333,5.3927878054705,31.9058837890625,0.23166538774967194,0.21136341989040375,5.393769506320556,,,,,,,,
/Users/iaparamedicos/MIQA_datasets/mri/brain/brain_tumor/Testing/meningioma_tumor/image(21).jpg,image(21).jpg,meningioma,62.078643217274234,5.688203517408866,34.48919677734375,0.24681930243968964,0.22153408825397491,6.347783945500865,,,,,,,,
/Users/iaparamedicos/MIQA_datasets/mri/brain/brain_tumor/Testing/meningioma_tumor/image(22).jpg,image(22).jpg,meningioma,65.36105675062424,5.195841487406363,30.29522705078125,0.19927768409252167,0.2372676283121109,5.754666673004529,,0.0,,,,,,
/Users/iaparamedicos/MIQA_datasets/mri/brain/brain_tumor/Testing/meningioma_tumor/image(23).jpg,image(23).jpg,meningioma,60.18499007722327,5.97225148841651,32.596435546875,0.21568912267684937,0.24115419387817383,6.489520374150159,,,,,,,,
/Users/iaparamedicos/MIQA_datasets/mri/brain/brain_tumor/Testing/meningioma_tumor/image(24).jpg,image(24).jpg,meningioma,68.51671860177365,4.722492209733952,35.586181640625,0.29572927951812744,0.24811951816082,6.234235944576254,,0.0,,,,,,
/Users/iaparamedicos/MIQA_datasets/mri/brain/brain_tumor/Testing/meningioma_tumor/image(25).jpg,image(25).jpg,meningioma,47.826457109003165,3.8330597438352982,49.50347900390625,0.20685838162899017,0.2985454499721527,3.8261165687202534,,0.0,,,,,,
/Users/iaparamedicos/MIQA_datasets/mri/brain/brain_tumor/Testing/meningioma_tumor/image(26).jpg,image(26).jpg,meningioma,57.49226036996049,5.069705062557476,52.31146240234375,0.19083252549171448,0.2526193857192993,4.599380829596839,,0.0,,,,,,
/Users/iaparamedicos/MIQA_datasets/mri/brain/brain_tumor/Testing/meningioma_tumor/image(27).jpg,image(27).jpg,meningioma,73.15194495205482,4.027208257191776,19.509521484375,0.2569613754749298,0.323748379945755,5.473721921089073,0.9353525234055492,0.6435655539429124,,,,,,
/Users/iaparamedicos/MIQA_datasets/mri/brain/brain_tumor/Testing/meningioma_tumor/image(28).jpg,image(28).jpg,meningioma,67.23985207769073,4.91402218834639,29.0147705078125,0.28873831033706665,0.32431092858314514,5.745016292722213,0.8924295890981022,0.0,,,,,,
/Users/iaparamedicos/MIQA_datasets/mri/brain/brain_tumor/Testing/meningioma_tumor/image(29).jpg,image(29).jpg,meningioma,62.12203979492188,6.016472326412018,30.3023681640625,0.3552776575088501,0.305657297372818,6.872363306911161,,0.0,,,,,,
/Users/iaparamedicos/MIQA_datasets/mri/brain/brain_tumor/Testing/meningioma_tumor/image(3).jpg,image(3).jpg,meningioma,58.33778381347656,8.102322333935739,33.32977294921875,0.13782234489917755,0.16262292861938477,5.055707991123706,0.29115250383468055,0.0,,,,,,
/Users/iaparamedicos/MIQA_datasets/mri/brain/brain_tumor/Testing/meningioma_tumor/image(30).jpg,image(30).jpg,meningioma,72.3944091796875,5.001199562281782,22.08447265625,0.36594870686531067,0.27400699257850647,6.548276923376354,,,,,,,,
/Users/iaparamedicos/MIQA_datasets/mri/brain/brain_tumor/Testing/meningioma_tumor/image(31).jpg,image(31).jpg,meningioma,77.37332716210089,3.3940009256848658,26.15557861328125,0.3734130859375,0.29598161578178406,7.26890772217153,,,,,,,,
/Users/iaparamedicos/MIQA_datasets/mri/brain/brain_tumor/Testing/meningioma_tumor/image(32).jpg,image(32).jpg,meningioma,65.64559936523438,5.409404420568589,27.4835205078125,0.2401919811964035,0.23901651799678802,5.751695684761662,,0.0,,,,,,
/Users/iaparamedicos/MIQA_datasets/mri/brain/brain_tumor/Testing/meningioma_tumor/image(33).jpg,image(33).jpg,meningioma,70.19667047938078,4.470499428092883,24.974365234375,0.33658522367477417,0.3048929274082184,6.694234888770609,,0.989093082324817,,,,,,
/Users/iaparamedicos/MIQA_datasets/mri/brain/brain_tumor/Testing/meningioma_tumor/image(34).jpg,image(34).jpg,meningioma,62.65897210058916,5.601154184911626,41.849365234375,0.34062668681144714,0.263312429189682,7.05533506199273,,,,,,,,
/Users/iaparamedicos/MIQA_datasets/mri/brain/brain_tumor/Testing/meningioma_tumor/image(35).jpg,image(35).jpg,meningioma,68.44624919548743,4.733062620676887,37.06732177734375,0.32766345143318176,0.2601437568664551,6.755812951441952,,,,,,,,
/Users/iaparamedicos/MIQA_datasets/mri/brain/brain_tumor/Testing/meningioma_tumor/image(36).jpg,image(36).jpg,meningioma,76.06748370185015,4.9004479477515215,17.59619140625,0.2139471471309662,0.22628174722194672,6.085398696148012,,,,,,,,
/Users/iaparamedicos/MIQA_datasets/mri/brain/brain_tumor/Testing/meningioma_tumor/image(37).jpg,image(37).jpg,meningioma,67.93411254882812,5.299020278582691,25.6527099609375,0.33669137954711914,0.2614266276359558,6.930125700336415,,,,,,,,
/Users/iaparamedicos/MIQA_datasets/mri/brain/brain_tumor/Testing/meningioma_tumor/image(38).jpg,image(38).jpg,meningioma,65.92394813863288,5.111407779205067,35.08099365234375,0.38830021023750305,0.2978394329547882,6.620154273314746,,0.0,,,,,,
/Users/iaparamedicos/MIQA_datasets/mri/brain/brain_tumor/Testing/meningioma_tumor/image(39).jpg,image(39).jpg,meningioma,75.89114591661516,3.6163281125077242,26.482421875,0.32270166277885437,0.2466518133878708,7.161974256077387,,,,,,,,
/Users/iaparamedicos/MIQA_datasets/mri/brain/brain_tumor/Testing/meningioma_tumor/image(4).jpg,image(4).jpg,meningioma,65.21631598917565,5.217552601623653,32.95623779296875,0.2868307828903198,0.2771714925765991,6.267342532989689,,,,,,,,
/Users/iaparamedicos/MIQA_datasets/mri/brain/brain_tumor/Testing/meningioma_tumor/image(40).jpg,image(40).jpg,meningioma,74.1871601852025,3.8719259722196235,22.66839599609375,0.3125778138637543,0.25053492188453674,6.8238934848147155,,,,,,,,
/Users/iaparamedicos/MIQA_datasets/mri/brain/brain_tumor/Testing/meningioma_tumor/image(41).jpg,image(41).jpg,meningioma,73.00405012536211,4.049392481195684,24.82421875,0.20962944626808167,0.1754712164402008,6.3287046440068275,,0.0,,,,,,
/Users/iaparamedicos/MIQA_datasets/mri/brain/brain_tumor/Testing/meningioma_tumor/image(42).jpg,image(42).jpg,meningioma,62.86478896470511,5.570281655294234,33.62457275390625,0.3165459632873535,0.17767000198364258,7.034472263659074,,,,,,,,
/Users/iaparamedicos/MIQA_datasets/mri/brain/brain_tumor/Testing/meningioma_tumor/image(43).jpg,image(43).jpg,meningioma,67.1144981170211,4.932825282446833,35.5950927734375,0.18179307878017426,0.13105787336826324,6.2768557371666835,,,,,,,,
/Users/iaparamedicos/MIQA_datasets/mri/brain/brain_tumor/Testing/meningioma_tumor/image(44).jpg,image(44).jpg,meningioma,71.00490238345236,4.349264642482145,29.04388427734375,0.18113459646701813,0.14540889859199524,6.219587027235388,,,,,,,,
/Users/iaparamedicos/MIQA_datasets/mri/brain/brain_tumor/Testing/meningioma_tumor/image(45).jpg,image(45).jpg,meningioma,62.65897210058916,5.601154184911626,41.68109130859375,0.3397184908390045,0.263527512550354,7.048609575608352,,,,,,,,
/Users/iaparamedicos/MIQA_datasets/mri/brain/brain_tumor/Testing/meningioma_tumor/image(46).jpg,image(46).jpg,meningioma,70.19029235507897,4.471456146738156,34.4073486328125,0.3316589295864105,0.2588167190551758,6.800074624860384,,,,,,,,
/Users/iaparamedicos/MIQA_datasets/mri/brain/brain_tumor/Testing/meningioma_tumor/image(47).jpg,image(47).jpg,meningioma,82.1820068359375,4.201095511981902,14.25439453125,0.29249510169029236,0.23043274879455566,6.745721094276066,,,,,,,,
/Users/iaparamedicos/MIQA_datasets/mri/brain/brain_tumor/Testing/meningioma_tumor/image(48).jpg,image(48).jpg,meningioma,92.11639404296875,3.820958706704796,6.306884765625,0.3596319556236267,0.21117810904979706,7.570235874857216,,,,,,,,
/Users/iaparamedicos/MIQA_datasets/mri/brain/brain_tumor/Testing/meningioma_tumor/image(49).jpg,image(49).jpg,meningioma,55.12855529785157,7.650628039451983,35.89715576171875,0.1514742076396942,0.19564774632453918,5.791089937880409,,0.0,,,,,,
/Users/iaparamedicos/MIQA_datasets/mri/brain/brain_tumor/Testing/meningioma_tumor/image(5).jpg,image(5).jpg,meningioma,62.494633447332326,5.625804982900151,32.70770263671875,0.23882167041301727,0.22043460607528687,5.766674205748104,,,,,0.9976662228949509,0.41580191398593336,0.3662420382165605,
/Users/iaparamedicos/MIQA_datasets/mri/brain/brain_tumor/Testing/meningioma_tumor/image(50).jpg,image(50).jpg,meningioma,82.23174640595192,4.277888849620207,13.81011962890625,0.29261094331741333,0.19590242207050323,6.578539712476154,,,,,,,,
/Users/iaparamedicos/MIQA_datasets/mri/brain/brain_tumor/Testing/meningioma_tumor/image(51).jpg,image(51).jpg,meningioma,64.9535416134731,5.256968757979034,30.2557373046875,0.28532829880714417,0.24871507287025452,6.598186502470547,0.3699852119432478,0.0,,,,,,
/Users/iaparamedicos/MIQA_datasets/mri/brain/brain_tumor/Testing/meningioma_tumor/image(52).jpg,image(52).jpg,meningioma,80.62591552734375,4.460624773657146,15.499267578125,0.28509607911109924,0.22661714255809784,6.760296982815364,,,,,,,,
/Users/iaparamedicos/MIQA_datasets/mri/brain/brain_tumor/Testing/meningioma_tumor/image(53).jpg,image(53).jpg,meningioma,77.86575317382812,5.206071637657706,17.7073974609375,0.2705678641796112,0.2259342521429062,6.384990049294739,,0.0,,,,,,
/Users/iaparamedicos/MIQA_datasets/mri/brain/brain_tumor/Testing/meningioma_tumor/image(54).jpg,image(54).jpg,meningioma,64.73976135253906,5.901172427965136,28.20819091796875,0.2656359374523163,0.20111702382564545,7.204927754707038,,0.0,,,,,,
/Users/iaparamedicos/MIQA_datasets/mri/brain/brain_tumor/Testing/meningioma_tumor/image(55).jpg,image(55).jpg,meningioma,78.38458332797606,3.7510315389037543,15.76763916015625,0.23841886222362518,0.24398905038833618,6.270766666238084,,0.4936594202898551,,,,,,
/Users/iaparamedicos/MIQA_datasets/mri/brain/brain_tumor/Testing/meningioma_tumor/image(56).jpg,image(56).jpg,meningioma,40.686862695766656,8.896970595635002,68.50469970703125,0.2062334418296814,0.23824991285800934,5.615097496343681,,0.0,,,,,,
/Users/iaparamedicos/MIQA_datasets/mri/brain/brain_tumor/Testing/meningioma_tumor/image(57).jpg,image(57).jpg,meningioma,42.74821952465171,8.587767071302244,68.6300048828125,0.19196860492229462,0.17658725380897522,6.092293494829146,,,,,,,,
/Users/iaparamedicos/MIQA_datasets/mri/brain/brain_tumor/Testing/meningioma_tumor/image(58).jpg,image(58).jpg,meningioma,56.59405059216438,6.510892411175343,48.46966552734375,0.2758278548717499,0.22215887904167175,6.42116158806244,,0.0,,,,,,
/Users/iaparamedicos/MIQA_datasets/mri/brain/brain_tumor/Testing/meningioma_tumor/image(59).jpg,image(59).jpg,meningioma,69.74763541555194,4.53785468766721,36.66546630859375,0.5402522087097168,0.29255062341690063,7.30642409664836,,,,,,,,
/Users/iaparamedicos/MIQA_datasets/mri/brain/brain_tumor/Testing/meningioma_tumor/image(6).jpg,image(6).jpg,meningioma,82.57262292159146,2.614106561761282,19.610107421875,0.4128115773200989,0.30392640829086304,7.536619750507807,,,,,,,,
/Users/iaparamedicos/MIQA_datasets/mri/brain/brain_tumor/Testing/meningioma_tumor/image(60).jpg,image(60).jpg,meningioma,62.557866233992584,5.616320064901112,37.4384765625,0.34004315733909607,0.20462031662464142,7.0667051400445775,,,,,,,,
/Users/iaparamedicos/MIQA_datasets/mri/brain/brain_tumor/Testing/meningioma_tumor/image(61).jpg,image(61).jpg,meningioma,68.36372794635118,4.7454408080473245,31.3466796875,0.29389873147010803,0.26469898223876953,6.692570311898883,,,,,,,,
/Users/iaparamedicos/MIQA_datasets/mri/brain/brain_tumor/Testing/meningioma_tumor/image(62).jpg,image(62).jpg,meningioma,62.557866233992584,5.616320064901112,37.4384765625,0.34004315733909607,0.20462031662464142,7.0667051400445775,,,,,,,,
/Users/iaparamedicos/MIQA_datasets/mri/brain/brain_tumor/Testing/meningioma_tumor/image(63).jpg,image(63).jpg,meningioma,85.14003726032608,4.8939174544465835,10.24224853515625,0.3958646357059479,0.29914239048957825,6.811202980826087,,0.0,,,,,,
/Users/iaparamedicos/MIQA_datasets/mri/brain/brain_tumor/Testing/meningioma_tumor/image(64).jpg,image(64).jpg,meningioma,80.23520510932104,4.252943248221104,15.6153564453125,0.22380797564983368,0.20575568079948425,6.418816408745683,,,,,,,,
/Users/iaparamedicos/MIQA_datasets/mri/brain/brain_tumor/Testing/meningioma_tumor/image(65).jpg,image(65).jpg,meningioma,63.2837551021193,5.507436734682105,33.10272216796875,0.245669886469841,0.22160665690898895,6.337467728702852,,,,,,,,
/Users/iaparamedicos/MIQA_datasets/mri/brain/brain_tumor/Testing/meningioma_tumor/image(66).jpg,image(66).jpg,meningioma,65.05136304667457,5.242295542998817,30.49981689453125,0.24208857119083405,0.21017184853553772,5.540492452071649,,,,,,,,
/Users/iaparamedicos/MIQA_datasets/mri/brain/brain_tumor/Testing/meningioma_tumor/image(67).jpg,image(67).jpg,meningioma,67.08036080360417,4.937945879459375,31.1502685546875,0.2863316833972931,0.3240131139755249,5.712988317570959,0.8994510781112455,0.0,,,,,,
/Users/iaparamedicos/MIQA_datasets/mri/brain/brain_tumor/Testing/meningioma_tumor/image(68).jpg,image(68).jpg,meningioma,74.24440735727889,3.8633388964081665,27.18170166015625,0.25885704159736633,0.20066998898983002,6.587128788372807,,,,,,,,
/Users/iaparamedicos/MIQA_datasets/mri/brain/brain_tumor/Testing/meningioma_tumor/image(69).jpg,image(69).jpg,meningioma,76.33766174316406,3.563964578020735,18.92987060546875,0.23097547888755798,0.2014332115650177,6.895945396637538,,0.4365010171461784,,,,,,
/Users/iaparamedicos/MIQA_datasets/mri/brain/brain_tumor/Testing/meningioma_tumor/image(7).jpg,image(7).jpg,meningioma,82.32414245605469,3.623013374638377,14.14068603515625,0.3090769052505493,0.25093263387680054,6.994661436543198,,0.4175438596491229,,,,,,
/Users/iaparamedicos/MIQA_datasets/mri/brain/brain_tumor/Testing/meningioma_tumor/image(70).jpg,image(70).jpg,meningioma,81.90658569335938,3.651244608693458,14.4747314453125,0.21920707821846008,0.24256576597690582,6.670855177401297,0.24542158671740205,0.9918056774948785,,,,,,
/Users/iaparamedicos/MIQA_datasets/mri/brain/brain_tumor/Testing/meningioma_tumor/image(71).jpg,image(71).jpg,meningioma,77.38504605127775,3.3922430923083353,26.88165283203125,0.2869279980659485,0.20008595287799835,6.564407734289259,,0.0,,,,,,
/Users/iaparamedicos/MIQA_datasets/mri/brain/brain_tumor/Testing/meningioma_tumor/image(72).jpg,image(72).jpg,meningioma,86.43547058105469,3.330508542446255,10.85162353515625,0.4090971350669861,0.30668655037879944,7.53164996823051,,,,,,,,
/Users/iaparamedicos/MIQA_datasets/mri/brain/brain_tumor/Testing/meningioma_tumor/image(73).jpg,image(73).jpg,meningioma,61.137543786840354,5.829368431973946,36.88079833984375,0.41347721219062805,0.2490970343351364,7.48737365133635,,,,,,,,
/Users/iaparamedicos/MIQA_datasets/mri/brain/brain_tumor/Testing/meningioma_tumor/image(74).jpg,image(74).jpg,meningioma,81.43898358771973,4.639249750300086,14.56427001953125,0.2625139355659485,0.1905561238527298,6.515118687017579,,,,,,,,
/Users/iaparamedicos/MIQA_datasets/mri/brain/brain_tumor/Testing/meningioma_tumor/image(75).jpg,image(75).jpg,meningioma,77.58705139160156,4.258426192152522,17.93035888671875,0.2167358249425888,0.19513097405433655,6.4652129427618075,,,,,,,,
/Users/iaparamedicos/MIQA_datasets/mri/brain/brain_tumor/Testing/meningioma_tumor/image(76).jpg,image(76).jpg,meningioma,66.19343564047196,5.070984653929205,27.856689453125,0.24330689013004303,0.20922262966632843,6.992180761908687,,0.0,,,,,,
/Users/iaparamedicos/MIQA_datasets/mri/brain/brain_tumor/Testing/meningioma_tumor/image(77).jpg,image(77).jpg,meningioma,63.965641525224605,5.40515377121631,29.170654296875,0.36332982778549194,0.25668802857398987,6.482524509605591,,0.0,,,,,,
/Users/iaparamedicos/MIQA_datasets/mri/brain/brain_tumor/Testing/meningioma_tumor/image(78).jpg,image(78).jpg,meningioma,74.7609833326517,3.7858525001022447,22.63604736328125,0.46024245023727417,0.22564373910427094,7.72975450807647,0.6425312963991499,0.0,,,,,,
/Users/iaparamedicos/MIQA_datasets/mri/brain/brain_tumor/Testing/meningioma_tumor/image(79).jpg,image(79).jpg,meningioma,69.77745056152344,5.038044895296989,24.17803955078125,0.30763164162635803,0.2661111652851105,6.467212212757388,,,,,,,,
/Users/iaparamedicos/MIQA_datasets/mri/brain/brain_tumor/Testing/meningioma_tumor/image(8).jpg,image(8).jpg,meningioma,63.482804616064236,5.477579307590363,34.99273681640625,0.15292593836784363,0.13880281150341034,5.884215924039475,,,,,,,,
/Users/iaparamedicos/MIQA_datasets/mri/brain/brain_tumor/Testing/meningioma_tumor/image(80).jpg,image(80).jpg,meningioma,50.36301718842149,7.301453734364015,41.89776611328125,0.20768821239471436,0.2967796325683594,4.029041375073719,,0.0,,,,,,
/Users/iaparamedicos/MIQA_datasets/mri/brain/brain_tumor/Testing/meningioma_tumor/image(81).jpg,image(81).jpg,meningioma,55.95676964101032,6.6064845538484525,36.50439453125,0.11590961366891861,0.17436397075653076,4.7336164846583895,,0.0,,,,,,
/Users/iaparamedicos/MIQA_datasets/mri/brain/brain_tumor/Testing/meningioma_tumor/image(82).jpg,image(82).jpg,meningioma,71.76192613036257,4.235711080445617,28.47027587890625,0.27811434864997864,0.22424201667308807,6.389519951937464,,0.0,,,,,,
/Users/iaparamedicos/MIQA_datasets/mri/brain/brain_tumor/Testing/meningioma_tumor/image(83).jpg,image(83).jpg,meningioma,78.3298984478885,3.250515232816727,22.48193359375,0.24681995809078217,0.19714201986789703,6.934551801581258,0.684510176817415,0.0,,,,,,
/Users/iaparamedicos/MIQA_datasets/mri/brain/brain_tumor/Testing/meningioma_tumor/image(84).jpg,image(84).jpg,meningioma,73.42733824576577,3.9858992631351353,23.21807861328125,0.28555870056152344,0.22910462319850922,7.0213729228977675,,,,,,,,
/Users/iaparamedicos/MIQA_datasets/mri/brain/brain_tumor/Testing/meningioma_tumor/image(85).jpg,image(85).jpg,meningioma,80.5084228515625,4.156814581468982,15.59326171875,0.44822490215301514,0.24732691049575806,7.382908639376542,,,,,,,,
/Users/iaparamedicos/MIQA_datasets/mri/brain/brain_tumor/Testing/meningioma_tumor/image(86).jpg,image(86).jpg,meningioma,74.80735778808594,4.4571744952308,20.15411376953125,0.2398078739643097,0.259860634803772,6.3302321075315096,,0.35416666666666674,,,,,,
/Users/iaparamedicos/MIQA_datasets/mri/brain/brain_tumor/Testing/meningioma_tumor/image(87).jpg,image(87).jpg,meningioma,82.43796840368054,4.503753125686434,9.07867431640625,0.2946091294288635,0.2620832622051239,6.595037472294443,,0.0,,,,,,
/Users/iaparamedicos/MIQA_datasets/mri/brain/brain_tumor/Testing/meningioma_tumor/image(88).jpg,image(88).jpg,meningioma,69.1425884130202,5.08675430082496,21.384033203125,0.2277701050043106,0.2737705111503601,5.531407073041617,,0.0,,,,,,
/Users/iaparamedicos/MIQA_datasets/mri/brain/brain_tumor/Testing/meningioma_tumor/image(89).jpg,image(89).jpg,meningioma,39.6685747813913,8.525083325335755,56.42266845703125,0.09061460942029953,0.19093428552150726,3.1734859825113038,,0.0,,,,,,
/Users/iaparamedicos/MIQA_datasets/mri/brain/brain_tumor/Testing/meningioma_tumor/image(9).jpg,image(9).jpg,meningioma,67.59945743623453,4.86008138456482,31.33612060546875,0.3275962173938751,0.2577826678752899,7.1137031201648995,,,,,,,,
/Users/iaparamedicos/MIQA_datasets/mri/brain/brain_tumor/Testing/meningioma_tumor/image(90).jpg,image(90).jpg,meningioma,85.25647942065675,4.806669022804137,9.77960205078125,0.31758469343185425,0.19972483813762665,6.82051835365254,,0.8788145539906105,,,,,,
/Users/iaparamedicos/MIQA_datasets/mri/brain/brain_tumor/Testing/meningioma_tumor/image(91).jpg,image(91).jpg,meningioma,81.54568421156432,5.8355334133872105,2.613525390625,0.3703247308731079,0.32408663630485535,6.523654736925145,,,,,,,,
/Users/iaparamedicos/MIQA_datasets/mri/brain/brain_tumor/Testing/meningioma_tumor/image(92).jpg,image(92).jpg,meningioma,65.27099609375,6.775213785594739,27.783203125,0.2869213819503784,0.32096976041793823,6.003151945874704,,0.0,,,,,,
/Users/iaparamedicos/MIQA_datasets/mri/brain/brain_tumor/Testing/meningioma_tumor/image(93).jpg,image(93).jpg,meningioma,70.39178173750422,4.441232739374366,25.68341064453125,0.34393444657325745,0.3029250502586365,5.984661133624768,,0.0,,,,,,
/Users/iaparamedicos/MIQA_datasets/mri/brain/brain_tumor/Testing/meningioma_tumor/image(94).jpg,image(94).jpg,meningioma,72.22618103027344,4.870372072077346,22.21905517578125,0.2875490188598633,0.2742707133293152,5.976265987075395,,0.0,,,,,,
/Users/iaparamedicos/MIQA_datasets/mri/brain/brain_tumor/Testing/meningioma_tumor/image(95).jpg,image(95).jpg,meningioma,68.9647823101969,3.9457659977670096,33.59661865234375,0.18156856298446655,0.24431870877742767,5.517182584815751,,0.365925925925926,,,,,,
/Users/iaparamedicos/MIQA_datasets/mri/brain/brain_tumor/Testing/meningioma_tumor/image(96).jpg,image(96).jpg,meningioma,73.78891556537414,7.617425380278212,16.66973876953125,0.17368978261947632,0.186270609498024,5.903113245229931,,,,,,,,
/Users/iaparamedicos/MIQA_datasets/mri/brain/brain_tumor/Testing/meningioma_tumor/image(97).jpg,image(97).jpg,meningioma,83.29669756675379,5.272125528184147,8.21905517578125,0.2957250475883484,0.278951495885849,6.663735805340304,,0.0,,,,,,
/Users/iaparamedicos/MIQA_datasets/mri/brain/brain_tumor/Testing/meningioma_tumor/image(98).jpg,image(98).jpg,meningioma,72.10649199909673,5.437176964081213,8.533447265625,0.23195062577724457,0.26033443212509155,5.768519359927739,,0.49916704528244726,,,,,,
/Users/iaparamedicos/MIQA_datasets/mri/brain/brain_tumor/Testing/meningioma_tumor/image(99).jpg,image(99).jpg,meningioma,59.91047227257392,5.988112551606283,47.439697265625,0.19754643738269806,0.25040894746780396,4.792837781805914,0.1593808893112003,0.0,,,,,,
/Users/iaparamedicos/MIQA_datasets/mri/brain/brain_tumor/Testing/meningioma_tumor/image.jpg,image.jpg,meningioma,64.28349911690081,5.357475132464877,29.16265869140625,0.22769786417484283,0.23859335482120514,5.5854000504779435,,0.0,,,,,,
/Users/iaparamedicos/MIQA_datasets/mri/brain/brain_tumor/Testing/no_tumor/image(1).jpg,image(1).jpg,no_tumor,52.7777247896795,5.917353318592622,44.22491455078125,0.22227899730205536,0.31271958351135254,4.22221798317436,0.36482979493839296,0.7513270722743978,,,,,,
/Users/iaparamedicos/MIQA_datasets/mri/brain/brain_tumor/Testing/no_tumor/image(10).jpg,image(10).jpg,no_tumor,76.31778578494142,4.312259559983988,9.198974609375,0.2238501012325287,0.1879860758781433,6.105422862795314,0.45557265719576934,0.0,,,,,,
/Users/iaparamedicos/MIQA_datasets/mri/brain/brain_tumor/Testing/no_tumor/image(100).jpg,image(100).jpg,no_tumor,49.69767016008018,3.8604082783033773,40.80419921875,0.2198902815580368,0.28946879506111145,3.975813612806414,,0.0,,,,,,
/Users/iaparamedicos/MIQA_datasets/mri/brain/brain_tumor/Testing/no_tumor/image(101).jpg,image(101).jpg,no_tumor,63.94760131835937,8.49586383806524,28.8419189453125,0.19819578528404236,0.22477495670318604,6.159680326962259,,0.0,,,,,,
/Users/iaparamedicos/MIQA_datasets/mri/brain/brain_tumor/Testing/no_tumor/image(102).jpg,image(102).jpg,no_tumor,60.93307759785491,5.283451960749415,45.71435546875,0.11735820025205612,0.20771320164203644,4.874646207828393,0.8602518282389067,0.0,,,,,,
/Users/iaparamedicos/MIQA_datasets/mri/brain/brain_tumor/Testing/no_tumor/image(103).jpg,image(103).jpg,no_tumor,71.01270844690536,4.497255735011423,11.73175048828125,0.2115391492843628,0.2499665915966034,5.68101667575243,,0.3548085901027076,,,,,,
/Users/iaparamedicos/MIQA_datasets/mri/brain/brain_tumor/Testing/no_tumor/image(104).jpg,image(104).jpg,no_tumor,72.30610461100319,4.154084308349521,16.988525390625,0.1462763249874115,0.1639777272939682,5.590507065173294,,0.0,,,,,,
/Users/iaparamedicos/MIQA_datasets/mri/brain/brain_tumor/Testing/no_tumor/image(11).jpg,image(11).jpg,no_tumor,66.85540349199613,4.9716894762005825,23.37396240234375,0.16668188571929932,0.19117912650108337,5.2669518325606,0.19415180154503306,0.0,,,,,,
/Users/iaparamedicos/MIQA_datasets/mri/brain/brain_tumor/Testing/no_tumor/image(12).jpg,image(12).jpg,no_tumor,80.1054934991561,2.9841759751265844,26.52752685546875,0.30047890543937683,0.3195820450782776,6.444883868298889,,0.0,,,,,,
/Users/iaparamedicos/MIQA_datasets/mri/brain/brain_tumor/Testing/no_tumor/image(13).jpg,image(13).jpg,no_tumor,73.94805908203125,7.152581379242113,20.841552734375,0.37429141998291016,0.3242701590061188,6.291535144296104,,,,,,,,
/Users/iaparamedicos/MIQA_datasets/mri/brain/brain_tumor/Testing/no_tumor/image(14).jpg,image(14).jpg,no_tumor,76.10136305147819,5.706694032766265,16.85211181640625,0.3509564995765686,0.3001222312450409,6.088109044118255,,,,,,,,
/Users/iaparamedicos/MIQA_datasets/mri/brain/brain_tumor/Testing/no_tumor/image(15).jpg,image(15).jpg,no_tumor,64.52405597486892,5.321391603769661,17.690673828125,0.26631638407707214,0.32690274715423584,4.629051286017738,0.5064458879837999,0.49680141554375934,,,,,,
/Users/iaparamedicos/MIQA_datasets/mri/brain/brain_tumor/Testing/no_tumor/image(16).jpg,image(16).jpg,no_tumor,64.80913564329978,5.278629653505033,26.03948974609375,0.247976616024971,0.32721370458602905,4.348670630612634,0.6192841336827986,0.0,,,,,,
/Users/iaparamedicos/MIQA_datasets/mri/brain/brain_tumor/Testing/no_tumor/image(17).jpg,image(17).jpg,no_tumor,76.3775634765625,3.8706072504971116,18.89794921875,0.30723774433135986,0.21384797990322113,7.322826839229849,0.9924177446079728,0.3984997655883732,,,,,,
/Users/iaparamedicos/MIQA_datasets/mri/brain/brain_tumor/Testing/no_tumor/image(18).jpg,image(18).jpg,no_tumor,68.8991688174328,4.66512467738508,40.52435302734375,0.351705402135849,0.24868829548358917,6.702692432813989,,0.0,,,,,,
/Users/iaparamedicos/MIQA_datasets/mri/brain/brain_tumor/Testing/no_tumor/image(19).jpg,image(19).jpg,no_tumor,73.70610866026516,4.558956265588384,11.8394775390625,0.21313899755477905,0.18388117849826813,5.896488692821213,0.6052128901856038,0.9397032802504424,,,,,,
/Users/iaparamedicos/MIQA_datasets/mri/brain/brain_tumor/Testing/no_tumor/image(2).jpg,image(2).jpg,no_tumor,54.002227783203125,5.154588533046432,36.7982177734375,0.17283910512924194,0.22729231417179108,4.187126363275494,0.1630603359091768,0.4626800523788739,,,,,,
/Users/iaparamedicos/MIQA_datasets/mri/brain/brain_tumor/Testing/no_tumor/image(20).jpg,image(20).jpg,no_tumor,77.63659913405037,3.379341590659831,12.74285888671875,0.25223520398139954,0.1658034473657608,6.210927930724029,0.512004562268902,0.0,,,,,,
/Users/iaparamedicos/MIQA_datasets/mri/brain/brain_tumor/Testing/no_tumor/image(21).jpg,image(21).jpg,no_tumor,74.16427612304688,3.83318816567883,20.6685791015625,0.18385933339595795,0.1955338418483734,5.321762533381794,0.18061753761184127,0.6628555873145501,,,,,,
/Users/iaparamedicos/MIQA_datasets/mri/brain/brain_tumor/Testing/no_tumor/image(22).jpg,image(22).jpg,no_tumor,74.912687802802,3.9704403297071207,17.14117431640625,0.21606218814849854,0.18000569939613342,5.993015024224159,0.5615207101092751,0.5629897528631705,,,,,,
/Users/iaparamedicos/MIQA_datasets/mri/brain/brain_tumor/Testing/no_tumor/image(23).jpg,image(23).jpg,no_tumor,53.18269085401934,7.022596371897099,43.28179931640625,0.20899416506290436,0.2432309240102768,4.518620413742119,0.2491920050040193,0.0,,,,,,
/Users/iaparamedicos/MIQA_datasets/mri/brain/brain_tumor/Testing/no_tumor/image(24).jpg,image(24).jpg,no_tumor,58.22395324707031,4.452498590817172,33.42083740234375,0.15013524889945984,0.1850423514842987,4.547677419529263,0.21263288187209076,0.4687627603103306,,,,,,
/Users/iaparamedicos/MIQA_datasets/mri/brain/brain_tumor/Testing/no_tumor/image(25).jpg,image(25).jpg,no_tumor,73.15904198344582,4.2801674172415884,12.54541015625,0.17823415994644165,0.17255043983459473,5.852723358675665,0.7397056515103633,0.7084166111481235,,,,,,
/Users/iaparamedicos/MIQA_datasets/mri/brain/brain_tumor/Testing/no_tumor/image(26).jpg,image(26).jpg,no_tumor,60.55049131134531,4.109781527914088,39.18035888671875,0.1452275812625885,0.1759045422077179,4.844039304907625,,0.37037037037037035,,,,,,
/Users/iaparamedicos/MIQA_datasets/mri/brain/brain_tumor/Testing/no_tumor/image(27).jpg,image(27).jpg,no_tumor,78.15670660407257,3.276494009389114,15.73822021484375,0.2605433762073517,0.15863275527954102,6.194014709813186,,0.46875,,,,,,
/Users/iaparamedicos/MIQA_datasets/mri/brain/brain_tumor/Testing/no_tumor/image(28).jpg,image(28).jpg,no_tumor,83.56610575083789,3.872794926571678,9.78948974609375,0.36421167850494385,0.25751104950904846,6.6852884600670315,0.4234118040086685,0.0,,,,,,
/Users/iaparamedicos/MIQA_datasets/mri/brain/brain_tumor/Testing/no_tumor/image(29).jpg,image(29).jpg,no_tumor,64.85943804778385,4.362031748240732,30.1956787109375,0.17696517705917358,0.21118642389774323,5.188755043822709,0.19464022027364242,0.0,,,,,,
/Users/iaparamedicos/MIQA_datasets/mri/brain/brain_tumor/Testing/no_tumor/image(3).jpg,image(3).jpg,no_tumor,65.91463438133238,5.112804842800144,31.5433349609375,0.23373031616210938,0.19667460024356842,6.524036798206682,,,,,,,,
/Users/iaparamedicos/MIQA_datasets/mri/brain/brain_tumor/Testing/no_tumor/image(30).jpg,image(30).jpg,no_tumor,67.0497852764782,4.942532208528269,12.17315673828125,0.12701654434204102,0.1635672152042389,5.345822893302659,,0.0,,,,,,
/Users/iaparamedicos/MIQA_datasets/mri/brain/brain_tumor/Testing/no_tumor/image(31).jpg,image(31).jpg,no_tumor,51.20069350732037,4.312182563760982,43.05816650390625,0.08300194889307022,0.16104963421821594,4.09605548058563,0.00957144004287648,0.0,,,,,,
/Users/iaparamedicos/MIQA_datasets/mri/brain/brain_tumor/Testing/no_tumor/image(32).jpg,image(32).jpg,no_tumor,73.23593139648438,6.750267722270823,21.4112548828125,0.26796311140060425,0.2645277678966522,5.9995971066815805,0.5703737794525494,0.4703400347480765,,,,,,
/Users/iaparamedicos/MIQA_datasets/mri/brain/brain_tumor/Testing/no_tumor/image(33).jpg,image(33).jpg,no_tumor,76.31778578494142,4.312259559983988,9.198974609375,0.2238501012325287,0.1879860758781433,6.105422862795314,0.45557265719576934,0.0,,,,,,
/Users/iaparamedicos/MIQA_datasets/mri/brain/brain_tumor/Testing/no_tumor/image(34).jpg,image(34).jpg,no_tumor,73.91570646238293,3.912644030642561,22.2017822265625,0.1978924423456192,0.235963836312294,6.161519522696338,,0.0,,,,,,
/Users/iaparamedicos/MIQA_datasets/mri/brain/brain_tumor/Testing/no_tumor/image(35).jpg,image(35).jpg,no_tumor,62.841725309272675,6.1658932436084015,12.7391357421875,0.1738317757844925,0.18770894408226013,5.027338024741814,,0.0,,,,,,
/Users/iaparamedicos/MIQA_datasets/mri/brain/brain_tumor/Testing/no_tumor/image(36).jpg,image(36).jpg,no_tumor,77.32427869643587,5.115494640921102,15.1658935546875,0.35779276490211487,0.2987756133079529,6.185942295714869,,,,,,,,
/Users/iaparamedicos/MIQA_datasets/mri/brain/brain_tumor/Testing/no_tumor/image(37).jpg,image(37).jpg,no_tumor,62.37019497909241,5.644470753136138,27.19061279296875,0.1625041961669922,0.153273344039917,4.233005546427754,0.6216755064267794,0.0,,,,,,
/Users/iaparamedicos/MIQA_datasets/mri/brain/brain_tumor/Testing/no_tumor/image(38).jpg,image(38).jpg,no_tumor,57.33991931797951,6.399012102303075,42.52239990234375,0.28930601477622986,0.31358644366264343,5.279561801998765,0.7318420843397607,0.0,,,,,,
/Users/iaparamedicos/MIQA_datasets/mri/brain/brain_tumor/Testing/no_tumor/image(39).jpg,image(39).jpg,no_tumor,64.67411426635472,4.61729207891056,30.0823974609375,0.17655092477798462,0.21114440262317657,5.173929141308378,,0.0,,,,,,
/Users/iaparamedicos/MIQA_datasets/mri/brain/brain_tumor/Testing/no_tumor/image(4).jpg,image(4).jpg,no_tumor,69.82779022004841,4.525831466992738,13.9295654296875,0.10031798481941223,0.10366091132164001,5.2303009300681484,,,,,,,,
/Users/iaparamedicos/MIQA_datasets/mri/brain/brain_tumor/Testing/no_tumor/image(40).jpg,image(40).jpg,no_tumor,78.24495011697947,3.2632574824530796,19.54803466796875,0.41454634070396423,0.29429590702056885,7.329250941821772,,,,,,,,
/Users/iaparamedicos/MIQA_datasets/mri/brain/brain_tumor/Testing/no_tumor/image(41).jpg,image(41).jpg,no_tumor,69.68761789601632,4.546857315597553,23.9205322265625,0.21998736262321472,0.2779219150543213,4.663520632309378,0.6484123657265984,0.6293725330066693,,,,,,
/Users/iaparamedicos/MIQA_datasets/mri/brain/brain_tumor/Testing/no_tumor/image(42).jpg,image(42).jpg,no_tumor,67.70896911621094,4.8351778432903645,25.83282470703125,0.15912003815174103,0.21747517585754395,4.436756652243303,,0.959622752726201,,,,,,
/Users/iaparamedicos/MIQA_datasets/mri/brain/brain_tumor/Testing/no_tumor/image(43).jpg,image(43).jpg,no_tumor,74.05307676405235,6.493674260283358,19.08270263671875,0.31291043758392334,0.3020603656768799,5.924246141124188,,,,,,,,
/Users/iaparamedicos/MIQA_datasets/mri/brain/brain_tumor/Testing/no_tumor/image(44).jpg,image(44).jpg,no_tumor,72.07648186199272,5.4985390112612595,9.29217529296875,0.32333123683929443,0.30940550565719604,5.766118548959417,,,,,,,,
/Users/iaparamedicos/MIQA_datasets/mri/brain/brain_tumor/Testing/no_tumor/image(45).jpg,image(45).jpg,no_tumor,64.80913564329978,5.278629653505033,26.03948974609375,0.247976616024971,0.32721370458602905,4.348670630612634,0.6192841336827986,0.0,,,,,,
/Users/iaparamedicos/MIQA_datasets/mri/brain/brain_tumor/Testing/no_tumor/image(46).jpg,image(46).jpg,no_tumor,68.05003443268394,5.707842704482759,10.36041259765625,0.1975502073764801,0.16731591522693634,5.444002754614716,0.8082390224374978,0.0,,,,,,
/Users/iaparamedicos/MIQA_datasets/mri/brain/brain_tumor/Testing/no_tumor/image(47).jpg,image(47).jpg,no_tumor,64.83032098858914,4.362031748240732,31.186767578125,0.17594535648822784,0.21105551719665527,5.18642567908713,,0.0,,,,,,
/Users/iaparamedicos/MIQA_datasets/mri/brain/brain_tumor/Testing/no_tumor/image(48).jpg,image(48).jpg,no_tumor,65.82351684570312,5.01558778326601,27.3411865234375,0.15911220014095306,0.2174542099237442,4.415416962546638,,0.9375184202770409,,,,,,
/Users/iaparamedicos/MIQA_datasets/mri/brain/brain_tumor/Testing/no_tumor/image(49).jpg,image(49).jpg,no_tumor,64.52405597486892,5.321391603769661,17.690673828125,0.26631638407707214,0.32690274715423584,4.629051286017738,0.5064458879837999,0.49680141554375934,,,,,,
/Users/iaparamedicos/MIQA_datasets/mri/brain/brain_tumor/Testing/no_tumor/image(5).jpg,image(5).jpg,no_tumor,68.80634721003638,4.92750795891231,20.1717529296875,0.18418057262897491,0.2095327079296112,5.50450777680291,0.5540422789242089,0.7125099783327631,,,,,,
/Users/iaparamedicos/MIQA_datasets/mri/brain/brain_tumor/Testing/no_tumor/image(50).jpg,image(50).jpg,no_tumor,68.05003443268394,5.707842704482759,10.36041259765625,0.1975502073764801,0.16731591522693634,5.444002754614716,0.8082390224374978,0.0,,,,,,
/Users/iaparamedicos/MIQA_datasets/mri/brain/brain_tumor/Testing/no_tumor/image(51).jpg,image(51).jpg,no_tumor,70.75918119574843,5.343843568244096,17.77349853515625,0.3337689936161041,0.3150588274002075,5.660734495659874,,,,,,,,
/Users/iaparamedicos/MIQA_datasets/mri/brain/brain_tumor/Testing/no_tumor/image(52).jpg,image(52).jpg,no_tumor,69.68761789601632,4.546857315597553,23.9205322265625,0.21998736262321472,0.2779219150543213,4.663520632309378,0.6484123657265984,0.6293725330066693,,,,,,
/Users/iaparamedicos/MIQA_datasets/mri/brain/brain_tumor/Testing/no_tumor/image(53).jpg,image(53).jpg,no_tumor,64.52405597486892,5.321391603769661,17.690673828125,0.26631638407707214,0.32690274715423584,4.629051286017738,0.5064458879837999,0.49680141554375934,,,,,,
/Users/iaparamedicos/MIQA_datasets/mri/brain/brain_tumor/Testing/no_tumor/image(54).jpg,image(54).jpg,no_tumor,68.05003443268394,5.707842704482759,10.36041259765625,0.1975502073764801,0.16731591522693634,5.444002754614716,0.8082390224374978,0.0,,,,,,
/Users/iaparamedicos/MIQA_datasets/mri/brain/brain_tumor/Testing/no_tumor/image(55).jpg,image(55).jpg,no_tumor,64.80913564329978,5.278629653505033,26.03948974609375,0.247976616024971,0.32721370458602905,4.348670630612634,0.6192841336827986,0.0,,,,,,
/Users/iaparamedicos/MIQA_datasets/mri/brain/brain_tumor/Testing/no_tumor/image(56).jpg,image(56).jpg,no_tumor,51.23062197906727,7.315406703139909,58.609375,0.24120736122131348,0.32072997093200684,4.240053229708243,0.5336174626184781,0.0,,,,,,
/Users/iaparamedicos/MIQA_datasets/mri/brain/brain_tumor/Testing/no_tumor/image(57).jpg,image(57).jpg,no_tumor,78.00806763565846,5.660172198724292,14.60906982421875,0.36159613728523254,0.2980859577655792,6.240645410852677,,,,,,,,
/Users/iaparamedicos/MIQA_datasets/mri/brain/brain_tumor/Testing/no_tumor/image(58).jpg,image(58).jpg,no_tumor,61.417958919432266,6.790921210796211,28.04962158203125,0.3122505247592926,0.35056933760643005,4.913436713554582,0.7088516845352201,0.0,,,,,,
/Users/iaparamedicos/MIQA_datasets/mri/brain/brain_tumor/Testing/no_tumor/image(59).jpg,image(59).jpg,no_tumor,73.094482421875,6.799827983973589,21.5244140625,0.3144491910934448,0.30204740166664124,5.929803070579012,,,,,,,,
/Users/iaparamedicos/MIQA_datasets/mri/brain/brain_tumor/Testing/no_tumor/image(6).jpg,image(6).jpg,no_tumor,64.35046033819467,4.61729207891056,29.2489013671875,0.17504464089870453,0.21084634959697723,5.148036827055574,,0.0,,,,,,
/Users/iaparamedicos/MIQA_datasets/mri/brain/brain_tumor/Testing/no_tumor/image(60).jpg,image(60).jpg,no_tumor,64.80913564329978,5.278629653505033,26.03948974609375,0.247976616024971,0.32721370458602905,4.348670630612634,0.6192841336827986,0.0,,,,,,
/Users/iaparamedicos/MIQA_datasets/mri/brain/brain_tumor/Testing/no_tumor/image(61).jpg,image(61).jpg,no_tumor,74.912687802802,3.9704403297071207,17.14117431640625,0.21606218814849854,0.18000569939613342,5.993015024224159,0.5615207101092751,0.5629897528631705,,,,,,
/Users/iaparamedicos/MIQA_datasets/mri/brain/brain_tumor/Testing/no_tumor/image(62).jpg,image(62).jpg,no_tumor,78.33281855307013,5.744270177369193,15.71807861328125,0.3658809959888458,0.29582443833351135,6.26662548424561,,,,,,,,
/Users/iaparamedicos/MIQA_datasets/mri/brain/brain_tumor/Testing/no_tumor/image(63).jpg,image(63).jpg,no_tumor,65.38054702202058,4.362031748240732,30.96881103515625,0.17897187173366547,0.21164284646511078,5.230443761761647,,0.0,,,,,,
/Users/iaparamedicos/MIQA_datasets/mri/brain/brain_tumor/Testing/no_tumor/image(64).jpg,image(64).jpg,no_tumor,73.23593139648438,6.750267722270823,21.4112548828125,0.26796311140060425,0.2645277678966522,5.9995971066815805,0.5703737794525494,0.4703400347480765,,,,,,
/Users/iaparamedicos/MIQA_datasets/mri/brain/brain_tumor/Testing/no_tumor/image(65).jpg,image(65).jpg,no_tumor,80.86586790284994,2.5539137586451814,23.35675048828125,0.3066379129886627,0.32250165939331055,6.469269432227995,,0.0,,,,,,
/Users/iaparamedicos/MIQA_datasets/mri/brain/brain_tumor/Testing/no_tumor/image(66).jpg,image(66).jpg,no_tumor,76.31778578494142,4.312259559983988,9.198974609375,0.2238501012325287,0.1879860758781433,6.105422862795314,0.45557265719576934,0.0,,,,,,
/Users/iaparamedicos/MIQA_datasets/mri/brain/brain_tumor/Testing/no_tumor/image(67).jpg,image(67).jpg,no_tumor,64.52405597486892,5.321391603769661,17.690673828125,0.26631638407707214,0.32690274715423584,4.629051286017738,0.5064458879837999,0.49680141554375934,,,,,,
/Users/iaparamedicos/MIQA_datasets/mri/brain/brain_tumor/Testing/no_tumor/image(68).jpg,image(68).jpg,no_tumor,51.20069350732037,4.312182563760982,43.05816650390625,0.08300194889307022,0.16104963421821594,4.09605548058563,0.00957144004287648,0.0,,,,,,
/Users/iaparamedicos/MIQA_datasets/mri/brain/brain_tumor/Testing/no_tumor/image(69).jpg,image(69).jpg,no_tumor,74.16427612304688,3.83318816567883,20.6685791015625,0.18385933339595795,0.1955338418483734,5.321762533381794,0.18061753761184127,0.6628555873145501,,,,,,
/Users/iaparamedicos/MIQA_datasets/mri/brain/brain_tumor/Testing/no_tumor/image(7).jpg,image(7).jpg,no_tumor,68.36469582720656,4.745295625919017,12.4586181640625,0.12701228260993958,0.16358017921447754,5.364624409914008,,0.0,,,,,,
/Users/iaparamedicos/MIQA_datasets/mri/brain/brain_tumor/Testing/no_tumor/image(70).jpg,image(70).jpg,no_tumor,58.22395324707031,4.452498590817172,33.42083740234375,0.15013524889945984,0.1850423514842987,4.547677419529263,0.21263288187209076,0.4687627603103306,,,,,,
/Users/iaparamedicos/MIQA_datasets/mri/brain/brain_tumor/Testing/no_tumor/image(71).jpg,image(71).jpg,no_tumor,74.912687802802,3.9704403297071207,17.14117431640625,0.21606218814849854,0.18000569939613342,5.993015024224159,0.5615207101092751,0.5629897528631705,,,,,,
/Users/iaparamedicos/MIQA_datasets/mri/brain/brain_tumor/Testing/no_tumor/image(72).jpg,image(72).jpg,no_tumor,77.79244106061178,3.379341590659831,12.6337890625,0.25341951847076416,0.16529427468776703,6.223395284848942,,0.0,,,,,,
/Users/iaparamedicos/MIQA_datasets/mri/brain/brain_tumor/Testing/no_tumor/image(73).jpg,image(73).jpg,no_tumor,73.15904198344582,4.2801674172415884,12.54541015625,0.17823415994644165,0.17255043983459473,5.852723358675665,0.7397056515103633,0.7084166111481235,,,,,,
/Users/iaparamedicos/MIQA_datasets/mri/brain/brain_tumor/Testing/no_tumor/image(74).jpg,image(74).jpg,no_tumor,60.407648048482756,3.9778492205680434,40.3651123046875,0.144119530916214,0.17566269636154175,4.83261184387862,,0.3928866832092639,,,,,,
/Users/iaparamedicos/MIQA_datasets/mri/brain/brain_tumor/Testing/no_tumor/image(75).jpg,image(75).jpg,no_tumor,65.82351684570312,5.01558778326601,27.3411865234375,0.15911220014095306,0.2174542099237442,4.415416962546638,,0.9375184202770409,,,,,,
/Users/iaparamedicos/MIQA_datasets/mri/brain/brain_tumor/Testing/no_tumor/image(76).jpg,image(76).jpg,no_tumor,80.8654125500922,2.5539137586451814,25.005615234375,0.306597501039505,0.3224943280220032,6.469233004007377,,0.0,,,,,,
/Users/iaparamedicos/MIQA_datasets/mri/brain/brain_tumor/Testing/no_tumor/image(77).jpg,image(77).jpg,no_tumor,77.85802283090766,3.321296575363851,16.0860595703125,0.25931376218795776,0.15924859046936035,6.185070930378094,,0.47470238095238093,,,,,,
/Users/iaparamedicos/MIQA_datasets/mri/brain/brain_tumor/Testing/no_tumor/image(78).jpg,image(78).jpg,no_tumor,78.59513283593952,5.714112764571317,5.496337890625,0.17128506302833557,0.16886499524116516,6.287610626875162,0.7336444334165064,0.0,,,,,,
/Users/iaparamedicos/MIQA_datasets/mri/brain/brain_tumor/Testing/no_tumor/image(79).jpg,image(79).jpg,no_tumor,62.37019497909241,5.644470753136138,27.19061279296875,0.1625041961669922,0.153273344039917,4.233005546427754,0.6216755064267794,0.0,,,,,,
/Users/iaparamedicos/MIQA_datasets/mri/brain/brain_tumor/Testing/no_tumor/image(8).jpg,image(8).jpg,no_tumor,66.49330139160156,4.8351778432903645,26.80535888671875,0.15499518811702728,0.21598012745380402,4.362648547018426,,0.9458689458689459,,,,,,
/Users/iaparamedicos/MIQA_datasets/mri/brain/brain_tumor/Testing/no_tumor/image(80).jpg,image(80).jpg,no_tumor,57.92486896195101,5.990379511408077,44.6756591796875,0.1613299399614334,0.21974869072437286,4.633989516956081,0.31882145604377504,0.0,,,,,,
/Users/iaparamedicos/MIQA_datasets/mri/brain/brain_tumor/Testing/no_tumor/image(81).jpg,image(81).jpg,no_tumor,76.31778578494142,4.312259559983988,9.198974609375,0.2238501012325287,0.1879860758781433,6.105422862795314,0.45557265719576934,0.0,,,,,,
