u_niqe,u_brisque,a_rx_chest.lung_symmetry,a_rx_chest.inspiration_index,a_rx_chest.mediastinum_width,a_rx_chest.rotation_angle,img_mean,img_std,img_entropy,a_rx_skull.penetration_index,a_rx_skull.sinus_air_score,score,deg_type,severity
6.648334191446586,21.66339111328125,0.9909128993881748,0.4218407346491228,0.27734375,0.0,0.5080626606941223,0.35092419385910034,6.859628256854135,0.0,0.0,72.92076110839844,original,0.0
5.79105664039334,11.0355224609375,0.9729921932417426,0.41371984649122806,0.2734375,0.0,0.5080682635307312,0.3474045395851135,7.063736007863377,0.0,0.0,81.75235419720092,rotation,0.11133106816568039
5.0852048342819485,13.06964111328125,0.992275751659726,0.4114583333333333,0.2734375,0.0,0.460283100605011,0.3624734878540039,6.85836825061179,0.0,0.0,72.66177587363367,scale,0.27502931836911926
8.1849922462966,27.651611328125,0.9907799500523972,0.40059621710526316,0.28125,0.0,0.507790207862854,0.35188788175582886,6.859802348021839,0.0,0.0,59.853968698837996,noise_salt_pepper,0.1395379285251439
3.6350588070217404,8.16796875,0.0,0.0,0.0,0.0,0.6177201867103577,0.2832809388637543,7.181705357680956,0.0,0.0,89.77131697101196,original,0.0
6.6568190688223,35.43463134765625,0.0,0.0,0.0,0.0,0.6005566716194153,0.26764559745788574,7.359115371673909,0.0,0.0,28.63873131851323,blur_motion,0.6766994874229113
3.593761310500012,8.43084716796875,0.0,0.0,0.0,0.0,0.543880820274353,0.2548592686653137,7.569672810696696,0.0,0.0,67.64677969010506,vignetting,0.5453665337483498
4.652700185239876,20.12164306640625,0.0,0.0,0.0,0.0,0.7242364287376404,0.321941077709198,5.951814852827816,0.0,0.0,57.52081287293689,brightness_bright,0.4219218196852704
7.137254493302326,35.334228515625,0.0,0.0,0.0,0.0,0.3490051329135895,0.38961681723594666,5.256157406076351,0.20569066267821423,0.0,55.83221435546874,original,0.0
6.796454482949054,34.909423828125,0.0,0.0,0.0,0.0,0.34843480587005615,0.3832087814807892,5.871856554465651,0.2043276350112201,0.0,52.61541062038005,blur_gaussian,0.09369523986159245
12.417605161491235,72.93963623046875,0.0,0.0,0.0,0.0,0.35138073563575745,0.39207181334495544,5.223166353933468,0.21619732479122888,0.0,0.0,noise_salt_pepper,0.5053552881033624
11.601679022487389,75.4569091796875,0.0,0.0,0.0,0.0,0.3509996235370636,0.37012043595314026,6.4982720328735155,0.20588843803300494,0.0,0.20567066587288707,blur_gaussian,0.561245062938613
4.528693793452499,12.81268310546875,0.0,0.0,0.0,0.0,0.6923145651817322,0.2544340491294861,7.129473114323572,0.0,0.0,83.98414611816406,original,0.0
4.798522796187847,4.7047119140625,0.0,0.0,0.0,0.0,0.6824942827224731,0.2566955089569092,7.340547635721964,0.0,0.0,65.76146793534363,scale,0.6498844377795232
4.71849759194889,13.62060546875,0.0,0.0,0.0,0.0,0.6319141983985901,0.30373242497444153,7.025372355932926,0.0,0.0,66.19345032559615,brightness_dark,0.41951982096165874
5.934808330969077,37.1771240234375,0.0,0.0,0.0,0.0,0.747435450553894,0.339785099029541,5.112860275429875,0.0,0.0,36.863983771836466,contrast_high,0.5892656838759087
4.398802722267208,13.75616455078125,0.0,0.0,0.0,0.0,0.6991223096847534,0.2518121302127838,7.104342524577197,0.0,0.0,82.80479431152344,original,0.0
4.326380691778471,20.30303955078125,0.0,0.0,0.0,0.0,0.7206133008003235,0.25524961948394775,6.904212043714107,0.0,0.0,39.849187729806076,ring_artifact,0.869300320792934
4.359525185777827,19.28759765625,0.0,0.0,0.0,0.0,0.7035368084907532,0.26115623116493225,7.086507413551755,0.0,0.0,43.65773285637518,ring_artifact,0.8058192518328079
4.505816942573424,5.4051513671875,0.0,0.0,0.0,0.0,0.6753003001213074,0.27442148327827454,7.261922732991157,0.0,0.0,73.86945823624936,scale,0.42261439815350255
5.282920183774714,12.1641845703125,0.0,0.0,0.0,0.0,0.7056235074996948,0.24830269813537598,7.129560571086415,0.0,0.0,84.79476928710938,original,0.0
4.637902595817399,15.5478515625,0.0,0.0,0.0,0.0,0.7051745653152466,0.24836070835590363,7.38183535397438,0.0,0.0,74.34600555440373,noise_speckle,0.15547949981178155
5.15086402982654,14.112548828125,0.0,0.0,0.0,0.0,0.7032808661460876,0.2670534551143646,7.360425738272631,0.0,0.0,68.89553216033867,ring_artifact,0.33659454511262676
6.726200760873026,18.84832763671875,0.0,0.0,0.0,0.0,0.6618240475654602,0.26120224595069885,7.171835296567339,0.0,0.0,61.242498428608066,blur_motion,0.3799273006373374
5.846325818482977,19.525054931640625,0.0,0.0,0.0,0.0,0.7007136940956116,0.24994401633739471,7.144759650158245,0.0,0.0,75.59368133544922,original,0.0
5.223372171739404,24.44940185546875,0.0,0.0,0.0,0.0,0.7000522613525391,0.2479287087917328,7.379101674701996,0.0,0.0,35.53847302676567,jpeg,0.8474943663474598
5.787794996741441,31.27435302734375,0.0,0.0,0.0,0.0,0.7719283103942871,0.26613229513168335,6.161520169248279,0.0,0.0,50.8338653328432,brightness_bright,0.26452086722201307
10.215610747021183,74.61529541015625,0.0,0.0,0.0,0.0,0.6547086238861084,0.28182950615882874,6.919939894665543,0.0,0.0,2.7066568854394006,blur_gaussian,0.7297317866938179
4.775719025352333,18.49151611328125,0.9861286798067286,0.4001022298894639,0.2887700534759358,0.0,0.7170611619949341,0.23323996365070343,7.098930770496201,0.0,0.0,76.88560485839844,original,0.0
4.877889772409273,18.935302734375,0.9854312757389719,0.4001022298894639,0.2887700534759358,0.0,0.7029659152030945,0.24573753774166107,7.098691715056047,0.0,0.0,71.33782506790287,brightness_dark,0.12482616285320935
4.736457728326721,19.23260498046875,0.989156911051984,0.4003737780333525,0.34759358288770054,0.0,0.6464057564735413,0.21453627943992615,7.430944211452441,0.0,0.0,60.81786868607992,vignetting,0.3785343772083535
4.882023046098101,18.7296142578125,0.9844199858383775,0.4001022298894639,0.2887700534759358,0.0,0.6798241138458252,0.26414626836776733,7.088063965601849,0.0,0.0,64.86085092145066,brightness_dark,0.2931782814070929
5.06723880638785,16.43011474609375,0.0,0.0,0.0,0.0,0.7130539417266846,0.23441573977470398,7.13728689842698,0.0,0.0,79.46235656738281,original,0.0
4.960904557296469,3.67474365234375,0.0,0.0,0.0,0.0,0.7024111151695251,0.23853883147239685,7.309118383001752,0.0,0.0,66.62318969295205,rotation,0.6185197523642461
5.230145414374054,13.22369384765625,0.0,0.0,0.0,0.0,0.6928960680961609,0.22837954759597778,7.318535321252441,0.0,0.0,69.00498164375063,stripe_artifact,0.3616350261669765
9.271929841501445,41.9813232421875,0.0,0.0,0.0,0.0,0.7087211608886719,0.24510137736797333,7.121399061830891,0.0,0.0,19.340472498668685,noise_salt_pepper,0.7045718362149235
5.687908280064887,10.55438232421875,0.0,0.0,0.0,0.0,0.697822093963623,0.25150951743125916,7.1138810380319715,0.0,0.0,86.80702209472656,original,0.0
9.56404125556481,73.866943359375,0.0,0.0,0.0,0.0,0.6550604104995728,0.271083265542984,7.029099673986131,0.0,0.0,9.78919222019286,blur_gaussian,0.6612633185677101
5.5393285045107215,12.09619140625,0.0,0.0,0.0,0.0,0.7016076445579529,0.2625603675842285,7.354228527233281,0.0,0.0,73.30424219810321,ring_artifact,0.28938796360210717
7.431532695652819,26.19561767578125,0.0,0.0,0.0,0.0,0.6509938836097717,0.2529880404472351,7.217522041164805,0.0,0.0,33.04276906466756,blur_motion,0.8553177210151469
4.382454810716876,16.81365966796875,0.0,0.0,0.0,0.0,0.7085403800010681,0.23698514699935913,7.061173897735047,0.0,0.0,78.98292541503906,original,0.0
4.336758037739537,16.18988037109375,0.0,0.0,0.0,0.0,0.7030478119850159,0.23524849116802216,7.26915294599335,0.0,0.0,75.72259235974364,stripe_artifact,0.10100142940972912
4.078982333796551,30.6094970703125,0.0,0.0,0.0,0.0,0.7072910666465759,0.23814378678798676,7.376735130703597,0.0,0.0,54.670372346618905,noise_speckle,0.4534103023684355
4.180635196200845,12.0875244140625,0.0,0.0,0.0,0.0,0.6883530616760254,0.23111167550086975,7.261798976703566,0.0,0.0,70.2973073236185,stripe_artifact,0.36483217897008424
4.789187511839098,16.42315673828125,0.0,0.0,0.0,0.0,0.7209345102310181,0.22791922092437744,7.090169124388119,0.0,0.0,79.47105407714844,original,0.0
4.70627314118912,17.90899658203125,0.0,0.0,0.0,0.0,0.7206374406814575,0.22788189351558685,7.329552492418454,0.0,0.0,63.40292626336008,jpeg,0.3552707002275215
4.670854142630591,5.0130615234375,0.0,0.0,0.0,0.0,0.7033618688583374,0.23756954073905945,7.256378864897036,0.0,0.0,80.02562292924841,rotation,0.26697782204911336
4.699021347291222,16.83782958984375,0.0,0.0,0.0,0.0,0.5969366431236267,0.19987186789512634,7.470938796840695,0.0,0.0,51.61080639122862,vignetting,0.6835476655366672
5.140033735555661,13.15570068359375,0.0,0.0,0.0,0.0,0.7110265493392944,0.24327979981899261,7.10301500582832,0.0,0.0,83.55537414550781,original,0.0
6.968475988688868,23.66357421875,0.0,0.0,0.0,0.0,0.6680225729942322,0.2511442303657532,7.102160111786143,0.0,0.0,46.05529199988297,blur_motion,0.6091310056669882
7.84512074318989,45.17437744140625,0.0,0.0,0.0,0.0,0.7090280652046204,0.24835939705371857,7.403799069166249,0.0,0.0,26.333599964212414,noise_gaussian,0.534139877029708
5.133001252109885,21.94403076171875,0.0,0.0,0.0,0.0,0.7098073363304138,0.24610556662082672,7.104682320219873,0.0,0.0,66.03386179737443,noise_salt_pepper,0.1634024937619284
8.110091244552727,31.70062255859375,0.0,0.0,0.0,0.0,0.3749639391899109,0.3928210437297821,5.473482915867538,0.0,0.0,60.37422180175781,original,0.0
8.151411692666056,31.97100830078125,0.0,0.0,0.0,0.0,0.3763001561164856,0.3938181698322296,5.473482915867538,0.0,0.0,49.23832655265232,contrast_low,0.269947826784278
7.7409583513544025,26.29327392578125,0.0,0.0,0.0,0.0,0.3085496723651886,0.3257564604282379,5.9078328667806055,0.0,0.0,41.533417198609726,vignetting,0.6399997598540929
17.28839901965665,87.81802368164062,0.0,0.0,0.0,0.0,0.3587116301059723,0.39117223024368286,4.187039144050221,0.0,0.0,0.0,brightness_dark,0.21961517397026897
4.241105044657279,19.094482421875,0.0,0.0,0.0,0.0,0.7031289935112,0.24974097311496735,7.0873138452921935,0.0,0.0,76.13189697265625,original,0.0
4.95281499625748,27.6376953125,0.0,0.0,0.0,0.0,0.7027729749679565,0.24770398437976837,7.2945124071836815,0.0,0.0,33.26715655069108,jpeg,0.8428519201898096
4.227911413551075,19.03057861328125,0.0,0.0,0.0,0.0,0.7017749547958374,0.2520127594470978,7.351975459516156,0.0,0.0,73.97425883142708,ring_artifact,0.05593794754928394
4.193351459899365,18.64642333984375,0.0,0.0,0.0,0.0,0.701367974281311,0.2490772306919098,7.247842577973407,0.0,0.0,75.4079610690338,stripe_artifact,0.03210024390403776
4.274244471686479,13.84515380859375,0.0,0.0,0.0,0.0,0.6931830644607544,0.2528950870037079,7.124943484512784,0.0,0.0,82.69355773925781,original,0.0
4.647037308024686,9.21484375,0.0,0.0,0.0,0.0,0.6928986310958862,0.2523597776889801,7.376329970240096,0.0,0.0,72.43485383160684,jpeg,0.40116478702232894
6.10499925121169,20.95703125,0.0,0.0,0.0,0.0,0.6582426428794861,0.26468196511268616,7.214045439493363,0.0,0.0,65.36439719404694,blur_motion,0.21098284358632646
8.523081485523317,61.304962158203125,0.0,0.0,0.0,0.0,0.8553553819656372,0.24308940768241882,3.0184472189082636,0.0,0.0,2.6758851774465384,brightness_bright,0.8763676264726689
5.182058514730139,16.968994140625,0.0,0.0,0.0,0.0,0.709029495716095,0.24101771414279938,7.108717917822343,0.0,0.0,78.78875732421875,original,0.0
6.1289803916773735,13.1854248046875,0.0,0.0,0.0,0.0,0.7006348967552185,0.24768926203250885,7.3180645675708975,0.0,0.0,75.013157231975,jpeg,0.2126265440541406
5.799687122971077,30.4049072265625,0.0,0.0,0.0,0.0,0.758762538433075,0.30146560072898865,5.909893173843515,0.0,0.0,46.16858992437031,contrast_high,0.39563190106066426
5.060761850473713,18.52734375,0.0,0.0,0.0,0.0,0.5898362398147583,0.20941652357578278,7.462402885851063,0.0,0.0,51.12674550448303,vignetting,0.6428518702004242
5.526914465805122,16.330657958984375,0.0,0.0,0.0,0.0,0.7076554298400879,0.24398307502269745,7.1099314364155095,0.0,0.0,79.58667755126953,original,0.0
5.975085288818437,23.86083984375,0.0,0.0,0.0,0.0,0.7065819501876831,0.2458941787481308,7.416044816864497,0.0,0.0,59.5787435353904,noise_gaussian,0.26488016649805246
9.21016170459021,43.26239013671875,0.0,0.0,0.0,0.0,0.7027473449707031,0.2550191879272461,7.091083125040329,0.0,0.0,16.122453045437293,noise_salt_pepper,0.7449889820916066
5.743351092454103,16.62530517578125,0.0,0.0,0.0,0.0,0.673978865146637,0.2726418972015381,7.096838515565936,0.0,0.0,68.70870418935603,brightness_dark,0.26274160852293527
4.7657683346785396,17.57086181640625,0.0,0.0,0.0,0.0,0.7170759439468384,0.23471519351005554,7.10224872322581,0.0,0.0,78.03642272949219,original,0.0
6.0204930363926055,44.27545166015625,0.0,0.0,0.0,0.0,0.8272349238395691,0.2506273090839386,4.859921798882885,0.0,0.0,42.72602666559945,brightness_bright,0.4284338272945797
5.755916659646083,39.0274658203125,0.0,0.0,0.0,0.0,0.8215096592903137,0.2510892450809479,5.1276970146728935,0.0,0.0,45.651202063410224,brightness_bright,0.39940050514039727
10.690613142377174,52.254638671875,0.0,0.0,0.0,0.0,0.7096337676048279,0.25077319145202637,7.070986339357992,0.0,0.0,0.0,noise_salt_pepper,0.997325777989161
5.18896232408699,12.7508544921875,0.0,0.0,0.0,0.0,0.7187122106552124,0.22939752042293549,7.1038341366730675,0.0,0.0,84.06143188476562,original,0.0
7.315509031944725,44.662445068359375,0.0,0.0,0.0,0.0,0.7168545722961426,0.23479336500167847,7.392376954473505,0.0,0.0,30.848888039976583,noise_gaussian,0.5095262936764645
7.168190648209034,20.8829345703125,0.0,0.0,0.0,0.0,0.6662640571594238,0.23952250182628632,7.076033942227776,0.0,0.0,43.66504548575986,blur_motion,0.7557821575337378
5.248902224194821,11.48541259765625,0.0,0.0,0.0,0.0,0.7126760482788086,0.22754080593585968,7.241428319786086,0.0,0.0,81.25726903890332,stripe_artifact,0.10964913035065915
4.5889293815783105,15.50103759765625,0.9932468642581771,0.4015594541910331,0.287598944591029,0.0,0.759117603302002,0.19278044998645782,7.025582852961948,0.0,0.0,80.62370300292969,original,0.0
4.327524612411757,6.32489013671875,0.9843916919099074,0.400944669365722,0.27440633245382584,0.0,0.7017927169799805,0.234460711479187,6.991839886993367,0.0,0.0,80.99871851851908,rotation,0.15998200172245025
4.434157468997392,6.6793212890625,0.9857186036775638,0.40004498425551055,0.2849604221635884,0.0,0.7045599222183228,0.23216918110847473,6.989693057994481,0.0,0.0,70.48476455294364,rotation,0.42215996679968404
6.72534584621979,17.5916748046875,0.9651939142534258,0.4008547008547009,0.29023746701846964,0.0,0.6696743965148926,0.24101625382900238,6.838893630129328,0.0,0.0,62.619714027160626,blur_motion,0.38476731167450007
4.142851426768273,14.7220458984375,0.0,0.0,0.0,0.0,0.7089223265647888,0.24054059386253357,7.114261726795838,0.0,0.0,81.59744262695312,original,0.0
8.694627666006319,85.41323852539062,0.0,0.0,0.0,0.0,0.8861156702041626,0.21214009821414948,2.6341121869265445,0.0,0.0,0.0,brightness_bright,0.9961213802400968
4.36421879551747,16.0565185546875,0.0,0.0,0.0,0.0,0.6774780750274658,0.2677516043186188,7.108076671686871,0.0,0.0,69.8727870073681,brightness_dark,0.2514141199818132
6.196534498657954,27.2144775390625,0.0,0.0,0.0,0.0,0.575701892375946,0.33124634623527527,6.297213128300132,0.0,0.0,31.550714986791952,brightness_dark,0.8607797022344981
5.667523130045659,9.01177978515625,0.0,0.0,0.0,0.0,0.6962005496025085,0.2518017292022705,7.121256390673928,0.0,0.0,88.73527526855469,original,0.0
9.498085218272752,74.5863037109375,0.0,0.0,0.0,0.0,0.6451125741004944,0.2693118155002594,7.035005814078775,0.0,0.0,9.468095467920904,blur_gaussian,0.6802834102565185
7.383053670505177,19.52130126953125,0.0,0.0,0.0,0.0,0.6478758454322815,0.25687241554260254,7.234152847946831,0.0,0.0,48.329958652022945,blur_motion,0.6817103690265748
6.928830147408449,18.160003662109375,0.0,0.0,0.0,0.0,0.5820197463035583,0.3322516977787018,6.3733877485406065,0.0,0.0,47.26488343869889,brightness_dark,0.7508777995916097
5.658003543742561,17.248077392578125,0.0,0.0,0.0,0.0,0.7072453498840332,0.24090048670768738,7.048480341427493,0.0,0.0,78.43990325927734,original,0.0
5.878122810602888,22.29180908203125,0.0,0.0,0.0,0.0,0.6743417382240295,0.2591933310031891,7.471108946220136,0.5169262795529777,0.0,46.496766704268616,ring_artifact,0.6409617985798081
7.194145596444349,19.125213623046875,0.0,0.0,0.0,0.0,0.6822535395622253,0.24360798299312592,7.176117115913196,0.0,0.0,64.35347782529436,blur_motion,0.29350012864742614
7.68579582547143,37.850128173828125,0.0,0.0,0.0,0.0,0.7056751847267151,0.24496421217918396,7.397088928326104,0.0,0.0,34.538391529546594,noise_gaussian,0.45372370632920644
7.402030533899148,28.67413330078125,0.0,0.0,0.0,0.0,0.37841424345970154,0.3926137685775757,5.49823303080483,0.0,0.0,64.15733337402344,original,0.0
5.343751278317698,14.323974609375,0.0,0.0,0.0,0.0,0.32382282614707947,0.3828544318675995,5.674553289538275,0.0,0.0,35.89779850410067,scale,0.8758529403781941
11.429474032212902,39.95281982421875,0.0,0.0,0.0,0.0,0.37613368034362793,0.3916926980018616,5.918841487172614,0.0,0.0,11.183451264921992,noise_speckle,0.9718880988701143
10.934529026369713,33.67266845703125,0.0,0.0,0.0,0.0,0.3800806403160095,0.3855385184288025,6.273529959885174,0.0,0.0,50.763089207505686,ring_artifact,0.17865188053013137
5.332955294439956,15.31097412109375,0.0,0.0,0.0,0.0,0.6998199820518494,0.2446357160806656,7.057710501970448,0.0,0.0,80.86128234863281,original,0.0
5.31487148038054,15.60870361328125,0.0,0.0,0.0,0.0,0.682302713394165,0.2389858514070511,7.368177073363618,0.0,0.0,76.23268757149023,vignetting,0.10641082279770497
5.018653680140759,7.06500244140625,0.0,0.0,0.0,0.0,0.6925579905509949,0.2462066113948822,7.264383422836189,0.0,0.0,78.86700112750705,rotation,0.2984447914486329
5.184228115850101,7.15557861328125,0.0,0.0,0.0,0.0,0.6974426507949829,0.24426907300949097,7.305428846795215,0.0,0.0,70.74901145429307,rotation,0.5076628819776342
5.113691306820799,6.916748046875,0.0,0.0,0.0,0.0,0.7013567686080933,0.24055449664592743,7.054805664885351,0.0,0.0,88.1850708110669,original,0.0
5.119653954457972,16.14776611328125,0.0,0.0,0.0,0.0,0.7003088593482971,0.2432531863451004,7.056328860162804,0.0,0.0,73.70172161641304,noise_salt_pepper,0.1528392685496348
5.201201857269185,7.17742919921875,0.0,0.0,0.0,0.0,0.7004907727241516,0.23383952677249908,7.313270079944484,0.0,0.0,84.56625207085042,ring_artifact,0.16154903575315338
5.489534943352716,17.70001220703125,0.0,0.0,0.0,0.0,0.7196344137191772,0.2459644377231598,6.8153558587764955,0.0,0.0,40.97762151647995,ring_artifact,0.9224340806182747
5.741165208758815,18.32568359375,0.0,0.0,0.0,0.0,0.7038177847862244,0.24529749155044556,7.070815776220686,0.0,0.0,77.0928955078125,original,0.0
5.7637871199457225,18.41961669921875,0.0,0.0,0.0,0.0,0.706383466720581,0.24609529972076416,7.092652309874904,0.0,0.0,76.95260328085882,vignetting,0.0005718961279435053
5.766961274755156,16.70269775390625,0.0,0.0,0.0,0.0,0.7033606171607971,0.24462221562862396,7.340482008330501,0.0,0.0,59.57739948645927,jpeg,0.48860570802894787
7.405900873014358,29.89508056640625,0.0,0.0,0.0,0.0,0.6483682990074158,0.2524885833263397,7.162472163625158,0.0,0.0,25.4672046414075,blur_motion,0.9290986162646171
5.6329099041436965,16.14251708984375,0.0,0.0,0.0,0.0,0.6760703325271606,0.25581037998199463,7.164785529012293,0.0,0.0,79.82185363769531,original,0.0
5.27159927471734,18.77685546875,0.0,0.0,0.0,0.0,0.4996282160282135,0.20886291563510895,7.547365883957068,0.0,0.0,37.11607550631001,vignetting,0.9853213789438122
5.662983586975316,16.86785888671875,0.0,0.0,0.0,0.0,0.6766619086265564,0.2747895419597626,7.431372632634161,0.0,0.0,66.6146113754951,ring_artifact,0.30751412540266143
6.239426896433988,46.04736328125,0.0,0.0,0.0,0.0,0.6273089051246643,0.27743709087371826,7.084253822854405,0.0,0.0,48.768956992550756,blur_gaussian,0.2408715924472331
5.034425971282176,4.6142578125,0.0,0.0,0.0,0.0,0.6707647442817688,0.2611100673675537,7.141380513100248,0.0,0.0,89.2672564137531,original,0.0
10.681050945375855,63.169921875,0.0,0.0,0.0,0.0,0.8446186780929565,0.25245392322540283,3.0540224095060298,0.0,0.0,0.0,brightness_bright,0.9469494452979941
7.360538837056739,29.44927978515625,0.0,0.0,0.0,0.0,0.6469470858573914,0.25190091133117676,7.2086391879619,0.0,0.0,33.91209647476958,blur_motion,0.7319075948446278
4.9623087012012785,4.56475830078125,0.0,0.0,0.0,0.0,0.6672006249427795,0.2597460448741913,7.306272214109318,0.0,0.0,88.55990193763112,stripe_artifact,0.06921251846838361
4.6898017972543515,16.2420654296875,0.0,0.0,0.0,0.0,0.6388313174247742,0.278809517621994,7.212217122142341,0.0,0.0,79.69741821289062,original,0.0
4.844446916717367,19.84771728515625,0.0,0.0,0.0,0.0,0.6129737496376038,0.3010048568248749,7.677528565448625,0.5077761467068779,0.0,53.88210661237406,ring_artifact,0.5327061695295157
4.423979536477283,19.1595458984375,0.0,0.0,0.0,0.0,0.6383921504020691,0.2794077396392822,7.5431154895652295,0.0,0.0,70.9149090469626,noise_gaussian,0.1283914644997628
9.166158843534328,55.5166015625,0.0,0.0,0.0,0.0,0.6778081059455872,0.4070836007595062,4.264895620490444,0.0,0.0,1.0183271882381817,contrast_high,0.9468486797049909
4.907732958483162,8.23431396484375,0.0,0.0,0.0,0.0,0.6483194231987,0.27334001660346985,7.184453562740489,0.0,0.0,89.70710754394531,original,0.0
6.054684896420643,25.2772216796875,0.0,0.0,0.0,0.0,0.6477545499801636,0.27494943141937256,7.523027753170595,0.0,0.0,57.801207742788264,noise_gaussian,0.2650566289400591
4.835255687973515,6.8310546875,0.0,0.0,0.0,0.0,0.6166939735412598,0.26135119795799255,7.427482325271034,0.0,0.0,67.19742494131984,stripe_artifact,0.6065939174826289
12.683785042469141,43.031982421875,0.0,0.0,0.0,0.0,0.6435642838478088,0.2836235463619232,7.157942711084208,0.0,0.0,9.053482252569168,noise_salt_pepper,0.9289134930021768
4.6857036106769,4.52105712890625,0.0,0.0,0.0,0.0,0.6539461016654968,0.2687150537967682,7.161982960286736,0.0,0.0,89.52478700358421,original,0.0
4.504783850063342,9.865966796875,0.0,0.0,0.0,0.0,0.6515358090400696,0.2646036148071289,7.364880837558497,0.5645799105335405,0.0,58.4702987403072,ring_artifact,0.7299310690899762
11.491767895547378,39.80670166015625,0.0,0.0,0.0,0.0,0.6506093740463257,0.27705949544906616,7.144663069113522,0.0,0.0,21.723664012039812,noise_salt_pepper,0.7129489728191218
4.741965381374151,4.7945556640625,0.0,0.0,0.0,0.0,0.6546266674995422,0.26670730113983154,5.696791486986167,0.0,0.0,31.403919320891305,contrast_low,0.9951493566608947
6.9437913022322695,17.06121826171875,0.0,0.0,0.0,0.0,0.6365014910697937,0.2778843939304352,7.218438671891479,0.0,0.0,78.67347717285156,original,0.0
5.478784655001035,11.949951171875,0.0,0.0,0.0,0.0,0.6321080923080444,0.2775909900665283,7.393923433933199,0.0,0.0,70.1257409339845,rotation,0.3734205025292938
6.843871137428167,17.96905517578125,0.0,0.0,0.0,0.0,0.549052357673645,0.24447327852249146,7.540948374536277,0.5199243236592727,0.0,56.835647388849814,vignetting,0.5175758410355906
8.302447123312078,29.212646484375,0.0,0.0,0.0,0.0,0.6071674823760986,0.2856385111808777,7.312104288881977,0.0,0.0,53.56796734789093,blur_motion,0.24790561366600794
5.649720417868257,13.49609375,0.0,0.0,0.0,0.0,0.6226416230201721,0.28262439370155334,7.276165265016997,0.0,0.0,83.1298828125,original,0.0
7.851804430510765,28.65484619140625,0.0,0.0,0.0,0.0,0.5887309908866882,0.2887299060821533,7.3848070892718125,0.0,0.0,50.65801977484398,blur_motion,0.33808556214745533
8.309702691625231,31.9581298828125,0.0,0.0,0.0,0.0,0.7416484951972961,0.30667030811309814,4.794226365774294,0.0,0.0,37.770968675199484,brightness_bright,0.5539215224244798
5.371850986255019,20.42724609375,0.0,0.0,0.0,0.0,0.6772357821464539,0.3021809160709381,6.7753710094363075,0.0,0.0,65.65724700475012,brightness_bright,0.22021738445155947
8.589607045896248,34.29638671875,0.0,0.0,0.0,0.0,0.3507327139377594,0.38842469453811646,5.448660152462389,0.0,0.0,57.1295166015625,original,0.0
8.018966301160257,39.7120361328125,0.0,0.0,0.0,0.0,0.35009393095970154,0.3625323176383972,6.665489931698446,0.0,0.0,22.046316972046213,blur_motion,0.7078409465484541
8.871226061748755,48.97760009765625,0.0,0.0,0.0,0.0,0.35012367367744446,0.3753606379032135,6.337433518751276,0.0,0.0,31.700821569228783,blur_gaussian,0.22894178381115438
8.569407902223498,33.971923828125,0.0,0.0,0.0,0.0,0.348794162273407,0.38619300723075867,5.708793527556406,0.0,0.0,56.27857689272302,vignetting,0.031412958053018136
4.532605677792515,11.62213134765625,0.0,0.0,0.0,0.0,0.6413707137107849,0.2742099165916443,7.250743963826845,0.0,0.0,85.47233581542969,original,0.0
4.991706902034342,6.4637451171875,0.0,0.0,0.0,0.0,0.6412658095359802,0.2741864323616028,7.516668368505338,0.0,0.0,89.08602460796949,jpeg,0.07085734988865344
5.695206141935462,23.2545166015625,0.0,0.0,0.0,0.0,0.6400640606880188,0.27744776010513306,7.250625070979403,0.0,0.0,59.792763689465,noise_salt_pepper,0.278477263964547
4.489465142594954,15.15313720703125,0.0,0.0,0.0,0.0,0.6614679098129272,0.316001296043396,6.894536540602329,0.0,0.0,72.4891061963934,contrast_high,0.2142368073704386
4.697997171582079,12.57861328125,0.0,0.0,0.0,0.0,0.6634104251861572,0.25528424978256226,7.203023138481815,0.0,0.0,84.2767333984375,original,0.0
9.927221045493457,55.906402587890625,0.0,0.0,0.0,0.0,0.6606548428535461,0.2646797001361847,7.569560375576568,0.0,0.0,4.88442372813812,noise_gaussian,0.7233525658809709
4.605720079130981,11.825439453125,0.0,0.0,0.0,0.0,0.5690044164657593,0.22430627048015594,7.463491944820157,0.578227397485114,0.0,62.37647695058237,vignetting,0.5710430933252845
4.844542473669451,16.2874755859375,0.0,0.0,0.0,0.0,0.6905658841133118,0.29923269152641296,6.7866455277627535,0.0,0.0,69.92076582174914,contrast_high,0.2429972423957245
4.752459796534609,4.25897216796875,0.0,0.0,0.0,0.0,0.6416100263595581,0.27182844281196594,7.208119780480883,0.0,0.0,90.10149725601104,original,0.0
8.054568394588914,45.63140869140625,0.0,0.0,0.0,0.0,0.6826653480529785,0.3904896676540375,4.770822445222648,0.0,0.0,14.002997458741497,contrast_high,0.8074969977666434
4.423708522765963,12.06317138671875,0.0,0.0,0.0,0.0,0.6410610675811768,0.27317681908607483,7.211112589650357,0.0,0.0,81.14800390692628,noise_salt_pepper,0.09432579649188222
4.528357122665163,0.68328857421875,0.0,0.0,0.0,0.0,0.6284072995185852,0.27818554639816284,7.395841466694907,0.0,0.0,75.20597103743123,rotation,0.4310511824063775
5.083504174232141,11.85687255859375,0.0,0.0,0.0,0.0,0.6343284845352173,0.2780981659889221,7.2385321534793,0.0,0.0,85.17890930175781,original,0.0
5.1954628489924914,11.710205078125,0.0,0.0,0.0,0.0,0.6359921097755432,0.2775186598300934,6.968832911447512,0.0,0.0,68.91815261035423,contrast_low,0.41110227604973804
4.804850989711185,12.8330078125,0.0,0.0,0.0,0.0,0.5984100699424744,0.2650778293609619,7.497807968094576,0.0,0.0,54.795706255980974,stripe_artifact,0.7290758494598506
4.606647432262365,3.35699462890625,0.0,0.0,0.0,0.0,0.6178668737411499,0.2868465185165405,7.470740899217784,0.0,0.0,67.24604170959064,rotation,0.6534554882657916
5.603051202276144,12.6524658203125,0.0,0.0,0.0,0.0,0.6395663022994995,0.27050668001174927,7.266356623982056,0.0,0.0,84.18441772460938,original,0.0
4.848518227229682,11.342041015625,0.0,0.0,0.0,0.0,0.6232646703720093,0.2790217697620392,7.448173524119264,0.0,0.0,81.88573388439039,rotation,0.09841787115195888
5.628160625628661,12.63482666015625,0.0,0.0,0.0,0.0,0.6405470967292786,0.26873740553855896,6.4366993802651695,0.0,0.0,51.33019871566732,contrast_low,0.7282135884411827
5.454436738991716,11.651123046875,0.0,0.0,0.0,0.0,0.6891351342201233,0.2548186182975769,7.13396289745428,0.6768861769396527,0.0,50.96919473729461,ring_artifact,0.8616725363527911
4.9480941121753,9.34857177734375,0.0,0.0,0.0,0.0,0.62740159034729,0.2784232795238495,7.274785255382157,0.0,0.0,88.31428527832031,original,0.0
5.53670680415859,15.6414794921875,0.0,0.0,0.0,0.0,0.6263073682785034,0.28072693943977356,7.275411028630716,0.0,0.0,72.78454774909946,noise_salt_pepper,0.19159007214165402
5.516889131600504,11.1685791015625,0.0,0.0,0.0,0.0,0.5478236079216003,0.33727511763572693,7.128597792570643,0.0,0.0,68.0947342097216,brightness_dark,0.4486135478331319
5.079094638377409,9.71514892578125,0.0,0.0,0.0,0.0,0.6295435428619385,0.27861449122428894,7.274785255382157,0.0,0.0,80.5165424112841,contrast_low,0.18348803578723327
4.777533372986192,13.78167724609375,0.0,0.0,0.0,0.0,0.6419570446014404,0.2762047350406647,7.19984814712842,0.0,0.0,82.77290344238281,original,0.0
4.733856650644791,15.721435546875,0.0,0.0,0.0,0.0,0.6633294820785522,0.32300370931625366,6.723695882413282,0.0,0.0,70.35594765112224,contrast_high,0.2498064478821005
4.788129688521315,13.21246337890625,0.0,0.0,0.0,0.0,0.6308069229125977,0.2710486352443695,7.448709234193188,0.0,0.0,80.46902524139561,vignetting,0.07538488837428936
4.830124563820069,13.90478515625,0.0,0.0,0.0,0.0,0.6670676469802856,0.2669190764427185,7.10925290721372,0.0,0.0,48.16505436421428,ring_artifact,0.8613491047618306
5.061792918928297,4.2125244140625,0.0,0.0,0.0,0.0,0.6204483509063721,0.2885676324367523,7.204696744090751,0.0,0.0,90.05870930113439,original,0.0
5.104385413316609,4.1444091796875,0.0,0.0,0.0,0.0,0.6050082445144653,0.30035558342933655,7.203716015305881,0.0,0.0,86.1301010632595,brightness_dark,0.09790872820160035
4.834975016207478,2.73992919921875,0.0,0.0,0.0,0.0,0.6069201827049255,0.2961297035217285,7.408737027228255,0.0,0.0,52.63791410384412,rotation,0.9992824684127266
5.088496202993823,4.45587158203125,0.0,0.0,0.0,0.0,0.6197188496589661,0.28821805119514465,7.403756665377321,0.0,0.0,91.95664405739049,stripe_artifact,0.014757856495650534
4.865875706536751,2.56915283203125,0.0,0.0,0.0,0.0,0.6351110935211182,0.2851119041442871,7.16823488687456,0.0,0.0,89.602936085932,original,0.0
8.010946677381245,24.34942626953125,0.0,0.0,0.0,0.0,0.5908565521240234,0.28437769412994385,7.292470579910716,0.0,0.0,32.50853784276083,blur_motion,0.9263669830081276
4.905938214142569,2.61199951171875,0.0,0.0,0.0,0.0,0.6233035326004028,0.27995961904525757,7.348063474000121,0.0,0.0,82.39561380333154,stripe_artifact,0.23637949054174945
4.857798877153716,3.04913330078125,0.0,0.0,0.0,0.0,0.6371989846229553,0.28550252318382263,6.750883170734553,0.0,0.0,64.96039461615317,contrast_low,0.48564112545071847
4.892473201123007,14.23388671875,0.0,0.0,0.0,0.0,0.6238522529602051,0.28849008679389954,7.186960982385684,0.0,0.0,82.2076416015625,original,0.0
11.067024486660278,44.0355224609375,0.0,0.0,0.0,0.0,0.6203888654708862,0.2970210909843445,7.165539998636357,0.0,0.0,10.369581162619504,noise_salt_pepper,0.8646503940302155
4.83300240864396,14.03155517578125,0.0,0.0,0.0,0.0,0.6160071492195129,0.28456953167915344,7.462517286226297,0.0,0.0,80.11514003138628,vignetting,0.058635399972178925
4.86364943972949,14.150390625,0.0,0.0,0.0,0.0,0.626008927822113,0.2888864278793335,7.186960982385684,0.0,0.0,82.22579658469294,contrast_low,0.002155378351426429
7.73798221430979,37.3709716796875,0.0,0.0,0.0,0.0,0.37307360768318176,0.3874042332172394,5.500493758550032,0.0,0.0,53.28628540039062,original,0.0
7.64879801862824,38.61993408203125,0.0,0.0,0.0,0.0,0.3743322789669037,0.38750460743904114,5.500493758550032,0.0,0.0,41.11696007057486,contrast_low,0.26520305817215195
5.8269211056168055,45.1112060546875,0.0,0.0,0.0,0.0,0.38276174664497375,0.3549838364124298,6.778390525714437,0.0,0.0,29.748685024123105,ring_artifact,0.7851293567941215
9.17797429903098,33.93109130859375,0.0,0.0,0.0,0.0,0.37212783098220825,0.38674062490463257,5.863068212090191,0.0,0.0,40.665836424651296,noise_speckle,0.4230074859901629
4.870501905641907,11.25738525390625,0.0,0.0,0.0,0.0,0.637739896774292,0.27170464396476746,7.207473661121937,0.0,0.0,85.92826843261719,original,0.0
4.964468760300962,11.60284423828125,0.0,0.0,0.0,0.0,0.5689297318458557,0.2941318154335022,7.394856848140091,0.0,0.7536503963287442,45.67953712243988,scale,0.9954226894927138
7.186687100017396,19.09210205078125,0.0,0.0,0.0,0.0,0.516205370426178,0.35878002643585205,6.58542248550607,0.0,0.0,49.66001995849363,brightness_dark,0.6618713119507452
5.090716438142355,11.331298828125,0.0,0.0,0.0,0.0,0.6524918079376221,0.30230292677879333,6.9945490084105355,0.0,0.0,79.64400345388118,contrast_high,0.15479682527406413
5.34627636358983,10.4959716796875,0.0,0.0,0.0,0.0,0.6072298884391785,0.2905278205871582,7.213781741064433,0.0,0.0,86.88003540039062,original,0.0
5.012766440216619,15.03485107421875,0.0,0.0,0.0,0.0,0.6069214940071106,0.2906439006328583,7.4910811355481925,0.0,0.0,72.49840022065956,noise_speckle,0.21770089841417495
10.613376288504975,69.56402587890625,0.0,0.0,0.0,0.0,0.5608700513839722,0.3041495680809021,7.186764476360752,0.0,0.685746352413019,6.076946443983246,blur_gaussian,0.5791802908162562
5.289054257696999,10.69818115234375,0.0,0.0,0.0,0.0,0.599259078502655,0.29867231845855713,7.213545441244146,0.0,0.0,84.18897070050969,brightness_dark,0.060957571476515815
4.679094860668616,15.1068115234375,0.0,0.0,0.0,0.0,0.6044225096702576,0.29239383339881897,7.207091321912181,0.0,0.0,81.11648559570312,original,0.0
4.743169335277641,12.98248291015625,0.0,0.0,0.0,0.0,0.6042881011962891,0.2923620343208313,7.46021967328269,0.0,0.0,81.48528544600536,jpeg,0.05716527290748308
6.265600987588883,26.12396240234375,0.0,0.0,0.0,0.0,0.7052057981491089,0.3167986571788788,5.127145015875984,0.0,0.0,45.01777201409241,brightness_bright,0.4767885171089349
4.553241638694758,13.45208740234375,0.0,0.0,0.0,0.0,0.48108237981796265,0.24194754660129547,7.518667731303692,0.0,0.7887596899224807,49.0760950651389,vignetting,0.8527198920482854
5.075151759064329,2.207275390625,0.0,0.0,0.0,0.0,0.6169349551200867,0.2958665192127228,7.1690634307507155,0.0,0.0,89.61329288438394,original,0.0
4.532776343222349,4.56622314453125,0.0,0.0,0.0,0.0,0.6166006326675415,0.29589956998825073,7.486290654770002,0.0,0.0,91.30344999547765,noise_gaussian,0.056879579728684515
5.076990500216761,2.054443359375,0.0,0.0,0.0,0.0,0.6061546206474304,0.3065726161003113,7.168535631502531,0.0,0.0,86.40223678415816,brightness_dark,0.08011146524058688
4.420457103546237,3.06964111328125,0.0,0.0,0.0,0.0,0.6166403293609619,0.2959076166152954,7.489406413385815,0.0,0.0,90.87672685917099,noise_gaussian,0.06852133270379235
5.33586459822773,8.5557861328125,0.0,0.0,0.0,0.0,0.6358357667922974,0.2925167977809906,7.1287000850460345,0.0,0.0,89.10875106307543,original,0.0
9.443509870619133,25.91119384765625,0.0,0.0,0.0,0.0,0.5916336178779602,0.301583856344223,7.256587742443386,0.0,0.0,40.60250554626608,blur_motion,0.6752125536040902
7.521560597230781,33.04107666015625,0.0,0.0,0.0,0.0,0.6339465379714966,0.29666534066200256,7.122159112715142,0.0,0.0,42.54763212207359,noise_salt_pepper,0.40377555131827747
5.311306598608777,9.30096435546875,0.0,0.0,0.0,0.0,0.5446398258209229,0.25126489996910095,7.458415179372267,0.0,0.0,65.58677815013667,vignetting,0.5696754101381849
5.9179130530133595,14.9437255859375,0.0,0.0,0.0,0.0,0.6444343328475952,0.28732195496559143,7.120371717789883,0.0,0.0,81.32034301757812,original,0.0
9.695154869210274,43.69219970703125,0.0,0.0,0.0,0.0,0.7630669474601746,0.30367159843444824,4.0843794379972085,0.0,0.0,21.60398422487329,brightness_bright,0.5945191535334412
6.123144610214564,14.7490234375,0.0,0.0,0.0,0.0,0.6647894382476807,0.29437240958213806,6.9272457560273875,0.0,0.0,78.28438448332999,brightness_bright,0.08198340549487548
5.731772433530322,8.88543701171875,0.0,0.0,0.0,0.0,0.6156166791915894,0.30711859464645386,7.289946182448641,0.0,0.0,65.54631216370257,rotation,0.5836722892912247
5.068464529291422,8.78363037109375,0.0,0.0,0.0,0.0,0.6548949480056763,0.28603845834732056,7.069561384845828,0.0,0.0,88.36951731057286,original,0.0
5.112281094357798,9.85906982421875,0.0,0.0,0.0,0.0,0.6070501804351807,0.32808563113212585,7.035735147709052,0.0,0.0,75.02136888065748,brightness_dark,0.3163698459767271
4.485123335165009,11.11279296875,0.0,0.0,0.0,0.0,0.6542707681655884,0.2858142554759979,7.351724502512558,0.0,0.0,77.93864081212104,noise_speckle,0.20425919942353643
5.090706390674309,2.66534423828125,0.0,0.0,0.0,0.0,0.605846643447876,0.3223316967487335,7.090699880674353,0.0,0.0,76.06639399660637,scale,0.3141838627955761
5.162808253246082,11.117919921875,0.0,0.0,0.0,0.0,0.6431565880775452,0.29239916801452637,7.044570616698828,0.0,0.0,86.10260009765625,original,0.0
6.019398797044681,26.34515380859375,0.0,0.0,0.0,0.0,0.6420772671699524,0.2925887107849121,7.355330877419327,0.0,0.0,51.237123867607636,noise_speckle,0.3957858467912545
4.510733310562472,2.22943115234375,0.0,0.0,0.0,0.0,0.6236817240715027,0.30515673756599426,7.237223294229492,0.0,0.0,64.64525962436267,rotation,0.6455007888376495
6.196160819231369,16.97357177734375,0.0,0.0,0.0,0.0,0.6676835417747498,0.35346296429634094,6.268770299920448,0.0,0.0,65.71254089813145,contrast_high,0.31617719627185403
5.195683374854366,1.80438232421875,0.0,0.0,0.0,0.0,0.6592937707901001,0.2896961569786072,7.031784752390776,0.0,0.0,87.89730940488471,original,0.0
7.704936870439936,11.11541748046875,0.0,0.0,0.0,0.0,0.7626087665557861,0.26397761702537537,6.0999898586141175,0.0,0.0,38.82050173488353,ring_artifact,0.9357342874448233
9.088926590636296,64.17510986328125,0.0,0.0,0.0,0.0,0.6123335957527161,0.31459057331085205,6.960934345568614,0.0,0.0,21.07573515768125,blur_gaussian,0.4582855226185861
13.637368584013167,66.72683715820312,0.0,0.0,0.0,0.0,0.8164552450180054,0.2706720530986786,3.200583924030474,0.0,0.0,0.0,brightness_bright,0.9960964478550944
5.609799926482459,10.328125,0.9822469767589641,0.4015619498767724,0.2965779467680608,0.0,0.6716030240058899,0.2880314886569977,7.005833448814974,0.0,0.0,87.08984375,original,0.0
9.1048271012849,26.904052734375,0.9688078360067296,0.4013699068591364,0.29277566539923955,0.0,0.6390777230262756,0.2956000864505768,7.131702530754513,0.0,0.0,44.86455791796615,blur_motion,0.5376344041016273
5.744235592340085,10.4910888671875,0.9788875276610622,0.4015619498767724,0.2965779467680608,0.0,0.6354154944419861,0.3230231702327728,6.9791912884214335,0.0,0.0,76.27812232599958,brightness_dark,0.26520041475040135
5.565004346839868,10.3017578125,0.9716341335368486,0.40217008609928623,0.30038022813688214,0.0,0.6103271842002869,0.2603946328163147,7.345478662234295,0.0,0.0,73.16244933579439,vignetting,0.34900883496451507
8.049892908331696,37.47869873046875,0.0,0.0,0.0,0.0,0.3754633367061615,0.38835689425468445,5.528502251415171,0.0,0.423124740986324,53.151626586914055,original,0.0
8.892658597156602,38.14483642578125,0.0,0.0,0.0,0.0,0.37453916668891907,0.36132317781448364,6.709703174202217,0.0,0.4535156789611824,17.148144768391724,blur_motion,0.8792702424845428
6.595623061775744,37.07861328125,0.0,0.0,0.0,0.0,0.37640053033828735,0.386316180229187,6.1138953023312155,0.0,0.4224340378505318,44.629683939495436,jpeg,0.2849873912166567
17.849093634991924,113.5167236328125,0.0,0.0,0.0,0.0,0.4241899251937866,0.45844176411628723,3.107639433853795,0.0,0.4024036469125569,0.0,contrast_high,0.833744954639807
7.693527005502183,18.039794921875,0.957776149129669,0.4019543723310122,0.30120481927710846,0.0,0.6578391194343567,0.29324451088905334,7.124774620035191,0.0,0.0,77.45025634765625,original,0.0
6.77797432802018,7.99365234375,0.9597071436140016,0.40149270957565497,0.2971887550200803,0.0,0.6039945483207703,0.331276535987854,7.158981868965622,0.0,0.0,77.38658764291468,scale,0.3025171429788899
7.8974039439478325,20.9989013671875,0.9530700824441687,0.40118493440541686,0.3132530120481928,0.0,0.6886332631111145,0.2870235741138458,6.879118219949559,0.0,0.0,47.592320582586325,ring_artifact,0.6539763177107326
10.139017241438586,75.70123291015625,0.8961869033393102,0.40164659716077405,0.30522088353413657,0.0,0.6122468709945679,0.3090094029903412,7.084408361001282,0.0,0.0,5.692023575239418,blur_gaussian,0.6678632037125836
5.62689914547654,13.98016357421875,0.0,0.0,0.0,0.0,0.6965665817260742,0.28330913186073303,6.967960863123108,0.0,0.0,82.52479553222656,original,0.0
5.929099502093283,13.832275390625,0.0,0.0,0.0,0.0,0.6569978594779968,0.32145336270332336,6.913412172796997,0.0,0.0,70.73450567371964,brightness_dark,0.2993787521999779
5.171981760883204,9.074462890625,0.0,0.0,0.0,0.0,0.687796413898468,0.28808364272117615,7.216390870946425,0.0,0.0,84.51346130999029,rotation,0.1035865019182115
5.590566138833873,14.04730224609375,0.0,0.0,0.0,0.0,0.6724900603294373,0.27249932289123535,7.332026437751654,0.0,0.0,77.0692276166481,vignetting,0.13429111439336772
5.6464655521796345,11.0810546875,0.0,0.0,0.0,0.0,0.674654483795166,0.29280713200569153,7.053096356920406,0.0,0.0,86.148681640625,original,0.0
9.396927384609695,25.80389404296875,0.0,0.0,0.0,0.0,0.6339621543884277,0.29919901490211487,7.215850049324061,0.0,0.0,32.156624166060695,blur_motion,0.8897127070057091
4.962920819645599,8.372314453125,0.0,0.0,0.0,0.0,0.662939727306366,0.2978913187980652,7.331809600889457,0.0,0.0,67.40566129820111,scale,0.5532236408848159
6.106784762934339,16.760498046875,0.0,0.0,0.0,0.0,0.673527181148529,0.29240095615386963,7.370414482747967,0.0,0.0,67.77912658309047,noise_speckle,0.2817562714578943
5.38189933563176,10.37335205078125,0.0,0.0,0.0,0.0,0.6918153762817383,0.2871941030025482,6.983555009955559,0.0,0.0,87.03330993652344,original,0.0
11.959601014244301,39.2269287109375,0.0,0.0,0.0,0.0,0.6881862878799438,0.29442933201789856,6.959600734512676,0.0,0.0,22.261851625776217,noise_salt_pepper,0.7176121871387979
11.880437106423916,39.38616943359375,0.0,0.0,0.0,0.0,0.6877772212028503,0.294717937707901,6.9609605965735835,0.0,0.0,23.267403055954592,noise_salt_pepper,0.6874971288013305
5.272025010626126,8.43829345703125,0.0,0.0,0.0,0.0,0.6775407791137695,0.28149330615997314,7.245850077154358,0.0,0.0,78.89277711349456,stripe_artifact,0.2639839016304094
7.527370822675286,13.70068359375,0.0,0.0,0.0,0.0,0.6877461671829224,0.28799715638160706,6.957447044234859,0.0,0.0,82.8741455078125,original,0.0
11.20639999195176,23.6358642578125,0.0,0.0,0.0,0.0,0.7113604545593262,0.3316975235939026,6.133424502327594,0.0,0.0,60.41031959493861,contrast_high,0.2511212520698941
7.603238303712616,14.62603759765625,0.0,0.0,0.0,0.0,0.5271832942962646,0.22562000155448914,7.450597177645182,0.0,0.0,47.87330447113547,vignetting,0.8461037132948555
9.596307928789598,29.922607421875,0.0,0.0,0.0,0.0,0.6608401536941528,0.28622734546661377,7.2393048731549,0.0,0.0,37.22536283028848,blur_motion,0.6342844473091942
8.682236320362414,15.51031494140625,0.9876265976432197,0.4013412816691505,0.2602739726027397,0.0,0.7159258723258972,0.2695438861846924,6.92485909604094,0.0,0.0,80.61210632324219,original,0.0
8.142491860871013,14.3353271484375,0.9856711674698759,0.40039741679085944,0.2557077625570776,0.0,0.70089191198349,0.26437240839004517,7.165814679481243,0.0,0.0,71.01363210556306,stripe_artifact,0.27668022397225167
9.613678292248219,47.37689208984375,0.9365704103059027,0.4009438648782911,0.2602739726027397,0.0,0.6794990301132202,0.28859102725982666,6.865685473212611,0.0,0.0,27.436623343491785,blur_gaussian,0.33355653860508816
16.53076311002244,52.888641357421875,0.9965356782128523,0.4001987083954297,0.2602739726027397,0.0,0.7106005549430847,0.2737954258918762,7.269403385205884,0.0,0.0,8.40466321116747,noise_gaussian,0.6371133773013796
9.096197126160424,20.72003173828125,0.9919409751723066,0.4007025893818347,0.26540284360189575,0.0,0.7162851095199585,0.267562597990036,6.945313232672229,0.0,0.0,74.09996032714844,original,0.0
8.624649871222719,20.024658203125,0.9920514143191439,0.40104255198594824,0.26540284360189575,0.0,0.7153399586677551,0.2672286033630371,7.26373062874473,0.0,0.0,68.5058981951383,noise_speckle,0.16158197627388615
16.925414640232486,53.294891357421875,0.9994280194589256,0.4007025893818347,0.26540284360189575,0.0,0.7672246694564819,0.34551793336868286,4.710642251453364,0.0,0.0,11.314168958166999,contrast_high,0.5516804211263913
9.302500202591942,20.458740234375,0.9916789189963069,0.4024590628364213,0.26540284360189575,0.0,0.7191244959831238,0.2688581347465515,6.409724901660004,0.0,0.0,51.9903001160414,contrast_low,0.5609068647747464
8.638433601368938,23.5611572265625,0.9905690941081201,0.4002306171754887,0.2753623188405797,0.0,0.7211582064628601,0.2663215398788452,6.92491977263562,0.0,0.0,70.54855346679688,original,0.0
14.172320051506418,20.014373779296875,0.9855243024668213,0.4011640676477048,0.2753623188405797,0.0,0.7047672867774963,0.2749553322792053,7.180648106493336,0.0,0.0,71.97227837292823,blur_motion,0.07524386007376704
8.454859254250639,24.55364990234375,0.9567034398254975,0.40264660663298923,0.28502415458937197,0.0,0.5864731073379517,0.21921683847904205,7.378945611231572,0.0,0.0,41.667152671835254,vignetting,0.6910196237558764
13.599714484810729,43.929168701171875,0.9953118911836499,0.4011640676477048,0.2753623188405797,0.0,0.7173469662666321,0.26934292912483215,7.269620713531618,0.0,0.0,23.264927555314262,noise_gaussian,0.5455902892055223
3.9997868997762374,24.595947265625,0.8601803658418683,0.4037873441543166,0.11954022988505747,0.0,0.716448962688446,0.2710074484348297,6.24736646064494,0.0,0.0,73.33475400149176,original,0.0
3.944320501345698,17.53631591796875,0.8759166536815126,0.40109516715021304,0.0,0.0,0.6962167024612427,0.26438575983047485,6.651517873670969,0.0,0.0,63.31096572205139,stripe_artifact,0.36921598451219173
4.016142591908947,24.69573974609375,0.8609101681016529,0.4037873441543166,0.11724137931034483,0.0,0.7006819248199463,0.28880074620246887,6.218140118369571,0.0,0.0,67.30196463124103,brightness_dark,0.14809378556748265
6.583065394139084,14.013427734375,0.8656049038966007,0.40007579915836794,0.11954022988505747,0.0,0.7158456444740295,0.27123963832855225,6.76777917057868,0.0,0.0,80.81006100527694,noise_gaussian,0.04182885816885784
3.9546290883565547,24.2724609375,0.8426403251065833,0.4007278020378457,0.14383561643835616,0.0,0.6766688227653503,0.2928740084171295,6.541690986371511,0.0,0.0,73.63580607762297,original,0.0
6.754730963206462,44.58349609375,0.8243073751055147,0.4022760354638084,0.14383561643835616,0.0,0.6763761639595032,0.29280972480773926,6.465491282050634,0.0,0.0,19.00920069558665,jpeg,0.89898148874259
4.5015462328012195,23.1044921875,0.9901773318663254,0.4017864231838031,0.19406392694063926,0.0,0.6839873194694519,0.3231048882007599,6.758647758595609,0.0,0.0,32.23153416493459,ring_artifact,0.9721962650172604
10.140867537432879,85.11602783203125,0.7916147415956503,0.40464470027788807,0.14383561643835616,0.0,0.6761646866798401,0.28596872091293335,6.91682861757848,0.0,0.0,0.0,blur_gaussian,0.8989246365264746
6.901649310818152,34.2293701171875,0.0,0.0,0.0,0.0,0.3787538707256317,0.38960909843444824,5.681610039027161,0.0,0.6680161943319838,57.21328735351563,original,0.0
15.629028773058788,64.85296630859375,0.0,0.0,0.0,0.0,0.38157814741134644,0.39277178049087524,5.631378705715137,0.0,0.659919028340081,0.0,noise_salt_pepper,0.6820666883105765
4.9370722659272035,16.25244140625,0.0,0.0,0.0,0.0,0.37982386350631714,0.3868762254714966,6.129816897722165,0.0,0.6700404858299596,72.51096635465564,rotation,0.10279362167178563
7.3165534375335906,68.42608642578125,0.0,0.0,0.0,0.0,0.3777134120464325,0.3831864595413208,5.846576650800539,0.0,0.6929824561403508,28.827636317354603,ring_artifact,0.5598835191438697
3.9431629579336818,24.68463134765625,0.84078827212915,0.40504772344464346,0.14578587699316628,0.0,0.6795355081558228,0.291012167930603,6.537819721255444,0.0,0.0,73.71224694710878,original,0.0
3.8800326560185248,20.42083740234375,0.8950384696041642,0.40261476352164266,0.12984054669703873,0.0,0.6584998965263367,0.28285300731658936,6.883558055085487,0.0,0.0,58.21885765378564,stripe_artifact,0.4063773898321168
11.086963077999243,48.10516357421875,0.9998163513806912,1.0,0.1252847380410023,0.0,0.8187372088432312,0.31996068358421326,2.5376925144304643,0.0,0.0,1.7420519846392324,brightness_bright,0.7494776111435393
3.988076815172178,22.9874267578125,0.9060993793191523,0.4090580969440954,0.20045558086560364,0.0,0.554147481918335,0.2537619471549988,7.327754065582473,0.0,0.0,36.2175806044385,vignetting,0.9298810156936744
3.663273166821047,23.6490478515625,0.954718508178211,0.4151096781305115,0.19534883720930232,0.0,0.6448999047279358,0.30689823627471924,6.585052913425657,0.0,0.0,75.57817888785969,original,0.0
3.7272704489823147,19.6492919921875,0.9647004502205163,0.41399360670194,0.19767441860465115,0.0,0.6369220614433289,0.3031798005104065,6.88225974396154,0.0,0.0,68.93831432574808,stripe_artifact,0.16250176710043862
3.9070959894952346,24.448974609375,0.9642917901673758,0.40437610229276894,0.2255813953488372,0.0,0.6251223087310791,0.33695361018180847,7.122152025312074,0.0,0.0,41.52182460574923,ring_artifact,0.8107717199403969
3.735238875877412,23.71893310546875,0.8762353535566398,0.40669091710758376,0.20465116279069767,0.0,0.6021034717559814,0.2901061475276947,7.122432238667976,0.0,0.0,58.6066310799987,vignetting,0.4122944103537973
3.806909914760936,24.76275634765625,0.9571442518295181,0.4150006690753379,0.21462264150943397,0.0,0.6220579743385315,0.3165515661239624,6.668538348515917,0.0,0.0,74.62060056826043,original,0.0
13.295228557700508,60.86962890625,0.9907601062728733,0.40210089656095277,0.21462264150943397,0.0,0.6198875308036804,0.3226761221885681,7.482869816203182,0.0,0.0,0.0,noise_gaussian,0.7365644717550821
4.869840529495846,39.50494384765625,0.9568425949923736,0.4222802087515054,0.21462264150943397,0.0,0.6219131946563721,0.316406786441803,6.931607112460162,0.0,0.0,36.23893662412242,jpeg,0.7823864961476317
3.6538598044642354,22.7044677734375,0.9607737737046589,0.43592934564431957,0.21462264150943397,0.0,0.6232770681381226,0.3159419894218445,5.783610283045503,0.0,0.0,40.205722980583225,contrast_low,0.8022351389371389
4.0200731925354,22.946533203125,0.9783552036771285,0.40223806462922923,0.23444976076555024,0.0,0.605650007724762,0.31784218549728394,6.693116726149454,0.0,0.0,73.19951204976401,original,0.0
4.060919500738096,21.94598388671875,0.9668806774095009,0.4065330450534681,0.23444976076555024,0.0,0.5723903775215149,0.3031022846698761,7.0489901404827,0.0,0.0,43.52490177529765,stripe_artifact,0.7350575388278761
9.642150566129041,57.35986328125,0.9783435685329007,0.40311459124642085,0.23444976076555024,0.0,0.604782223701477,0.3201991319656372,6.698773968276121,0.0,0.0,25.046767842027506,noise_salt_pepper,0.26680570959447203
4.044059546627941,22.703857421875,0.9114225343863689,0.4002220534096885,0.2703349282296651,0.0,0.5783123970031738,0.3522668182849884,7.383431402159555,0.0,0.0,44.988475496883886,ring_artifact,0.7012781881399126
4.3495296557187935,23.7347412109375,0.0,0.0,0.0,0.0,0.5211101174354553,0.34002405405044556,6.851750153724259,0.33330541676678843,0.36665404518490463,71.00313562854137,original,0.0
4.2273810520589885,21.96533203125,0.0,0.0,0.0,0.0,0.522245466709137,0.33783113956451416,5.810475544334929,0.3373028267495323,0.3653918970087089,37.65666364469391,contrast_low,0.8721667829060897
4.445407511593614,20.454345703125,0.0,0.0,0.0,0.0,0.5021696090698242,0.32855528593063354,7.161508653060421,0.3323059944677367,0.3679161933611006,55.60446702765414,stripe_artifact,0.47069002108599034
19.053529526917025,74.9725341796875,0.0,0.0,0.0,0.0,0.5209722518920898,0.3449573516845703,6.838230899804159,0.34567048720562804,0.39946989776599773,0.0,noise_salt_pepper,0.816586605596929
4.082214603315422,24.1220703125,0.0,0.0,0.0,0.0,0.5251926183700562,0.34022194147109985,6.805382206742996,0.0,0.0,72.78523597789719,original,0.0
3.93140278236695,25.52459716796875,0.0,0.0,0.0,0.0,0.5256368517875671,0.4212208092212677,6.066427394707894,0.0,0.42673107890499196,59.80431113971693,contrast_high,0.34965842444591866
4.167981332263833,20.0673828125,0.0,0.0,0.0,0.0,0.4922190308570862,0.32040315866470337,7.1132353981174665,0.0,0.0,43.10195151826053,stripe_artifact,0.7953454991528618
9.061832949534239,52.689453125,0.0,0.0,0.0,0.0,0.524729311466217,0.34180429577827454,6.809334245189717,0.0,0.0,30.670838448206048,noise_salt_pepper,0.22292354720580898
3.962176869097773,24.218994140625,0.9414691357168423,0.4006298003072197,0.3155339805825243,0.0,0.5501059293746948,0.3321726620197296,6.751253647392366,0.0,0.0,73.58548753934818,original,0.0
4.212756805096008,26.18182373046875,0.9428642556070604,0.40159754224270355,0.32281553398058255,0.0,0.5473558902740479,0.3338450491428375,7.057083121408471,0.0,0.0,64.18976309958494,rotation,0.19312978832770866
4.003806440780144,24.60015869140625,0.9459329688969951,0.40086021505376346,0.3131067961165049,0.0,0.5482582449913025,0.33336448669433594,7.090332870634902,0.0,0.0,62.16383462054556,jpeg,0.2786030610230039
8.176268148236057,53.321533203125,0.9070423105384642,0.40110599078341014,0.3179611650485437,0.0,0.5291950702667236,0.32464325428009033,7.24198069163044,0.0,0.0,6.815981516491846,blur_motion,0.9668891040483611
4.291613667735189,25.178955078125,0.0,0.0,0.0,0.0,0.535962700843811,0.33475297689437866,6.795059264467086,0.0,0.0,71.38924221509875,original,0.0
5.035944357873494,22.17901611328125,0.0,0.0,0.0,0.0,0.5351672172546387,0.33467739820480347,7.264038772202893,0.0,0.0,58.23038469508835,noise_speckle,0.3511461290827522
4.246821610332976,26.379638671875,0.0,0.0,0.0,0.0,0.4542591869831085,0.39123156666755676,6.107412169854948,0.1966305390166177,0.3534383403764887,55.700720556711055,brightness_dark,0.39967838436006087
4.685526997134088,23.12921142578125,0.0,0.0,0.0,0.0,0.5137213468551636,0.32169556617736816,7.104826673808847,0.0,0.0,49.63985641862456,stripe_artifact,0.5362157324787219
4.3383172203700795,21.06695556640625,0.0,0.0,0.0,0.0,0.5355916619300842,0.3330751359462738,6.739602441471393,0.0,0.0,73.66630554199219,original,0.0
6.631309564608488,35.8211669921875,0.0,0.0,0.0,0.0,0.5105208158493042,0.34606269001960754,7.026598354144664,0.0,0.0,51.177599495219646,blur_gaussian,0.11534175185142759
5.054994198416933,16.16070556640625,0.0,0.0,0.0,0.0,0.5351144671440125,0.33289241790771484,7.194893665583927,0.0,0.0,72.65640539509364,noise_speckle,0.17856781617246364
4.402820091334195,16.59051513671875,0.0,0.0,0.0,0.0,0.5353303551673889,0.33293282985687256,7.135562475454133,0.0,0.0,77.73156818497105,noise_speckle,0.03825719735326272
4.099229737487155,16.1954345703125,0.0,0.0,0.0,0.0,0.5388676524162292,0.3340984284877777,6.823870309380808,0.0,0.0,79.75570678710938,original,0.0
5.814240569576454,13.8944091796875,0.0,0.0,0.0,0.0,0.6228414177894592,0.37090399861335754,5.183489650702965,0.0,0.0,47.411070291201284,brightness_bright,0.43456375856464435
4.5550683897193975,23.80072021484375,0.0,0.0,0.0,0.0,0.5117892622947693,0.3322184979915619,7.1070216910963095,0.0,0.40558385210337666,38.791972603298035,scale,0.7864281782036819
3.8269847997971485,15.7037353515625,0.0,0.0,0.0,0.0,0.5408707857131958,0.335644006729126,6.253939031676569,0.0,0.0,53.925883763711376,contrast_low,0.6062088533061433
7.322825021206712,31.96136474609375,0.0,0.0,0.0,0.0,0.3682316243648529,0.38887280225753784,5.627863149960092,0.0,0.6848958333333333,60.04829406738281,original,0.0
15.53421856424647,82.84326171875,0.0,0.0,0.0,0.0,0.35711973905563354,0.39008229970932007,4.469029199265734,0.0,0.6711896929824561,0.0,brightness_dark,0.11564578402933046
7.194677808427325,26.65985107421875,0.0,0.0,0.0,0.0,0.31844326853752136,0.33847591280937195,6.052900844195282,0.0,0.6711896929824561,43.61166441736258,vignetting,0.5765880434965995
7.252064882835583,30.019287109375,0.0,0.0,0.0,0.0,0.36781296133995056,0.38834148645401,5.9630658381401505,0.0,0.6842105263157894,60.700429764752,noise_speckle,0.04438653371323109
3.9848734770799017,25.075439453125,0.0,0.0,0.0,0.0,0.5415613651275635,0.3283833861351013,6.79732372977149,0.0,0.0,73.43417681946733,original,0.0
4.080784288041429,25.47235107421875,0.0,0.0,0.0,0.0,0.5434550642967224,0.32901647686958313,6.79732372977149,0.0,0.0,72.72712028431195,contrast_low,0.0016912782186294661
4.04769475050763,25.0931396484375,0.0,0.0,0.0,0.0,0.4571368992328644,0.2901477813720703,7.349007812152889,0.0,0.0,40.75493354194497,vignetting,0.8065108697001039
4.659327142649564,28.04473876953125,0.0,0.0,0.0,0.0,0.5325974822044373,0.33358219265937805,7.102273046086309,0.0,0.0,40.16061908320908,rotation,0.7194299991448455
4.0763821791931445,21.58856201171875,0.0,0.0,0.0,0.0,0.5403072834014893,0.33314114809036255,6.815781993442787,0.0,0.0,73.01429748535156,original,0.0
5.1915577641792945,29.11181640625,0.0,0.0,0.0,0.0,0.5124050378799438,0.3346874415874481,7.119403705309036,0.0,0.4386137962780299,35.90810716585936,scale,0.7370376934903003
11.236177515102495,55.9229736328125,0.0,0.0,0.0,0.0,0.5397818088531494,0.33552858233451843,6.817033573843379,0.0,0.0,15.527424087733811,noise_salt_pepper,0.3642214717812642
8.492509021791378,52.98431396484375,0.0,0.0,0.0,0.0,0.5171138644218445,0.32118040323257446,7.348341552561166,0.0,0.42677714210560924,5.428293749204904,blur_motion,0.9488744859713143
4.009761889452628,25.8463134765625,0.0,0.0,0.0,0.0,0.5459270477294922,0.3237834572792053,6.885447103504758,0.3542500131580049,0.38377192982456143,73.2682540703158,original,0.0
3.9819608959720183,25.87939453125,0.0,0.0,0.0,0.0,0.5092701315879822,0.30566832423210144,7.301464208134715,0.32917777138628074,0.39268092105263164,60.24559258514935,vignetting,0.3302000360425964
4.552814107028499,32.42645263671875,0.0,0.0,0.0,0.0,0.5458052158355713,0.3234778642654419,7.212199720376523,0.35412616968441135,0.3844572368421053,43.11240690252156,jpeg,0.6633874762655443
8.130707835944085,53.85125732421875,0.0,0.0,0.0,0.0,0.513265073299408,0.3253837823867798,7.33573720170363,0.29354908353338166,0.0,17.005110573148087,blur_motion,0.7197542630139502
3.9552875729315797,19.5804443359375,0.0,0.0,0.0,0.0,0.5362535119056702,0.32486966252326965,6.85886852896481,0.0,0.5653759820426487,75.52444458007812,original,0.0
5.525612850109218,23.957763671875,0.0,0.0,0.0,0.0,0.5350672602653503,0.3247321844100952,7.320542406792402,0.0,0.5667789001122334,49.76789524874548,noise_speckle,0.5071225040352692
4.726729221765003,23.357421875,0.0,0.0,0.0,0.0,0.5270913243293762,0.3302619457244873,7.1816285081622055,0.0,0.5822109988776656,54.46750631148133,rotation,0.40839290861921684
3.8254264845984745,19.133056640625,0.0,0.0,0.0,0.0,0.5381503701210022,0.3262142539024353,6.143471904477451,0.0,0.5562570145903479,48.195342631442784,contrast_low,0.697208414194399
4.429412688382396,24.6900634765625,0.9452510676105659,0.40721758170464684,0.3350383631713555,0.0,0.5484899282455444,0.32464271783828735,6.876782100425904,0.0,0.0,70.4705820774507,original,0.0
4.33235570209961,24.09075927734375,0.9389882256480209,0.40721758170464684,0.3350383631713555,0.0,0.5242632627487183,0.34203827381134033,6.868270302158701,0.0,0.0,66.02611669030314,brightness_dark,0.12728779905915322
4.090378727214223,23.71563720703125,0.9455525792252973,0.40721758170464684,0.3350383631713555,0.0,0.5499080419540405,0.3245900869369507,6.2299152413216135,0.0,0.0,46.133631116727656,contrast_low,0.6649294342127715
4.218210996684913,23.77362060546875,0.9485031214554881,0.40721758170464684,0.3350383631713555,0.0,0.5499619841575623,0.32469841837882996,6.216538511890354,0.0,0.0,44.7858755445246,contrast_low,0.6773179452727329
4.075049920142443,24.03521728515625,0.9595342699509862,0.4033755682367734,0.32908163265306123,0.0,0.5447335243225098,0.32675305008888245,6.923880205424986,0.0,0.0,72.8330005323837,original,0.0
4.090683521675187,24.17047119140625,0.9457490610202544,0.4077441403101525,0.33163265306122447,0.0,0.5278787016868591,0.31729215383529663,7.334521839619301,0.0,0.0,65.76768279376768,vignetting,0.17402734320994395
3.897395022751071,26.66632080078125,0.9899734141298935,0.4033755682367734,0.32908163265306123,0.0,0.6091687679290771,0.35668155550956726,6.179430988702617,0.0,0.0,61.97937153237026,brightness_bright,0.3009498745655653
6.5854918056169165,33.55157470703125,0.9953910989529993,0.5116065383499371,0.33163265306122447,0.0,0.4088589549064636,0.3929227590560913,4.545420763957645,0.0,0.0,23.46875277730826,brightness_dark,0.8337251693040575
4.061859445138202,24.6593017578125,0.9541503988859129,0.4060624659028914,0.41711229946524064,0.0,0.5374120473861694,0.32798290252685547,6.898191072429408,0.0,0.0,72.92093703241198,original,0.0
5.127886659743201,23.7386474609375,0.954490542189141,0.4023458810692853,0.41711229946524064,0.0,0.5366697907447815,0.3275044560432434,7.321445301846813,0.0,0.0,58.85014199907104,noise_speckle,0.2869137168689272
3.9498173155291543,23.819580078125,0.9541156467574792,0.4138366066557556,0.41711229946524064,0.0,0.5395340919494629,0.33002591133117676,6.034779830971402,0.0,0.0,42.23753146403577,contrast_low,0.7857588274775801
5.184835489528819,30.95245361328125,0.9978358678956948,0.4060624659028914,0.41711229946524064,0.0,0.6497299075126648,0.35810452699661255,4.283948635584778,0.0,0.0,35.12120803527557,brightness_bright,0.6547056237030716
4.504845495961343,23.18267822265625,0.9401581395881273,0.40664421108249127,0.32142857142857145,0.0,0.546873927116394,0.331531822681427,6.872366899321268,0.0,0.0,71.02165222167969,original,0.0
4.932080588271761,22.0010986328125,0.9821317103124438,0.40664421108249127,0.3239795918367347,0.0,0.5470830202102661,0.42309272289276123,5.6276695704786,0.0,0.0,52.674428957464386,contrast_high,0.44178601683795293
4.855739232034093,25.38421630859375,0.9382936947514258,0.40484446205666735,0.3239795918367347,0.0,0.5467535257339478,0.3316737115383148,7.207386086441412,0.0,0.0,59.7216735746938,rotation,0.2137014009891003
5.75868069419573,30.77117919921875,0.9838408059685062,0.40664421108249127,0.3239795918367347,0.0,0.5398734211921692,0.46052706241607666,4.018080894987648,0.0,0.0,29.786610036736484,contrast_high,0.793735399106002
4.2780924724814815,25.98291015625,0.9505250737801003,0.4003903949383277,0.33423180592991913,0.0,0.5499101877212524,0.3270537257194519,6.871348640628321,0.0,0.0,71.47938351679014,original,0.0
4.635117018040839,27.0423583984375,0.9732591058629143,0.40180389385296245,0.41778975741239893,0.0,0.5356008410453796,0.34131303429603577,7.431108718136734,0.0,0.0,39.660762042118876,ring_artifact,0.7359614459402217
4.601480624782455,26.2210693359375,0.9523231736280281,0.40185437595705653,0.33423180592991913,0.0,0.5381512641906738,0.3366403877735138,7.176271882364524,0.0,0.0,65.93164103244543,rotation,0.08479553672512175
5.413785147529131,31.267333984375,0.9943134710149475,0.4276675585171723,0.33423180592991913,0.0,0.426408052444458,0.40263795852661133,5.002615558407798,0.0,0.0,35.97854102789753,brightness_dark,0.6638538363049987
4.174626977903912,23.409912109375,0.9498390193703681,0.4077332242225859,0.32085561497326204,0.0,0.5422338843345642,0.33097025752067566,6.82232217565985,0.0,0.0,72.16915348064059,original,0.0
5.248766627950836,25.0333251953125,0.9890086845116608,0.4077332242225859,0.32085561497326204,0.0,0.6078589558601379,0.36061808466911316,5.766806950655025,0.0,0.0,55.30081328946734,brightness_bright,0.3351882554098009
4.461627118220004,20.3265380859375,0.9577226186944894,0.4044599018003273,0.38235294117647056,0.0,0.5020665526390076,0.309530645608902,7.118430591639819,0.0,0.0,36.511840894479114,stripe_artifact,0.9519996624524752
18.41455269388168,71.36932373046875,0.9521805885682767,0.40902891434806327,0.3181818181818182,0.0,0.5414347648620605,0.3353666365146637,6.808341381252794,0.0,0.0,0.0,noise_salt_pepper,0.672795670557167
6.930494184056641,30.47064208984375,0.0,0.0,0.0,0.0,0.37766340374946594,0.38440021872520447,5.650010092745191,0.0,0.5685897435897436,61.911697387695305,original,0.0
17.054892205162815,70.7386474609375,0.0,0.0,0.0,0.0,0.3808044493198395,0.388189435005188,5.594900627043792,0.0,0.5653846153846154,0.0,noise_salt_pepper,0.8065628945762658
6.375324425866012,29.9600830078125,0.0,0.0,0.0,0.0,0.37853264808654785,0.38290753960609436,6.152633394405928,0.0,0.5679487179487179,61.57288073116131,noise_gaussian,0.024425387726826342
16.649044401283103,73.591552734375,0.0,0.0,0.0,0.0,0.38195279240608215,0.3891657292842865,5.583958748759372,0.0,0.5679487179487179,0.0,noise_salt_pepper,0.9839360227818514
4.082341097263725,23.789794921875,0.9522698581592541,0.40032827521522124,0.38005390835579517,0.0,0.5521829128265381,0.3243308365345001,6.849622678853249,0.0,0.0,72.78439268490851,original,0.0
6.095452060308306,32.640380859375,0.99660425815431,0.40032827521522124,0.37735849056603776,0.0,0.6840009689331055,0.33553534746170044,4.0304392779334375,0.0,0.0,25.21001614079197,brightness_bright,0.8497376946247319
7.231969059659763,49.2685546875,0.9373464823197597,0.4034100425417881,0.38005390835579517,0.0,0.5240318775177002,0.32881519198417664,7.2849430262535915,0.0,0.0,33.57022620039801,blur_motion,0.45541616838008914
4.133313020592543,23.82318115234375,0.9456521623148394,0.40789870364787456,0.38544474393531,0.0,0.4837692975997925,0.2905450761318207,7.315321488888809,0.0,0.0,47.25396463320783,vignetting,0.6297653807377137
4.024803887195615,22.8485107421875,0.9606836745275753,0.41068766937669376,0.3541666666666667,0.0,0.5531935095787048,0.32231536507606506,6.845422319726533,0.0,0.0,73.16797408536256,original,0.0
19.776123813239884,69.78790283203125,0.9626141404451128,0.40165989159891596,0.3515625,0.0,0.5517265796661377,0.32750678062438965,6.830626854966249,0.0,0.0,0.0,noise_salt_pepper,0.7183459154989886
3.9705941860831255,22.78314208984375,0.9626060367256455,0.41068766937669376,0.3541666666666667,0.0,0.5553475618362427,0.32374683022499084,6.443299221968064,0.0,0.0,53.75428533236169,contrast_low,0.49437716901043693
7.72498110058693,47.3763427734375,0.9611047626932738,0.411229674796748,0.3515625,0.0,0.5528596043586731,0.3235912621021271,6.847342002392979,0.0,0.0,42.5972721924352,noise_salt_pepper,0.1475713450912982
4.069654477418098,22.5126953125,0.9461123431190425,0.4002019182231196,0.35013262599469497,0.0,0.5481797456741333,0.3269314169883728,6.851189973958633,0.0,0.0,72.868970150546,original,0.0
4.520073708369366,20.351806640625,0.9791829008245745,0.4081272084805654,0.32625994694960214,0.0,0.4428633749485016,0.3636952340602875,6.518011693359662,0.0,0.0,74.33844897369748,scale,0.00554481813803176
4.800696430385175,19.9010009765625,0.9854308159404388,0.4093218913006899,0.376657824933687,0.0,0.5616213083267212,0.3167939782142639,7.325408141856365,0.0,0.0,40.70612616239602,ring_artifact,0.8604405654225213
4.177434115452476,22.8992919921875,0.93716513267231,0.4101295641931684,0.35278514588859416,0.0,0.5361126065254211,0.32025036215782166,7.256309743673544,0.0,0.0,67.88694736777528,vignetting,0.10658729656353894
4.1624483865688955,23.41668701171875,0.9364917920216592,0.4089910751638544,0.34656084656084657,0.0,0.5395619869232178,0.3277687430381775,6.8554035010470145,0.0,0.0,72.2503440895407,original,0.0
4.083420219526516,23.39495849609375,0.9353393541598297,0.4089910751638544,0.34656084656084657,0.0,0.5415080189704895,0.3275805711746216,6.8554035010470145,0.0,0.0,64.02355306399711,contrast_low,0.21884113681231943
4.433955074912317,25.78216552734375,0.9837426434704744,0.40674243480686095,0.41798941798941797,0.0,0.5862987637519836,0.3052842915058136,7.165124496945944,0.0,0.0,32.121657809402954,ring_artifact,0.9579660422795397
5.218461223328681,27.32421875,0.9710245664582391,0.4089910751638544,0.34656084656084657,0.0,0.4452698230743408,0.3920450210571289,5.924492824744666,0.0,0.0,47.262731179529915,brightness_dark,0.46454988457425217
4.4352875423247315,23.80804443359375,0.9552110987632849,0.40375,0.36065573770491804,0.0,0.5435262322425842,0.324006050825119,6.858432309617287,0.0,0.0,70.43141638450179,original,0.0
4.360240396239503,22.89447021484375,0.9515772425431289,0.40375,0.36065573770491804,0.0,0.49436378479003906,0.3602329194545746,6.826479126280124,0.0,0.0,61.41398104504645,brightness_dark,0.24919827965997166
4.402834491805676,22.259521484375,0.9556786119787462,0.40891304347826085,0.40437158469945356,0.0,0.5384603142738342,0.3209894895553589,7.106372012942893,0.0,0.0,67.32125417695588,stripe_artifact,0.12135859918938441
13.63780620813056,54.8504638671875,0.972762242099264,0.4002173913043478,0.3333333333333333,0.0,0.5402692556381226,0.32966184616088867,7.594851241605078,0.0,0.0,0.0,noise_gaussian,0.8014166017222645
4.18785089548917,21.25543212890625,0.9703525587378701,0.40024565713283033,0.32972972972972975,0.0,0.5436501502990723,0.32911983132362366,6.852407954929037,0.0,0.0,73.43070983886719,original,0.0
4.796651437431159,24.63958740234375,0.9690229312132923,0.4051061589752588,0.32972972972972975,0.0,0.5417718291282654,0.3292955160140991,7.20109446890134,0.0,0.0,47.95524031284677,rotation,0.5311318858555887
7.147941899329504,26.80841064453125,0.9956401216958568,0.43644499034918405,0.32972972972972975,0.0,0.43057239055633545,0.39926281571388245,5.220321701976017,0.0,0.0,41.43592853592342,brightness_dark,0.5954523184694197
4.350598120310343,20.43524169921875,0.9789978848834495,0.4009826285313213,0.41621621621621624,0.0,0.5725607872009277,0.30774518847465515,7.1716285672390505,0.0,0.0,38.798910843559085,ring_artifact,0.891425925810437
4.301395520719537,23.218505859375,0.9898984781033329,0.4032608080312494,0.37815126050420167,0.0,0.5463459491729736,0.32340142130851746,6.802455339303947,0.0,0.0,71.32402986186975,original,0.0
8.768279814658483,34.1856689453125,0.9993177311793204,0.4032608080312494,0.36134453781512604,0.0,0.672490119934082,0.3358851969242096,4.1758189830390435,0.0,0.0,19.597476994720694,brightness_bright,0.8150065073316839
4.297246639851283,23.228515625,0.9740998728884465,0.40635555639424076,0.4061624649859944,0.0,0.4857991337776184,0.2904214859008789,7.28101869888967,0.0,0.0,51.16056247468204,vignetting,0.504778164824402
4.35057599229209,21.0697021484375,0.983307516792221,0.41046930726699754,0.37815126050420167,0.0,0.5074340105056763,0.30321240425109863,7.132383958225887,0.0,0.0,37.38868309620859,stripe_artifact,0.9068547304561134
3.9416820260740244,24.43975830078125,0.980214905187301,0.40209366391184576,0.3561643835616438,0.0,0.5524375438690186,0.32272961735725403,6.850697826105992,0.0,0.0,73.72211982617317,original,0.0
8.250417765767105,38.067626953125,0.9934128133224217,0.40209366391184576,0.36164383561643837,0.0,0.5413523316383362,0.46078941226005554,3.772670282998715,0.0,0.0,11.270054408153449,contrast_high,0.8972081032332622
4.775817184159264,30.81072998046875,0.9677111853703265,0.40784205693296605,0.4246575342465753,0.0,0.4990265965461731,0.32981014251708984,7.186800908084789,0.0,0.0,33.701422380941075,scale,0.8614949097832623
3.8105688519108245,24.30743408203125,0.9867904466687036,0.40209366391184576,0.3561643835616438,0.0,0.5565346479415894,0.38032984733581543,6.469619436704886,0.0,0.0,64.22854571532706,contrast_high,0.25919154846501935
3.869056814187272,24.41839599609375,0.9686691521978492,0.4077530509691314,0.3673469387755102,0.0,0.5267859101295471,0.32653090357780457,6.873149989785434,0.0,0.0,74.2062879054182,original,0.0
22.719401245802715,76.4447021484375,0.9694940377478483,0.4096738518849072,0.3673469387755102,0.0,0.5265840291976929,0.3321570158004761,6.8551573732679785,0.0,0.0,0.0,noise_salt_pepper,0.8398628878419208
6.7888183442112515,30.1661376953125,0.9771098811462694,0.40589045614171243,0.3673469387755102,0.0,0.5249565243721008,0.3263316750526428,7.371821068917786,0.0,0.0,31.65978050897276,noise_speckle,0.7658136842971655
4.818450697282386,29.351318359375,0.9904994699948559,0.4077530509691314,0.3673469387755102,0.0,0.4260593056678772,0.3922628164291382,5.774688483272812,0.0,0.0,48.49311466864009,brightness_dark,0.4845970170702668
