u_niqe,u_brisque,img_mean,img_std,img_entropy,a_rx_skull.penetration_index,a_rx_skull.sinus_air_score,a_rx_abdomen.nps_fat,a_rx_abdomen.free_air_detector,a_rx_chest.lung_symmetry,a_rx_chest.inspiration_index,a_rx_chest.mediastinum_width,a_rx_chest.rotation_angle,score,deg_type,severity
5.417391163863964,45.0069580078125,0.3081154227256775,0.24425344169139862,6.517101017484976,0.0,0.0,0.0,0.0,0.0,0.0,0.0,0.0,63.88405890757358,original,0.0
5.332358310122961,46.21112060546875,0.30665725469589233,0.2430732697248459,6.50311139903932,0.0,0.0,0.0,0.0,0.0,0.0,0.0,0.0,59.997701872553044,rotation,0.11133106816568039
5.4718341584971055,46.75030517578125,0.279132604598999,0.24793092906475067,6.089843759898392,0.0,0.0,0.0,0.0,0.0,0.0,0.0,0.0,52.51993287525452,scale,0.27502931836911926
9.648059069426328,70.09765625,0.3090614974498749,0.24663928151130676,6.512449123410489,0.0,0.0,0.0,0.0,0.0,0.0,0.0,0.0,30.098089062818723,noise_salt_pepper,0.1395379285251439
4.404992256253997,23.77783203125,0.2359008938074112,0.24983328580856323,5.995966046826285,0.0,0.0,0.0,0.0,0.0,0.0,0.0,0.0,70.63338495830669,original,0.0
7.032394558730692,54.1812744140625,0.23735830187797546,0.22886693477630615,6.081197122094856,0.0,0.0,0.0,0.0,0.0,0.0,0.0,0.0,26.0493901115456,blur_motion,0.6766994874229113
4.426880543018658,24.77044677734375,0.21879008412361145,0.23317690193653107,5.77551721109993,0.0,0.4708584553545795,0.0,0.0,0.0,0.0,0.0,0.0,48.67280169660828,vignetting,0.5453665337483498
4.263186468852441,23.23101806640625,0.2807300090789795,0.2925064265727997,5.826639813371473,0.0,0.0,0.0,0.0,0.0,0.0,0.0,0.0,54.70188408690625,brightness_bright,0.4219218196852704
6.100881651149169,44.3721923828125,0.19608864188194275,0.1868072897195816,6.782859745859406,0.0,0.0,0.0,0.0,0.0,0.0,0.0,0.0,59.327455659005544,original,0.0
6.886621994457919,52.6275634765625,0.20655463635921478,0.19455116987228394,6.851520861406027,0.0,0.33478513356562134,0.0,0.0,0.0,0.0,0.0,0.0,50.34137710915018,blur_gaussian,0.09369523986159245
19.566078335299302,82.99658203125,0.20108361542224884,0.1999068409204483,6.801076169307931,0.0,0.0,0.0,0.0,0.0,0.0,0.0,0.0,0.0,noise_salt_pepper,0.5053552881033624
10.188984651131436,72.59234619140625,0.2231917679309845,0.20389975607395172,6.69893184633313,0.0,0.6101432442895857,0.0,0.0,0.0,0.0,0.0,0.0,9.62363314157924,blur_gaussian,0.561245062938613
6.835063419188213,49.04315185546875,0.25506043434143066,0.18612220883369446,6.711768776662904,0.0,0.0,0.0,0.0,0.0,0.0,0.0,0.0,54.43291053874525,original,0.0
6.869811213133861,51.85870361328125,0.2676491439342499,0.1816565841436386,6.871535912101088,0.0,0.0,0.0,0.0,0.0,0.0,0.0,0.0,28.20588106792667,scale,0.6498844377795232
6.576227066980586,47.850830078125,0.1509094536304474,0.1721142828464508,5.537012400511887,0.0,0.0,0.0,0.0,0.0,0.0,0.0,0.0,39.377693381663065,brightness_dark,0.41951982096165874
6.222799937178674,46.3291015625,0.19144420325756073,0.21172983944416046,5.584406192842895,0.0,0.0,0.0,0.0,0.0,0.0,0.0,0.0,34.94403973043915,contrast_high,0.5892656838759087
6.835063419188213,49.04315185546875,0.25506043434143066,0.18612220883369446,6.711768776662904,0.0,0.0,0.0,0.0,0.0,0.0,0.0,0.0,54.43291053874525,original,0.0
6.548001162189137,45.37335205078125,0.23758654296398163,0.19342611730098724,7.007497946605918,0.3417042419522205,0.0,0.0,0.0,0.0,0.0,0.0,0.0,21.574646087021726,ring_artifact,0.869300320792934
6.399631952951158,45.5689697265625,0.24700021743774414,0.19245721399784088,7.128224115452786,0.36804216832893444,0.0,0.0,0.0,0.0,0.0,0.0,0.0,25.10301690701329,ring_artifact,0.8058192518328079
6.304693115052631,49.96484375,0.2461826652288437,0.18835251033306122,6.565524063765736,0.0,0.0,0.0,0.0,0.0,0.0,0.0,0.0,41.06413664017569,scale,0.42261439815350255
4.5682694143976255,31.97198486328125,0.29520925879478455,0.21939963102340698,6.678761573503698,0.0,0.0,0.0,0.0,0.0,0.0,0.0,0.0,69.5448705706825,original,0.0
4.443159048551639,22.883056640625,0.2935772240161896,0.2190384864807129,6.650942239840962,0.0,0.0,0.0,0.0,0.0,0.0,0.0,0.0,65.17699920674748,noise_speckle,0.15547949981178155
4.28637556081937,26.15313720703125,0.3036811351776123,0.2156934291124344,7.226285115607066,0.8008024940710432,0.508888888888889,0.0,0.0,0.0,0.0,0.0,0.0,57.96038112336579,ring_artifact,0.33659454511262676
6.687600768464485,39.65301513671875,0.29609763622283936,0.2011502981185913,6.733326821852863,0.0,0.0,0.0,0.0,0.0,0.0,0.0,0.0,40.21890285140993,blur_motion,0.3799273006373374
5.8214553115349945,38.9720458984375,0.2829079329967499,0.2228296548128128,6.935908134977791,0.0,0.0,0.0,0.0,0.0,0.0,0.0,0.0,61.19029792310003,original,0.0
7.166000716934983,45.8900146484375,0.2833102345466614,0.22230210900306702,6.818295754501904,0.0,0.0,0.0,0.0,0.0,0.0,0.0,0.0,18.326887233201724,jpeg,0.8474943663474598
5.601200548650334,38.45843505859375,0.3138025403022766,0.24451346695423126,6.836731551531962,0.0,0.0,0.0,0.0,0.0,0.0,0.0,0.0,52.07782832011726,brightness_bright,0.26452086722201307
9.75983784705647,76.8546142578125,0.29117316007614136,0.19954542815685272,7.04939701975464,0.0,0.0,0.0,0.0,0.0,0.0,0.0,0.0,5.7451428852041495,blur_gaussian,0.7297317866938179
4.4455464190591165,29.13165283203125,0.27378684282302856,0.23177063465118408,6.727517879941116,0.0,0.0,0.0,0.0,0.0,0.0,0.0,0.0,70.36302387293922,original,0.0
4.481495424669857,33.29364013671875,0.2472342997789383,0.23021544516086578,6.246047048696887,0.0,0.0,0.0,0.0,0.0,0.0,0.0,0.0,65.1303173214059,brightness_dark,0.12482616285320935
4.46998779753232,29.47015380859375,0.2651338279247284,0.2273445576429367,6.544836519102303,0.0,0.0,0.0,0.0,0.0,0.0,0.0,0.0,55.05870626145038,vignetting,0.3785343772083535
4.737173685829979,34.2581787109375,0.21383467316627502,0.2239367663860321,5.5060514339774675,0.0,0.0,0.0,0.0,0.0,0.0,0.0,0.0,56.691710838183084,brightness_dark,0.2931782814070929
4.141080377293407,30.62823486328125,0.29174819588661194,0.2256866693496704,7.000143545230832,0.0,0.0,0.0,0.0,0.0,0.0,0.0,0.0,72.39279748471061,original,0.0
3.9013143942545776,34.47509765625,0.28983309864997864,0.2236437350511551,6.988390264019565,0.0,0.0,0.0,0.0,0.0,0.0,0.0,0.0,49.250447277066314,rotation,0.6185197523642461
4.056970918654901,29.60235595703125,0.28282761573791504,0.2195555567741394,6.933664250163295,0.0,0.0,0.0,0.0,0.0,0.0,0.0,0.0,58.48812616228827,stripe_artifact,0.3616350261669765
16.21429318668979,75.8397216796875,0.2961767613887787,0.23709000647068024,6.960173717440723,0.0,0.0,0.0,0.0,0.0,0.0,0.0,0.0,0.0,noise_salt_pepper,0.7045718362149235
6.101894619854489,43.2972412109375,0.3114062249660492,0.23254382610321045,7.300451476652852,0.0,0.0,0.0,0.0,0.0,0.0,0.0,0.0,59.32070253430341,original,0.0
9.700883907118943,76.69464111328125,0.3070307970046997,0.220916748046875,7.303645023533427,0.0,0.0,0.0,0.0,0.0,0.0,0.0,0.0,8.876907876498649,blur_gaussian,0.6612633185677101
5.861979839415517,40.337158203125,0.3102107346057892,0.24458380043506622,7.252250345408067,0.0,0.3965897845779097,0.0,0.0,0.0,0.0,0.0,0.0,49.344615859812265,ring_artifact,0.28938796360210717
9.915572508030028,69.56182861328125,0.31112152338027954,0.214693084359169,7.276037802044973,0.0,0.0,0.0,0.0,0.0,0.0,0.0,0.0,0.0,blur_motion,0.8553177210151469
3.9365371288760116,26.8763427734375,0.3182695806026459,0.24084587395191193,7.1015127002153235,0.0,0.0,0.0,0.0,0.0,0.0,0.0,0.0,73.7564191408266,original,0.0
3.8625119874953167,26.63330078125,0.31488341093063354,0.23910211026668549,7.1008346847208195,0.0,0.0,0.0,0.0,0.0,0.0,0.0,0.0,70.20986290697539,stripe_artifact,0.10100142940972912
4.310149995744823,10.57415771484375,0.3160771131515503,0.24023421108722687,7.105644144266677,0.0,0.0,0.0,0.0,0.0,0.0,0.0,0.0,68.64589076170789,noise_speckle,0.4534103023684355
3.7691882815977245,25.71160888671875,0.30876725912094116,0.2344496250152588,7.065795242363967,0.0,0.0,0.0,0.0,0.0,0.0,0.0,0.0,60.27879096387847,stripe_artifact,0.36483217897008424
4.942925068737335,26.111328125,0.18332213163375854,0.23755493760108948,5.2118415366922175,0.0,0.768888888888889,0.0,0.0,0.0,0.0,0.0,0.0,67.04716620841778,original,0.0
6.000726360534482,25.30780029296875,0.18557187914848328,0.2368040531873703,5.413828100494156,0.0,0.768888888888889,0.0,0.0,0.0,0.0,0.0,0.0,53.46202324707608,jpeg,0.3552707002275215
5.750684264441014,30.67498779296875,0.19536159932613373,0.2479698359966278,5.3511279881989156,0.0,0.6903703703703703,0.0,0.0,0.0,0.0,0.0,0.0,50.982992021762044,rotation,0.26697782204911336
5.137510296485627,27.146240234375,0.17916059494018555,0.2321009486913681,4.883975544820239,0.0,0.7614814814814815,0.0,0.0,0.0,0.0,0.0,0.0,38.4080247352958,vignetting,0.6835476655366672
6.499059057357189,46.02447509765625,0.18746837973594666,0.2041727900505066,6.117666349746807,0.0,0.0,0.0,0.0,0.0,0.0,0.0,0.0,56.672939617618745,original,0.0
8.251983805194056,61.93072509765625,0.2027401477098465,0.22340679168701172,5.935047611783274,0.0,0.0,0.0,0.0,0.0,0.0,0.0,0.0,20.621534405360098,blur_motion,0.6091310056669882
10.659136573741916,63.9842529296875,0.19332751631736755,0.20727495849132538,6.675399594975022,0.0,0.0,0.0,0.0,0.0,0.0,0.0,0.0,7.573494427198906,noise_gaussian,0.534139877029708
10.906913515965929,79.83636474609375,0.1893470138311386,0.20860017836093903,6.139209290877323,0.0,0.0,0.0,0.0,0.0,0.0,0.0,0.0,20.751143476416676,noise_salt_pepper,0.1634024937619284
4.390725772822238,24.3065185546875,0.3715059161186218,0.29284757375717163,6.840998497704794,0.627657152716401,0.0,0.0,0.0,0.0,0.0,0.0,0.0,70.72849484785175,original,0.0
4.44535521440699,25.209716796875,0.37132948637008667,0.29354166984558105,6.4520980925142855,0.6267235186046777,0.0,0.0,0.0,0.0,0.0,0.0,0.0,59.566385499248945,contrast_low,0.269947826784278
4.438886458304472,24.769287109375,0.33161380887031555,0.26087895035743713,6.662658039524901,0.5686788518610083,0.0,0.0,0.0,0.0,0.0,0.0,0.0,44.80743321713982,vignetting,0.6399997598540929
4.979471557559982,29.50897216796875,0.3348090350627899,0.2910047769546509,6.236298035156707,0.5935612606511192,0.0,0.0,0.0,0.0,0.0,0.0,0.0,58.01891599078937,brightness_dark,0.21961517397026897
4.952555897839987,38.21771240234375,0.25515371561050415,0.27345407009124756,5.74541558739281,0.6384068360122309,0.6104003101676845,0.0,0.0,0.0,0.0,0.0,0.0,66.98296068106674,original,0.0
5.2366792657714765,33.994384765625,0.25639206171035767,0.27178987860679626,5.726657145775585,0.6401258370033195,0.6137927692158573,0.0,0.0,0.0,0.0,0.0,0.0,31.374728087264437,jpeg,0.8428519201898096
5.258109835235835,33.95831298828125,0.2547761797904968,0.2715398967266083,6.162660802007716,0.6416012133595231,0.611611902684889,0.0,0.0,0.0,0.0,0.0,0.0,62.708416529789744,ring_artifact,0.05593794754928394
4.917990456095702,37.78973388671875,0.2538057267665863,0.2725236117839813,5.717462530883754,0.6378125388628487,0.6237278278569351,0.0,0.0,0.0,0.0,0.0,0.0,65.92938720320048,stripe_artifact,0.03210024390403776
4.510317491896905,27.4659423828125,0.337089478969574,0.2987426519393921,6.97110218098989,0.0,0.6561214181880898,0.0,0.0,0.0,0.0,0.0,0.0,69.93121672068729,original,0.0
4.397870254081717,26.56524658203125,0.33653345704078674,0.29902738332748413,6.910079462372898,0.0,0.6568605711188311,0.0,0.0,0.0,0.0,0.0,0.0,54.6342734918954,jpeg,0.40116478702232894
6.569477232607726,44.1348876953125,0.3356279730796814,0.2852133810520172,7.013664027720412,0.0,0.6354251361273313,0.0,0.0,0.0,0.0,0.0,0.0,47.76417137249544,blur_motion,0.21098284358632646
4.572697169608844,29.10760498046875,0.46760010719299316,0.3698807656764984,6.196635520556692,0.0,0.0,0.0,0.0,0.0,0.0,0.0,0.0,34.460647143700946,brightness_bright,0.8763676264726689
3.9691420974041978,11.33294677734375,0.4794866740703583,0.34658485651016235,7.42802906792174,0.0,0.0,0.0,0.0,0.0,0.0,0.0,0.0,85.83381652832031,original,0.0
3.9599602458867866,11.05145263671875,0.4794239103794098,0.346478134393692,7.424818175060888,0.0,0.0,0.0,0.0,0.0,0.0,0.0,0.0,77.68062244193594,jpeg,0.2126265440541406
5.1783839595726535,20.2734375,0.493017315864563,0.3922683298587799,5.635359124683946,0.726368833376573,0.0,0.0,0.0,0.0,0.0,0.0,0.0,54.61671301612276,contrast_high,0.39563190106066426
4.141656293879456,12.15045166015625,0.41328108310699463,0.3015109896659851,7.225084731760037,0.6978180961331654,0.0,0.0,0.0,0.0,0.0,0.0,0.0,59.09786061678772,vignetting,0.6428518702004242
4.091904643380121,24.1495361328125,0.32467731833457947,0.24755413830280304,6.398489084512111,0.0,0.0,0.0,0.0,0.0,0.0,0.0,0.0,72.72063571079919,original,0.0
8.6777856541509,35.184814453125,0.3261186182498932,0.24434201419353485,6.933779766748543,0.0,0.0,0.0,0.0,0.0,0.0,0.0,0.0,45.42377527367165,noise_gaussian,0.26488016649805246
16.15202149647718,74.35797119140625,0.32869067788124084,0.25754302740097046,6.343288102757953,0.0,0.0,0.0,0.0,0.0,0.0,0.0,0.0,0.0,noise_salt_pepper,0.7449889820916066
3.97266309852612,26.76318359375,0.274199515581131,0.24077558517456055,5.907491756489337,0.0,0.0,0.0,0.0,0.0,0.0,0.0,0.0,63.00591500224179,brightness_dark,0.26274160852293527
7.350738121090233,52.444580078125,0.23854506015777588,0.16678407788276672,6.795296869989178,0.0,0.0,0.02256821282207966,0.7809844825175911,0.0,0.0,0.0,0.0,50.99507919273179,original,0.0
6.889823604157746,51.8089599609375,0.2858898639678955,0.19353757798671722,6.71020372338149,0.0,0.0,0.02106836624443531,0.7270693859799002,0.0,0.0,0.0,0.0,36.93048954716518,brightness_bright,0.4284338272945797
6.780848434751918,51.7841796875,0.28283512592315674,0.19185073673725128,6.716134851592116,0.0,0.0,0.021218284964561462,0.7270693859799002,0.0,0.0,0.0,0.0,38.81832356270466,brightness_bright,0.39940050514039727
28.41874367007376,100.05438232421875,0.24634858965873718,0.1910291463136673,6.807804666957159,0.0,0.0,0.08820004761219025,0.7724413240342347,0.0,0.0,0.0,0.0,0.0,noise_salt_pepper,0.997325777989161
5.980815819239463,55.9603271484375,0.20008182525634766,0.2813015878200531,4.167679524544973,0.0,0.5802957107304934,0.0,0.0,0.0,0.0,0.0,0.0,52.09599405681217,original,0.0
9.544765684671795,54.91802978515625,0.2128223031759262,0.2736845910549164,5.962688587212972,0.05396954437632125,0.7928560972039234,0.0,0.0,0.0,0.0,0.0,0.0,15.987177021796125,noise_gaussian,0.5095262936764645
6.75633028138603,76.1778564453125,0.20004287362098694,0.26025891304016113,4.251957172343988,0.00027130740064192283,0.5185185185185186,0.0,0.0,0.0,0.0,0.0,0.0,22.918178352950335,blur_motion,0.7557821575337378
5.865129342463828,56.09381103515625,0.1980084776878357,0.27854132652282715,4.150738491946846,0.0,0.6057678231591276,0.0,0.0,0.0,0.0,0.0,0.0,47.49826593530921,stripe_artifact,0.10964913035065915
4.486780551373544,37.64739990234375,0.18826445937156677,0.2355012595653534,5.340094102744888,0.0,0.0,0.0,0.0,0.0,0.0,0.0,0.0,66.7511762843111,original,0.0
4.610107146102635,39.1656494140625,0.18676944077014923,0.2320731282234192,5.361605799199233,0.0,0.0,0.0,0.0,0.0,0.0,0.0,0.0,60.6207924210924,rotation,0.15998200172245025
4.709627085766605,39.529541015625,0.18705710768699646,0.23232808709144592,5.3653706423436365,0.0,0.0,0.0,0.0,0.0,0.0,0.0,0.0,50.1807343573081,rotation,0.42215996679968404
6.745640808196961,56.4683837890625,0.18585942685604095,0.21841630339622498,5.459503360925016,0.0,0.0,0.0,0.0,0.0,0.0,0.0,0.0,39.638368811706925,blur_motion,0.38476731167450007
5.068925290299037,42.2235107421875,0.40564972162246704,0.26318153738975525,6.951734794144214,0.0,0.0,0.0,0.0,0.0,0.0,0.0,0.0,66.20716473133974,original,0.0
5.155781408114302,48.73602294921875,0.6136649250984192,0.3408985137939453,5.808347401689234,0.0,0.0,0.0,0.0,0.0,0.0,0.0,0.0,25.783268736300776,brightness_bright,0.9961213802400968
5.121146614468904,43.81414794921875,0.34942513704299927,0.28041598200798035,6.31114239446717,0.0,0.0,0.0,0.0,0.0,0.0,0.0,0.0,55.80245777093477,brightness_dark,0.2514141199818132
5.248934989029187,44.60040283203125,0.22033435106277466,0.26822277903556824,5.08601676530298,0.0,0.0,0.0,0.0,0.0,0.0,0.0,0.0,29.144021476907326,brightness_dark,0.8607797022344981
5.068925290299037,42.2235107421875,0.40564972162246704,0.26318153738975525,6.951734794144214,0.0,0.0,0.0,0.0,0.0,0.0,0.0,0.0,66.20716473133974,original,0.0
9.493411359912477,68.49615478515625,0.3989347219467163,0.23305168747901917,7.103450900984024,0.0,0.0,0.0,0.0,0.0,0.0,0.0,0.0,9.499254523656077,blur_gaussian,0.6802834102565185
6.7793030068255264,50.90740966796875,0.37933993339538574,0.23232445120811462,7.0799698037511565,0.0,0.0,0.0,0.0,0.0,0.0,0.0,0.0,27.536231860100166,blur_motion,0.6817103690265748
5.118430901152358,42.744873046875,0.24629278481006622,0.27181699872016907,5.4073230470267,0.0,0.0,0.0,0.0,0.0,0.0,0.0,0.0,35.84201534198655,brightness_dark,0.7508777995916097
3.939262600162061,15.42547607421875,0.17447474598884583,0.18982459604740143,5.823775566696138,0.31283835122399994,0.8973471741637831,0.0,0.0,0.0,0.0,0.0,0.0,73.73824933225292,original,0.0
4.245742294113056,20.32257080078125,0.2196185439825058,0.22494524717330933,5.736911166023253,0.3384272492640907,0.0,0.0,0.0,0.0,0.0,0.0,0.0,46.072917632098346,ring_artifact,0.6409617985798081
6.380598408459154,44.2083740234375,0.2022557258605957,0.19901548326015472,6.018943993566814,0.31381402278639176,0.0,0.0,0.0,0.0,0.0,0.0,0.0,45.72267213104193,blur_motion,0.29350012864742614
12.633668554417715,56.45648193359375,0.18249787390232086,0.18929211795330048,6.4305981751691395,0.33597302636029597,0.9896193771626298,0.0,0.0,0.0,0.0,0.0,0.0,11.280449329839552,noise_gaussian,0.45372370632920644
3.981917492788684,21.39752197265625,0.346879243850708,0.2824411392211914,7.208263743028306,0.560978848420389,0.0,0.0,0.0,0.0,0.0,0.0,0.0,73.45388338140877,original,0.0
4.673065250361893,31.001220703125,0.39153802394866943,0.2690504193305969,7.499038388787947,0.6070338431922359,0.0,0.0,0.0,0.0,0.0,0.0,0.0,33.812114049126286,scale,0.8758529403781941
6.517691518260553,11.3885498046875,0.3439413905143738,0.28214988112449646,7.171395343640336,0.563581838413151,0.0,0.0,0.0,0.0,0.0,0.0,0.0,46.888788789336054,noise_speckle,0.9718880988701143
4.252972506253275,21.84454345703125,0.34304237365722656,0.2762939929962158,7.328597747122162,0.5112895956216401,0.0,0.0,0.0,0.0,0.0,0.0,0.0,65.54824545750569,ring_artifact,0.17865188053013137
4.298096009177259,31.79638671875,0.1900666207075119,0.236247256398201,5.278065215946724,0.0,0.44118232088156895,0.0,0.0,0.0,0.0,0.0,0.0,65.97581519933405,original,0.0
4.316829889177174,32.25927734375,0.18580831587314606,0.2313642054796219,5.193821917768234,0.0,0.4499343597087958,0.0,0.0,0.0,0.0,0.0,0.0,60.66634106019472,vignetting,0.10641082279770497
4.8085911025476245,35.3804931640625,0.1889217495918274,0.23360471427440643,5.305670510384893,0.0,0.4857381549110872,0.0,0.0,0.0,0.0,0.0,0.0,54.383089721865844,rotation,0.2984447914486329
4.448080650652176,34.11212158203125,0.18894022703170776,0.23446987569332123,5.286290688928346,0.0,0.44158014082826114,0.0,0.0,0.0,0.0,0.0,0.0,45.77211833249895,rotation,0.5076628819776342
4.291392553274873,29.39251708984375,0.17026665806770325,0.19840818643569946,5.316994305507641,0.0,0.41788567278763344,0.0,0.0,0.0,0.0,0.0,0.0,66.46242881884551,original,0.0
7.944629738148056,53.97528076171875,0.17203466594219208,0.20279152691364288,5.319803875628649,0.0,0.4147733167341009,0.0,0.0,0.0,0.0,0.0,0.0,40.922231003694236,noise_salt_pepper,0.1528392685496348
4.354557202742799,30.5601806640625,0.17627550661563873,0.19988468289375305,5.5873715659467695,0.0,0.0,0.0,0.0,0.0,0.0,0.0,0.0,63.38018314420849,ring_artifact,0.16154903575315338
4.348316255720349,37.15057373046875,0.22093035280704498,0.25599971413612366,4.856753846419535,0.0,0.5197634609399315,0.0,0.0,0.0,0.0,0.0,0.0,23.812059855513198,ring_artifact,0.9224340806182747
3.953115072873528,23.156494140625,0.16488714516162872,0.17216365039348602,6.141705210264252,0.0,0.0,0.0,0.0,0.0,0.0,0.0,0.0,73.64589951417648,original,0.0
3.927694935035654,23.4886474609375,0.1623620241880417,0.17211642861366272,5.997318992667272,0.0,0.0,0.0,0.0,0.0,0.0,0.0,0.0,73.79249125464457,vignetting,0.0005718961279435053
4.097486472256814,19.9384765625,0.1655602753162384,0.17156045138835907,6.093359427246381,0.0,0.0,0.0,0.0,0.0,0.0,0.0,0.0,55.53267597571708,jpeg,0.48860570802894787
6.737915517088477,48.18572998046875,0.22882254421710968,0.22316120564937592,6.214465597333845,0.0,0.0,0.0,0.0,0.0,0.0,0.0,0.0,17.91661856882547,blur_motion,0.9290986162646171
5.420577604008586,42.88885498046875,0.27215641736984253,0.2322434037923813,6.4186889833999965,0.0,0.934298739608474,0.0,0.0,0.0,0.0,0.0,0.0,63.8628159732761,original,0.0
5.3434686491676455,41.3309326171875,0.24827390909194946,0.21604646742343903,6.0674181774287135,0.0,0.5792437650844731,0.0,0.0,0.0,0.0,0.0,0.0,24.9640205144632,vignetting,0.9853213789438122
5.300107492969756,36.3968505859375,0.27953749895095825,0.22430483996868134,6.983552975586747,0.0,0.0,0.0,0.0,0.0,0.0,0.0,0.0,52.36538503076183,ring_artifact,0.30751412540266143
7.875618299635067,56.782470703125,0.2920733392238617,0.24167950451374054,6.333882761049795,0.0,0.6698846875838027,0.0,0.0,0.0,0.0,0.0,0.0,37.861014304543566,blur_gaussian,0.2408715924472331
4.59381542145623,12.85760498046875,0.26261112093925476,0.19810596108436584,6.345950259268891,0.0,0.7014743882048944,0.0,0.0,0.0,0.0,0.0,0.0,79.32437824086114,original,0.0
4.915418704557566,14.88140869140625,0.41423341631889343,0.29023903608322144,5.98203799060785,0.0,0.0,0.0,0.0,0.0,0.0,0.0,0.0,36.89749707067837,brightness_bright,0.9469494452979941
7.422474015097328,54.1072998046875,0.24006935954093933,0.20122523605823517,6.426087587148054,0.0,0.8048335613315094,0.0,0.0,0.0,0.0,0.0,0.0,21.24053610556603,blur_motion,0.7319075948446278
4.5475739832725655,12.75311279296875,0.2612941861152649,0.19701680541038513,6.42462887580369,0.0,0.7014743882048944,0.0,0.0,0.0,0.0,0.0,0.0,77.53936020881079,stripe_artifact,0.06921251846838361
5.631490509284689,46.040283203125,0.18467162549495697,0.18974274396896362,5.170362407180448,0.0,0.0,0.0,0.0,0.0,0.0,0.0,0.0,62.45672993810207,original,0.0
5.136191451073704,41.48333740234375,0.20139649510383606,0.19026349484920502,6.720588408181917,0.0,0.0,0.0,0.0,0.0,0.0,0.0,0.0,44.450476878328004,ring_artifact,0.5327061695295157
8.165186429495812,30.201416015625,0.1859833151102066,0.18768326938152313,6.175896930977066,0.0,0.0,0.0,0.0,0.0,0.0,0.0,0.0,57.11257140047824,noise_gaussian,0.1283914644997628
5.166559096384361,50.28759765625,0.10977683961391449,0.2040633112192154,3.9205672905809155,0.0,0.0,0.0,0.0,0.0,0.0,0.0,0.0,11.133143944061807,contrast_high,0.9468486797049909
5.770690222581264,19.57196044921875,0.35054293274879456,0.34185072779655457,5.245186691928354,0.0,0.0,0.0,0.0,0.0,0.0,0.0,0.0,65.56483364910443,original,0.0
8.925024650600875,44.8397216796875,0.3521665632724762,0.334785133600235,6.423535198935231,0.0,0.0,0.0,0.0,0.0,0.0,0.0,0.0,33.348082742788264,noise_gaussian,0.2650566289400591
5.288897278458201,19.37890625,0.3327227830886841,0.32603883743286133,5.633610730030049,0.0,0.0,0.0,0.0,0.0,0.0,0.0,0.0,46.156377426070456,stripe_artifact,0.6065939174826289
18.751451998229967,87.5701904296875,0.35503578186035156,0.348469614982605,5.222233128576487,0.0,0.0,0.0,0.0,0.0,0.0,0.0,0.0,0.0,noise_salt_pepper,0.9289134930021768
4.558967396186308,23.52667236328125,0.22902975976467133,0.15559974312782288,6.458147116330431,0.0,0.0,0.0,0.0,0.0,0.0,0.0,0.0,70.59165954589844,original,0.0
4.75168032711376,27.66552734375,0.2162567377090454,0.19628718495368958,5.8658207294562565,0.0,0.0,0.0,0.0,0.0,0.0,0.0,0.0,39.124888388975876,ring_artifact,0.7299310690899762
15.729467245363502,81.609619140625,0.2352839559316635,0.1757117509841919,6.44328898778644,0.0,0.0,0.0,0.0,0.0,0.0,0.0,0.0,0.0,noise_salt_pepper,0.7129489728191218
4.19878991485256,21.3760986328125,0.23256568610668182,0.15499964356422424,4.874144685876406,0.0,0.0,0.0,0.0,0.0,0.0,0.0,0.0,32.20209296788049,contrast_low,0.9951493566608947
4.461312690836345,26.0576171875,0.2492958903312683,0.15674248337745667,6.381095119750764,0.0,0.0,0.0,0.0,0.0,0.0,0.0,0.0,70.25791539442436,original,0.0
4.797041182463775,27.33612060546875,0.2605469226837158,0.16202320158481598,6.489436193928217,0.0,0.0,0.0,0.0,0.0,0.0,0.0,0.0,53.082905349069755,rotation,0.3734205025292938
4.3620864846376435,25.81341552734375,0.24803152680397034,0.15734031796455383,6.37015281417081,0.0,0.0,0.0,0.0,0.0,0.0,0.0,0.0,50.216389794325416,vignetting,0.5175758410355906
6.18803543003794,44.66339111328125,0.272745817899704,0.1599121391773224,6.503261512312582,0.0,0.0,0.0,0.0,0.0,0.0,0.0,0.0,48.83020591977342,blur_motion,0.24790561366600794
4.5712065428862845,37.281005859375,0.16271400451660156,0.23232446610927582,4.485964628633726,0.0,0.38008190989911095,0.0,0.0,0.0,0.0,0.0,0.0,56.07455785792157,original,0.0
6.782456875492461,60.36932373046875,0.1856638491153717,0.2561292052268982,4.460400673305569,0.0,0.0,0.0,0.0,0.0,0.0,0.0,0.0,41.260198344152045,blur_motion,0.33808556214745533
4.192690704146523,34.7276611328125,0.20790104568004608,0.29560020565986633,4.411714283869413,0.0,0.0,0.0,0.0,0.0,0.0,0.0,0.0,34.433562687005185,brightness_bright,0.5539215224244798
4.492763901426948,35.8524169921875,0.17837518453598022,0.25489190220832825,4.482114371839416,0.0,0.0,0.0,0.0,0.0,0.0,0.0,0.0,47.21773426993033,brightness_bright,0.22021738445155947
4.520467675830217,25.52960205078125,0.3189716339111328,0.27308976650238037,5.946368955631458,0.0,0.0,0.0,0.0,0.0,0.0,0.0,0.0,69.86354882779855,original,0.0
8.776300315544223,53.57611083984375,0.318803071975708,0.24130268394947052,6.006137847845407,0.0,0.0,0.0,0.0,0.0,0.0,0.0,0.0,13.177693367767027,blur_motion,0.7078409465484541
7.3359616261393015,50.63592529296875,0.31998515129089355,0.26190611720085144,6.029867865393477,0.0,0.0,0.0,0.0,0.0,0.0,0.0,0.0,41.93591780662514,blur_gaussian,0.22894178381115438
4.495572634599642,29.7952880859375,0.31553715467453003,0.272661954164505,5.867923218125741,0.0,0.0,0.0,0.0,0.0,0.0,0.0,0.0,68.77299744721499,vignetting,0.031412958053018136
5.126397481269519,39.26165771484375,0.2695094048976898,0.23404613137245178,5.764455044473154,0.0,0.0,0.0,0.0,0.0,0.0,0.0,0.0,65.82401679153654,original,0.0
5.445680272299732,38.337646484375,0.2695343792438507,0.234060138463974,5.937991379777381,0.0,0.0,0.0,0.0,0.0,0.0,0.0,0.0,60.86117085578898,jpeg,0.07085734988865344
11.753097318861968,76.16558837890625,0.2718522250652313,0.23933161795139313,5.760878058203363,0.0,0.0,0.0,0.0,0.0,0.0,0.0,0.0,10.506927315671662,noise_salt_pepper,0.278477263964547
5.0165708919983665,39.47833251953125,0.2596157491207123,0.2413693219423294,5.35870274596635,0.0,0.0,0.0,0.0,0.0,0.0,0.0,0.0,57.986721758526684,contrast_high,0.2142368073704386
7.102665015316483,48.39971923828125,0.35410937666893005,0.2640042304992676,6.8956257069471585,0.0,0.0,0.0,0.0,0.0,0.0,0.0,0.0,52.64889989789011,original,0.0
12.948346124835826,62.95556640625,0.35476770997047424,0.2718646824359894,7.614513921797069,0.0,0.0,0.0,0.0,0.0,0.0,0.0,0.0,0.0,noise_gaussian,0.7233525658809709
6.8801301970457125,48.062744140625,0.334257036447525,0.24416698515415192,6.994147700216143,0.0,0.0,0.0,0.0,0.0,0.0,0.0,0.0,31.2907416200172,vignetting,0.5710430933252845
6.957024970329379,47.7135009765625,0.3249739706516266,0.3123633861541748,6.591268470965239,0.0,0.0,0.0,0.0,0.0,0.0,0.0,0.0,43.89994383530849,contrast_high,0.2429972423957245
5.266964746584262,50.52752685546875,0.2526796758174896,0.2218085676431656,5.060406528756735,0.0,0.0,0.0,0.0,0.0,0.0,0.0,0.0,63.25508160945918,original,0.0
5.072490412167819,55.5245361328125,0.19208823144435883,0.2509397268295288,4.161694136085994,0.0,0.7053810567324079,0.0,0.0,0.0,0.0,0.0,0.0,19.721296790409184,contrast_high,0.8074969977666434
8.69078520709323,75.89141845703125,0.2535132169723511,0.22399519383907318,5.080401154957303,0.0,0.0,0.0,0.0,0.0,0.0,0.0,0.0,38.288400093036515,noise_salt_pepper,0.09432579649188222
5.043191465713457,50.8348388671875,0.24443857371807098,0.22483646869659424,5.060900875036682,0.0,0.0,0.0,0.0,0.0,0.0,0.0,0.0,46.01921364170343,rotation,0.4310511824063775
3.286252642635143,17.61224365234375,0.14596347510814667,0.19120754301548004,5.334067460261327,0.0,0.0,0.0,0.0,0.0,0.0,0.0,0.0,77.98469543457031,original,0.0
3.2008728523625423,17.9786376953125,0.14637579023838043,0.19107547402381897,4.99505267606787,0.0,0.0,0.0,0.0,0.0,0.0,0.0,0.0,61.08261183886985,contrast_low,0.41110227604973804
3.3373575557125785,19.15704345703125,0.13717851042747498,0.18071331083774567,5.1570758438289594,0.0,0.0,0.0,0.0,0.0,0.0,0.0,0.0,46.89066170031691,stripe_artifact,0.7290758494598506
4.0492996891816215,23.478759765625,0.14576420187950134,0.1898771971464157,5.268835562969689,0.0,0.0,0.0,0.0,0.0,0.0,0.0,0.0,44.51333076233709,rotation,0.6534554882657916
5.064110163688404,27.61279296875,0.1262965202331543,0.15160910785198212,4.746736920304065,0.3270635897403817,0.0,0.0,0.0,0.0,0.0,0.0,0.0,65.4840087890625,original,0.0
5.365607417205565,31.17633056640625,0.1283392459154129,0.15320976078510284,4.695483203171291,0.3250092105621039,0.0,0.0,0.0,0.0,0.0,0.0,0.0,57.092871945913835,rotation,0.09841787115195888
4.919627479122666,26.5435791015625,0.12846627831459045,0.1505908966064453,3.861939510546738,0.3371571786364666,0.0,0.0,0.0,0.0,0.0,0.0,0.0,37.69198258539957,contrast_low,0.7282135884411827
5.2270857658473355,31.00714111328125,0.16674861311912537,0.197284534573555,4.44608352411011,0.26804786657761354,0.416156045751634,0.0,0.0,0.0,0.0,0.0,0.0,26.774172154286788,ring_artifact,0.8616725363527911
4.298096009177259,31.79638671875,0.1900666207075119,0.236247256398201,5.278065215946724,0.0,0.44118232088156895,0.0,0.0,0.0,0.0,0.0,0.0,65.97581519933405,original,0.0
7.83282565821413,59.48974609375,0.19187034666538239,0.24002571403980255,5.2706475036044225,0.0,0.4547081990691013,0.0,0.0,0.0,0.0,0.0,0.0,40.11755939290631,noise_salt_pepper,0.19159007214165402
5.18582605995715,38.27642822265625,0.12445566058158875,0.2099061906337738,3.982978131177912,0.0,0.0,0.0,0.0,0.0,0.0,0.0,0.0,34.209922808354406,brightness_dark,0.4486135478331319
4.332398042300911,32.05242919921875,0.1899661272764206,0.23631662130355835,5.126214242742864,0.0,0.44118232088156895,0.0,0.0,0.0,0.0,0.0,0.0,56.738156602796465,contrast_low,0.18348803578723327
4.1502926489226075,36.32012939453125,0.11144398152828217,0.19443076848983765,4.493582288664087,0.0,0.0,0.0,0.0,0.0,0.0,0.0,0.0,56.169778608301094,original,0.0
4.020562712517082,44.10516357421875,0.09271823614835739,0.20202158391475677,3.378784771895227,0.0,0.0,0.0,0.0,0.0,0.0,0.0,0.0,34.87628761694255,contrast_high,0.2498064478821005
4.094586871717389,37.0538330078125,0.11024617403745651,0.19453324377536774,4.310714892176204,0.0,0.0,0.0,0.0,0.0,0.0,0.0,0.0,50.86854061723098,vignetting,0.07538488837428936
4.13233635029844,37.73492431640625,0.12844018638134003,0.21878452599048615,4.911344354862372,0.0,0.0,0.0,0.0,0.0,0.0,0.0,0.0,26.937840245306425,ring_artifact,0.8613491047618306
3.85447876660657,20.9173583984375,0.27418428659439087,0.22193673253059387,6.437631694251052,0.29226065499105897,0.0,0.0,0.0,0.0,0.0,0.0,0.0,74.30347488928953,original,0.0
4.844897883044577,33.56793212890625,0.25151142477989197,0.22299523651599884,5.5316258287259785,0.25957923897257895,0.0,0.0,0.0,0.0,0.0,0.0,0.0,63.78433165163881,brightness_dark,0.09790872820160035
3.91548415207994,24.72137451171875,0.2818942070007324,0.22717967629432678,6.502700114391011,0.2910384541326194,0.0,0.0,0.0,0.0,0.0,0.0,0.0,33.92547358295801,rotation,0.9992824684127266
3.9533036069039427,20.946533203125,0.27386167645454407,0.22166374325752258,6.492494884467975,0.2922864756215837,0.0,0.0,0.0,0.0,0.0,0.0,0.0,73.22651923626773,stripe_artifact,0.014757856495650534
3.7727560096674484,28.33447265625,0.17511598765850067,0.22549426555633545,4.927351322370804,0.26755373406180416,0.38845787396216136,0.0,0.0,0.0,0.0,0.0,0.0,64.5819091796875,original,0.0
11.15897156682597,49.022705078125,0.1835450381040573,0.205755814909935,5.4606377965609845,0.2661876420594691,0.7771879678780456,0.0,0.0,0.0,0.0,0.0,0.0,1.666939332018643,blur_motion,0.9263669830081276
3.8860433984439746,27.3033447265625,0.1740197390317917,0.2240086942911148,5.0301227084970375,0.26713672155468127,0.3939022730366135,0.0,0.0,0.0,0.0,0.0,0.0,56.4156394701269,stripe_artifact,0.23637949054174945
3.757223753737586,27.60089111328125,0.17599205672740936,0.22622770071029663,4.696660090543825,0.26801393178585264,0.38845787396216136,0.0,0.0,0.0,0.0,0.0,0.0,46.0732410903697,contrast_low,0.48564112545071847
5.018487512082729,49.6551513671875,0.35785147547721863,0.24138492345809937,6.889846281516565,0.0,0.0,0.0,0.0,0.0,0.0,0.0,0.0,66.54341658611514,original,0.0
25.122575829616643,86.2607421875,0.36168748140335083,0.25294095277786255,6.882947023768015,0.0,0.0,0.0,0.0,0.0,0.0,0.0,0.0,0.0,noise_salt_pepper,0.8646503940302155
5.045929373482776,49.6207275390625,0.3534703850746155,0.2380571812391281,7.017020328132675,0.0,0.0,0.0,0.0,0.0,0.0,0.0,0.0,64.01505484456099,vignetting,0.058635399972178925
4.99742298394196,49.47186279296875,0.3594675660133362,0.24193476140499115,6.889846281516565,0.0,0.0,0.0,0.0,0.0,0.0,0.0,0.0,66.5976316396632,contrast_low,0.002155378351426429
4.011790388143699,11.3770751953125,0.2501516342163086,0.1949777454137802,5.897456778337531,0.5867157962242933,0.4018987341772152,0.0,0.0,0.0,0.0,0.0,0.0,73.71820972921914,original,0.0
4.149527890942749,9.7750244140625,0.25158023834228516,0.19501987099647522,5.897456778337531,0.5883200197218311,0.4018987341772152,0.0,0.0,0.0,0.0,0.0,0.0,63.110087402333065,contrast_low,0.26520305817215195
4.084805656282442,9.51116943359375,0.31328311562538147,0.25552836060523987,6.9410579153855725,0.6546508786836702,0.0,0.0,0.0,0.0,0.0,0.0,0.0,55.35804967055479,ring_artifact,0.7851293567941215
5.666686205114127,-5.5823974609375,0.2501619756221771,0.19536836445331573,6.294250293115752,0.5868558617764765,0.4177215189873418,0.0,0.0,0.0,0.0,0.0,0.0,61.75782922434038,noise_speckle,0.4230074859901629
3.442826082426426,9.2398681640625,0.36180248856544495,0.3100859820842743,6.0867472715464634,0.0,0.0,0.0,0.0,0.0,0.0,0.0,0.0,77.04782611715716,original,0.0
3.983872849217277,11.9920654296875,0.4080435037612915,0.28602176904678345,6.506292490799999,0.0,0.0,0.0,0.0,0.0,0.0,0.0,0.0,41.51174855529143,scale,0.9954226894927138
3.7863423558732014,25.029052734375,0.24494202435016632,0.3092877268791199,5.083126673786461,0.0,0.0,0.0,0.0,0.0,0.0,0.0,0.0,42.23883160400144,brightness_dark,0.6618713119507452
3.7973208639132396,21.23529052734375,0.3545694053173065,0.3176174759864807,5.177055493581118,0.0,0.0,0.0,0.0,0.0,0.0,0.0,0.0,67.26401382985775,contrast_high,0.15479682527406413
5.403171702860116,44.2353515625,0.2757481634616852,0.21932648122310638,7.114129096294308,0.0,0.0,0.0,0.0,0.0,0.0,0.0,0.0,63.97885531426589,original,0.0
4.781101231821309,35.53729248046875,0.2738015949726105,0.21942898631095886,7.11338264656528,0.0,0.0,0.0,0.0,0.0,0.0,0.0,0.0,59.41795585129094,noise_speckle,0.21770089841417495
9.449177377159655,65.7733154296875,0.282654345035553,0.21154870092868805,6.950792280767489,0.0,0.0,0.0,0.0,0.0,0.0,0.0,0.0,13.838272519618712,blur_gaussian,0.5791802908162562
5.500883361073965,39.24896240234375,0.25799909234046936,0.22231660783290863,6.552525835320983,0.0,0.0,0.0,0.0,0.0,0.0,0.0,0.0,60.889141400446256,brightness_dark,0.060957571476515815
4.111789751559553,10.14288330078125,0.12955054640769958,0.19383472204208374,5.073231232285671,0.5437589844878559,0.0,0.0,0.0,0.0,0.0,0.0,0.0,72.58806832293632,original,0.0
4.195760796259718,9.90216064453125,0.12963208556175232,0.19379256665706635,5.069894742374793,0.5439440437120397,0.0,0.0,0.0,0.0,0.0,0.0,0.0,69.74165044196921,jpeg,0.05716527290748308
4.190047406230632,12.41162109375,0.15730328857898712,0.22976993024349213,4.967032485563314,0.5428527286890956,0.0,0.0,0.0,0.0,0.0,0.0,0.0,52.994809940771724,brightness_bright,0.4767885171089349
4.080818984765356,10.3485107421875,0.10961061716079712,0.16139952838420868,4.792676421494486,0.4869205803098988,0.0,0.0,0.0,0.0,0.0,0.0,0.0,38.68574441963288,vignetting,0.8527198920482854
5.394591043088972,17.48919677734375,0.1556396484375,0.1694079488515854,6.293626192275582,0.4121021203294286,0.0,0.0,0.0,0.0,0.0,0.0,0.0,78.13850402832031,original,0.0
7.72231695270712,24.44659423828125,0.15508566796779633,0.16875571012496948,6.395066115678906,0.4108810268962948,0.0,0.0,0.0,0.0,0.0,0.0,0.0,67.16657401300105,noise_gaussian,0.056879579728684515
5.751730596800912,25.97900390625,0.13426931202411652,0.16759096086025238,5.364584107408202,0.36265405037177423,0.0,0.0,0.0,0.0,0.0,0.0,0.0,63.852842732979056,brightness_dark,0.08011146524058688
8.020867003469853,24.59368896484375,0.15528006851673126,0.1687607765197754,6.40534631372825,0.41108262911666266,0.0,0.0,0.0,0.0,0.0,0.0,0.0,66.51703548579361,noise_gaussian,0.06852133270379235
4.011790388143699,11.3770751953125,0.2501516342163086,0.1949777454137802,5.897456778337531,0.5867157962242933,0.4018987341772152,0.0,0.0,0.0,0.0,0.0,0.0,73.71820972921914,original,0.0
8.009954752646006,43.403564453125,0.27023276686668396,0.23212210834026337,6.063335146624957,0.5337578425728103,0.34493670886075944,0.0,0.0,0.0,0.0,0.0,0.0,19.591799504863012,blur_motion,0.6752125536040902
9.999517433532938,49.58355712890625,0.25288140773773193,0.20291082561016083,5.9328724408874445,0.5900498440593381,0.4156118143459916,0.0,0.0,0.0,0.0,0.0,0.0,21.869531536136087,noise_salt_pepper,0.40377555131827747
4.024922271545572,9.27081298828125,0.24139606952667236,0.193963423371315,6.107385989299646,0.5484476735866013,0.43565400843881863,0.0,0.0,0.0,0.0,0.0,0.0,53.55530846071818,vignetting,0.5696754101381849
8.40574837043521,15.21270751953125,0.2789589464664459,0.3213278353214264,4.933156717126843,0.0,0.0,0.0,0.0,0.0,0.0,0.0,0.0,61.66445896408553,original,0.0
10.453123583621737,22.36474609375,0.3383648991584778,0.3672223687171936,4.485840100892361,0.0,0.0,0.0,0.0,0.0,0.0,0.0,0.0,32.292235119816866,brightness_bright,0.5945191535334412
9.27715261666109,17.94122314453125,0.2862299978733063,0.3278487026691437,4.7289441456550785,0.0,0.0,0.0,0.0,0.0,0.0,0.0,0.0,55.832465600893464,brightness_bright,0.08198340549487548
8.724989010211784,19.7017822265625,0.2778491973876953,0.318189412355423,4.969463182543883,0.0,0.0,0.0,0.0,0.0,0.0,0.0,0.0,38.77139821014955,rotation,0.5836722892912247
3.1090878617882907,11.25201416015625,0.21193145215511322,0.17532190680503845,6.055505079201788,0.35623566867415357,0.9465087790935075,0.0,0.0,0.0,0.0,0.0,0.0,79.27274758807806,original,0.0
3.789935285140983,28.68829345703125,0.1389664262533188,0.16134099662303925,4.304269591872789,0.23396158554604884,0.4946236559139785,0.0,0.0,0.0,0.0,0.0,0.0,51.48483933964185,brightness_dark,0.3163698459767271
4.177324918834197,-1.03521728515625,0.20994144678115845,0.17544390261173248,6.12779949123585,0.3529780109259077,0.9342588811759902,0.0,0.0,0.0,0.0,0.0,0.0,68.42712566350667,noise_speckle,0.20425919942353643
3.095912426472887,14.01739501953125,0.2025362104177475,0.18261639773845673,5.954358739790463,0.31909484509805647,0.9628419763168641,0.0,0.0,0.0,0.0,0.0,0.0,66.79322931169105,scale,0.3141838627955761
4.880843804289273,35.54962158203125,0.25276240706443787,0.21231363713741302,6.496493483468836,0.49816939487082446,0.7629629629629631,0.0,0.0,0.0,0.0,0.0,0.0,67.46104130473817,original,0.0
5.539636526851838,21.017333984375,0.2507791817188263,0.21254387497901917,6.533824290437897,0.49574648725958376,0.8503703703703704,0.0,0.0,0.0,0.0,0.0,0.0,57.89689864788107,noise_speckle,0.3957858467912545
4.883307895023974,35.39764404296875,0.25109803676605225,0.20946528017520905,6.454668456592412,0.4960956819799038,0.8,0.0,0.0,0.0,0.0,0.0,0.0,41.62458247966751,rotation,0.6455007888376495
5.4917262263809485,51.5400390625,0.22699356079101562,0.22179199755191803,5.483383310096576,0.4476503595698145,0.4548148148148148,0.0,0.0,0.0,0.0,0.0,0.0,50.741403973252844,contrast_high,0.31617719627185403
4.747022301319085,38.2724609375,0.14348645508289337,0.1587596982717514,5.814858167168776,0.378713415385007,0.0,0.0,0.0,0.0,0.0,0.0,0.0,68.35318465787277,original,0.0
4.786994801787298,46.33251953125,0.14835494756698608,0.1849489063024521,4.979420055297422,0.2272516620591479,0.6369109047127623,0.0,0.0,0.0,0.0,0.0,0.0,24.813379193424836,ring_artifact,0.9357342874448233
9.453444629634996,70.2242431640625,0.2044292390346527,0.21653351187705994,5.755513445219278,0.3768957101657237,0.7289875014333218,0.0,0.0,0.0,0.0,0.0,0.0,18.64561489768991,blur_gaussian,0.4582855226185861
4.455264320176149,34.4857177734375,0.23675142228603363,0.2601403594017029,5.769961081149761,0.37120902174427645,0.4500630661621373,0.0,0.0,0.0,0.0,0.0,0.0,30.45437995128856,brightness_bright,0.9960964478550944
3.939262600162061,15.42547607421875,0.17447474598884583,0.18982459604740143,5.823775566696138,0.31283835122399994,0.8973471741637831,0.0,0.0,0.0,0.0,0.0,0.0,73.73824933225292,original,0.0
7.651501401675857,49.24139404296875,0.21603578329086304,0.20133937895298004,5.9833590426909335,0.3135324339944855,0.0,0.0,0.0,0.0,0.0,0.0,0.0,27.484614491429195,blur_motion,0.5376344041016273
4.626243051906024,30.89556884765625,0.12670078873634338,0.17356520891189575,4.21226511238142,0.2465382053004305,0.0,0.0,0.0,0.0,0.0,0.0,0.0,50.77252235041364,brightness_dark,0.26520041475040135
3.845805339876287,15.19708251953125,0.179952472448349,0.19425104558467865,5.920458148290493,0.30039319561084954,0.8592848904267589,0.0,0.0,0.0,0.0,0.0,0.0,60.4009443355775,vignetting,0.34900883496451507
4.708936833806984,36.95428466796875,0.15092869102954865,0.17061235010623932,5.880342667543681,0.3535156341483445,0.0,0.0,0.0,0.0,0.0,0.0,0.0,68.6070877746201,original,0.0
7.842725292545586,58.4664306640625,0.2004673033952713,0.20915167033672333,5.851592793430356,0.35306430739510036,0.9586056644880174,0.0,0.0,0.0,0.0,0.0,0.0,12.544355016981044,blur_motion,0.8792702424845428
4.391902690630623,33.5457763671875,0.15161409974098206,0.17006604373455048,5.912269835123584,0.3593842333853304,0.0,0.0,0.0,0.0,0.0,0.0,0.0,59.32115308046291,jpeg,0.2849873912166567
4.3675303105561945,48.82843017578125,0.0861106589436531,0.16787678003311157,3.4196405145710136,0.3774970546023477,0.0,0.0,0.0,0.0,0.0,0.0,0.0,9.39570824654539,contrast_high,0.833744954639807
4.886645163811596,45.3914794921875,0.15465423464775085,0.19569779932498932,5.527803548395907,0.34050335951003824,0.0,0.0,0.0,0.0,0.0,0.0,0.0,67.42236557458936,original,0.0
5.240990649626107,49.65533447265625,0.14343538880348206,0.19432620704174042,5.248445306849183,0.2914207453960999,0.0,0.0,0.0,0.0,0.0,0.0,0.0,52.959376616670355,scale,0.3025171429788899
5.689862552870903,45.4775390625,0.16879044473171234,0.17252354323863983,6.310485217241126,0.22948856839575962,0.0,0.0,0.0,0.0,0.0,0.0,0.0,35.90853027243135,ring_artifact,0.6539763177107326
9.291285393520287,79.1307373046875,0.1903786063194275,0.2263929843902588,5.552134533895043,0.3386614615588158,0.790276344455911,0.0,0.0,0.0,0.0,0.0,0.0,11.34356922802808,blur_gaussian,0.6678632037125836
4.816791041826547,52.49713134765625,0.1394372582435608,0.19454291462898254,5.260016007787225,0.36813728293728676,0.0,0.0,0.0,0.0,0.0,0.0,0.0,65.75020009734031,original,0.0
4.609943170885462,62.5599365234375,0.09751038253307343,0.173715278506279,3.561593623386567,0.4331710196905321,0.0,0.0,0.0,0.0,0.0,0.0,0.0,32.54477020433298,brightness_dark,0.2993787521999779
5.352498848113853,51.9923095703125,0.13898572325706482,0.19434785842895508,5.233033458990105,0.374047500616753,0.0,0.0,0.0,0.0,0.0,0.0,0.0,60.173214269179184,rotation,0.1035865019182115
4.8129877031863675,53.45318603515625,0.13747751712799072,0.19488085806369781,5.185821462924488,0.36032177589590886,0.0,0.0,0.0,0.0,0.0,0.0,0.0,59.45112371082139,vignetting,0.13429111439336772
5.192641829358744,33.9140625,0.15565147995948792,0.16115911304950714,5.928725789995674,0.3506014461934667,0.0,0.0,0.0,0.0,0.0,0.0,0.0,65.38238780427503,original,0.0
8.114642027212232,57.767822265625,0.21475881338119507,0.2016085684299469,5.801786615002962,0.3478923157812155,0.0,0.0,0.0,0.0,0.0,0.0,0.0,10.313878205023421,blur_motion,0.8897127070057091
5.8196463527804845,37.44525146484375,0.15827959775924683,0.16155029833316803,5.928031767133717,0.359582623227849,0.0,0.0,0.0,0.0,0.0,0.0,0.0,39.073412012737464,scale,0.5532236408848159
5.034114876766122,12.23797607421875,0.1540079414844513,0.1609874814748764,5.934841838864436,0.34901000465332715,0.0,0.0,0.0,0.0,0.0,0.0,0.0,62.91527212748968,noise_speckle,0.2817562714578943
4.808504730542138,39.08111572265625,0.20173236727714539,0.1846543550491333,6.969981143510888,0.5770342000640619,0.7874097007223942,0.0,0.0,0.0,0.0,0.0,0.0,67.94330179638575,original,0.0
19.080636943139208,89.489990234375,0.2082051932811737,0.20191319286823273,6.958821576180183,0.5907187775160638,0.7745098039215685,0.0,0.0,0.0,0.0,0.0,0.0,0.0,noise_salt_pepper,0.7176121871387979
18.641546348774433,87.89971923828125,0.2081371694803238,0.20142246782779694,6.960907916810494,0.5880863827205541,0.775943125788327,0.0,0.0,0.0,0.0,0.0,0.0,0.0,noise_salt_pepper,0.6874971288013305
4.6584438694033325,37.406005859375,0.19665217399597168,0.18119557201862335,6.95527688385599,0.5746419033605125,0.6870771700493061,0.0,0.0,0.0,0.0,0.0,0.0,58.384351472094735,stripe_artifact,0.2639839016304094
4.808504730542138,39.08111572265625,0.20173236727714539,0.1846543550491333,6.969981143510888,0.5770342000640619,0.7874097007223942,0.0,0.0,0.0,0.0,0.0,0.0,67.94330179638575,original,0.0
4.58349758567416,41.96978759765625,0.16346202790737152,0.20046156644821167,5.322150526058081,0.4932119914573122,0.0,0.0,0.0,0.0,0.0,0.0,0.0,56.48203149293025,contrast_high,0.2511212520698941
4.814528235439691,38.13262939453125,0.2051219940185547,0.1967746615409851,6.650586907613484,0.5048779855777153,0.8728356839811948,0.0,0.0,0.0,0.0,0.0,0.0,34.05899656527451,vignetting,0.8461037132948555
7.668936631415197,53.56109619140625,0.23511871695518494,0.2059575766324997,6.924772175198363,0.5762609172904994,0.8287467033597065,0.0,0.0,0.0,0.0,0.0,0.0,23.502377898197587,blur_motion,0.6342844473091942
5.507987599879208,56.44329833984375,0.07925693690776825,0.12568223476409912,4.163104877567314,0.14950910201345677,0.0,0.0,0.0,0.0,0.0,0.0,0.0,52.038810969591424,original,0.0
5.168781389078674,52.6600341796875,0.07669274508953094,0.12312713265419006,4.111159549868821,0.14799222208907004,0.0,0.0,0.0,0.0,0.0,0.0,0.0,40.3222854144702,stripe_artifact,0.27668022397225167
8.825983210288854,78.2802734375,0.11182519793510437,0.1662365198135376,4.151194093561979,0.14685342912017532,0.5767113863089095,0.0,0.0,0.0,0.0,0.0,0.0,27.817850387204114,blur_gaussian,0.33355653860508816
13.124336961163399,57.836334228515625,0.09647023677825928,0.12703855335712433,5.2708525729535065,0.2513094101347657,0.0,0.0,0.0,0.0,0.0,0.0,0.0,2.2200471223002793,noise_gaussian,0.6371133773013796
5.3077722390693705,49.218994140625,0.10069992393255234,0.14765043556690216,4.466466059948711,0.23574092449606837,0.0,0.0,0.0,0.0,0.0,0.0,0.0,55.830825749358894,original,0.0
4.486136810568151,24.5389404296875,0.09939318895339966,0.14726483821868896,4.495928015811779,0.23422101225747183,0.0,0.0,0.0,0.0,0.0,0.0,0.0,62.863045411935175,noise_speckle,0.16158197627388615
4.500282170124899,59.561279296875,0.06512068957090378,0.12848621606826782,2.8580117215053105,0.3187400242319469,0.0,0.0,0.0,0.0,0.0,0.0,0.0,13.65792967376073,contrast_high,0.5516804211263913
5.120383723028598,47.19915771484375,0.09947900474071503,0.14776824414730072,3.8631570346575153,0.23293401066582217,0.0,0.0,0.0,0.0,0.0,0.0,0.0,25.85318834222909,contrast_low,0.5609068647747464
5.174050074980611,30.733642578125,0.13238953053951263,0.13805176317691803,5.741499212183575,0.2944104985965666,0.0,0.0,0.0,0.0,0.0,0.0,0.0,65.5063328334626,original,0.0
5.809721999926484,36.68743896484375,0.13748210668563843,0.14201517403125763,5.709191580212538,0.29294285068803605,0.0,0.0,0.0,0.0,0.0,0.0,0.0,58.258765597539416,blur_motion,0.07524386007376704
5.035897169267098,30.0177001953125,0.13185623288154602,0.1397024393081665,5.540927866916481,0.26980289955553355,0.0,0.0,0.0,0.0,0.0,0.0,0.0,38.78656725465095,vignetting,0.6910196237558764
11.354824610891603,58.3934326171875,0.14170974493026733,0.13994662463665009,6.086625268440589,0.36146463988953703,0.0,0.0,0.0,0.0,0.0,0.0,0.0,5.1845976602947275,noise_gaussian,0.5455902892055223
5.039153283998325,34.0279541015625,0.15557992458343506,0.16208931803703308,5.890310758238721,0.3601749852256976,0.0,0.0,0.0,0.0,0.0,0.0,0.0,66.40564477334449,original,0.0
4.809155113468565,32.6947021484375,0.15526019036769867,0.16267512738704681,5.84961149283302,0.3585615120811178,0.0,0.0,0.0,0.0,0.0,0.0,0.0,53.170326529721905,stripe_artifact,0.36921598451219173
5.093389106098877,44.62939453125,0.12516620755195618,0.15003931522369385,4.535472938288625,0.3579302087723073,0.0,0.0,0.0,0.0,0.0,0.0,0.0,50.76966030590851,brightness_dark,0.14809378556748265
6.701462443227556,24.2008056640625,0.15542283654212952,0.16088567674160004,6.076948243246224,0.368586221400528,0.0,0.0,0.0,0.0,0.0,0.0,0.0,68.07583859316756,noise_gaussian,0.04182885816885784
4.674415093945713,35.7867431640625,0.16783738136291504,0.23569098114967346,4.5959225227213665,0.0,0.3339045541880875,0.0,0.0,0.0,0.0,0.0,0.0,57.44903153401708,original,0.0
6.740301240017448,51.85992431640625,0.17196248471736908,0.23307758569717407,4.257473950707351,0.0,0.3396167627356286,0.0,0.0,0.0,0.0,0.0,0.0,17.25916483413829,jpeg,0.89898148874259
4.944183031113824,38.76605224609375,0.22907446324825287,0.29948732256889343,4.921701710828539,0.0,0.0,0.0,0.0,0.0,0.0,0.0,0.0,22.63342078466632,ring_artifact,0.9721962650172604
10.103880138991645,88.83880615234375,0.21227054297924042,0.2760782837867737,4.651778880061389,0.0,0.0,0.0,0.0,0.0,0.0,0.0,0.0,0.0,blur_gaussian,0.8989246365264746
5.200176382691928,32.27294921875,0.1431526243686676,0.1535831242799759,5.825684420831967,0.356573604929474,0.0,0.0,0.0,0.0,0.0,0.0,0.0,65.33215744872048,original,0.0
16.971831330943186,96.12811279296875,0.1505347490310669,0.17582052946090698,5.808438037179076,0.3789632118338391,0.0,0.0,0.0,0.0,0.0,0.0,0.0,0.0,noise_salt_pepper,0.6820666883105765
5.582606857439011,36.0780029296875,0.14700503647327423,0.15809749066829681,5.795026629803526,0.3509911489078378,0.0,0.0,0.0,0.0,0.0,0.0,0.0,58.67087608353517,rotation,0.10279362167178563
5.035998354780911,25.30364990234375,0.17888471484184265,0.1490868479013443,6.46675359275694,0.32191318515268613,0.0,0.0,0.0,0.0,0.0,0.0,0.0,45.975096856315524,ring_artifact,0.5598835191438697
5.200176382691928,32.27294921875,0.1431526243686676,0.1535831242799759,5.825684420831967,0.356573604929474,0.0,0.0,0.0,0.0,0.0,0.0,0.0,65.33215744872048,original,0.0
4.8549500196920965,30.79150390625,0.13799889385700226,0.1492348164319992,5.783959015989311,0.3576606259033854,0.0,0.0,0.0,0.0,0.0,0.0,0.0,51.378570942101355,stripe_artifact,0.4063773898321168
4.972921186393971,30.69732666015625,0.20369309186935425,0.21781468391418457,5.813436722922431,0.35429010073893663,0.0,0.0,0.0,0.0,0.0,0.0,0.0,36.8680876449653,brightness_bright,0.7494776111435393
5.043418051954914,31.0767822265625,0.14703205227851868,0.16179880499839783,5.5381918922369255,0.3171691807899237,0.0,0.0,0.0,0.0,0.0,0.0,0.0,29.18197235922026,vignetting,0.9298810156936744
4.915121177047197,38.78289794921875,0.12702365219593048,0.1459166258573532,5.635615224172729,0.4431036999142614,0.0,0.0,0.0,0.0,0.0,0.0,0.0,67.23252548635202,original,0.0
4.7597647200051565,38.53375244140625,0.12650223076343536,0.1464652270078659,5.6265915356923735,0.44277227965637245,0.0,0.0,0.0,0.0,0.0,0.0,0.0,61.76816451594807,stripe_artifact,0.16250176710043862
5.215087797801734,39.97406005859375,0.14671891927719116,0.1733851432800293,5.276866966163581,0.22510229512619498,0.0,0.0,0.0,0.0,0.0,0.0,0.0,32.80187921703923,ring_artifact,0.8107717199403969
4.817394235117234,37.76171875,0.127628892660141,0.1483318954706192,5.499299768385506,0.4223699699856918,0.0,0.0,0.0,0.0,0.0,0.0,0.0,51.39226201839988,vignetting,0.4122944103537973
4.920905002909195,40.2716064453125,0.13826391100883484,0.17547181248664856,5.322951255235481,0.28526227215531685,0.0,0.0,0.0,0.0,0.0,0.0,0.0,66.53689069044351,original,0.0
13.104725581434836,61.40277099609375,0.15359872579574585,0.17575183510780334,6.029702327297935,0.3834180211294082,0.0,0.0,0.0,0.0,0.0,0.0,0.0,0.0,noise_gaussian,0.7365644717550821
5.978861868928252,47.25732421875,0.1413700133562088,0.1802101880311966,5.024698037438654,0.28690150573361556,0.0,0.0,0.0,0.0,0.0,0.0,0.0,28.845461027906385,jpeg,0.7823864961476317
4.748885998381171,36.20355224609375,0.1381533443927765,0.1757129281759262,4.447793791482077,0.2851929062391528,0.0,0.0,0.0,0.0,0.0,0.0,0.0,23.508016836040404,contrast_low,0.8022351389371389
4.331891466005617,37.893310546875,0.12856794893741608,0.17238715291023254,5.2500488639218545,0.3662661189075649,0.0,0.0,0.0,0.0,0.0,0.0,0.0,65.62561079902318,original,0.0
4.143499094917865,35.9525146484375,0.12499447166919708,0.1690586656332016,5.2194943064227965,0.36238798009925693,0.0,0.0,0.0,0.0,0.0,0.0,0.0,35.841377277169926,stripe_artifact,0.7350575388278761
9.316332107075766,82.24481201171875,0.13192889094352722,0.18148452043533325,5.253177862846985,0.37702229916825974,0.0,0.0,0.0,0.0,0.0,0.0,0.0,27.218890902382675,noise_salt_pepper,0.26680570959447203
4.607495764164599,38.60821533203125,0.156993106007576,0.1774059385061264,5.758192891549872,0.20482889368143442,0.0,0.0,0.0,0.0,0.0,0.0,0.0,41.2322340466395,ring_artifact,0.7012781881399126
4.587887640996314,39.32940673828125,0.11977912485599518,0.15710638463497162,5.170643155004614,0.38788414043976266,0.0,0.0,0.0,0.0,0.0,0.0,0.0,64.63303943755767,original,0.0
4.834892614667663,33.01373291015625,0.12160712480545044,0.1566077619791031,4.166276446688681,0.39015194491153077,0.0,0.0,0.0,0.0,0.0,0.0,0.0,23.846162546061095,contrast_low,0.8721667829060897
4.264956372846628,37.15887451171875,0.1147097647190094,0.15142974257469177,5.137427835315288,0.38502856255278717,0.0,0.0,0.0,0.0,0.0,0.0,0.0,45.39024709800148,stripe_artifact,0.47069002108599034
20.48583883306612,105.65625,0.12966541945934296,0.1846979707479477,5.161998470449334,0.4161324096122683,0.0,0.0,0.0,0.0,0.0,0.0,0.0,0.0,noise_salt_pepper,0.816586605596929
4.916603063198573,37.59423828125,0.13376924395561218,0.16756995022296906,5.175006863871643,0.3901600895829727,0.0,0.0,0.0,0.0,0.0,0.0,0.0,64.68758579839555,original,0.0
4.377447754262162,46.107666015625,0.10504582524299622,0.16047388315200806,3.6814250577295593,0.42541477860735993,0.0,0.0,0.0,0.0,0.0,0.0,0.0,32.03147624378275,contrast_high,0.34965842444591866
4.496484571476619,35.153564453125,0.13156303763389587,0.1658431887626648,5.155998173126562,0.38976990680541096,0.0,0.0,0.0,0.0,0.0,0.0,0.0,32.636157197967556,stripe_artifact,0.7953454991528618
9.50127646495732,76.11773681640625,0.13647079467773438,0.17527365684509277,5.178455234852938,0.39814252395781746,0.0,0.0,0.0,0.0,0.0,0.0,0.0,27.741215012052173,noise_salt_pepper,0.22292354720580898
4.449688316760637,35.63494873046875,0.36150994896888733,0.25501906871795654,7.457872397870922,0.0,0.0,0.0,0.0,0.0,0.0,0.0,0.0,70.33541122159575,original,0.0
4.9848461322178865,38.08892822265625,0.3583645224571228,0.25367870926856995,7.458812030357224,0.0,0.0,0.0,0.0,0.0,0.0,0.0,0.0,59.04250091877242,rotation,0.19312978832770866
4.5849865047919325,35.1781005859375,0.36149588227272034,0.2550259530544281,7.459830641505752,0.0,0.0,0.0,0.0,0.0,0.0,0.0,0.0,58.28930086046695,jpeg,0.2786030610230039
6.7747831863145835,55.29595947265625,0.343356192111969,0.21198870241641998,7.346525890807236,0.0,0.0,0.0,0.0,0.0,0.0,0.0,0.0,16.159214595968322,blur_motion,0.9668891040483611
5.637900454548064,42.7470703125,0.2544313967227936,0.2491181492805481,5.870112337876482,0.0,0.0,0.0,0.0,0.0,0.0,0.0,0.0,62.41399696967957,original,0.0
6.169475016681024,15.749755859375,0.25303781032562256,0.248599573969841,5.8456635301529465,0.0,0.0,0.0,0.0,0.0,0.0,0.0,0.0,59.024948963601744,noise_speckle,0.3511461290827522
5.888623181883139,44.90277099609375,0.18393929302692413,0.23084691166877747,5.143420954940499,0.0,0.0,0.0,0.0,0.0,0.0,0.0,0.0,44.75537674637665,brightness_dark,0.39967838436006087
5.144640836290559,39.7244873046875,0.2436230331659317,0.2394724041223526,5.815665443616398,0.0,0.0,0.0,0.0,0.0,0.0,0.0,0.0,44.25376512558073,stripe_artifact,0.5362157324787219
5.068925290299037,42.2235107421875,0.40564972162246704,0.26318153738975525,6.951734794144214,0.0,0.0,0.0,0.0,0.0,0.0,0.0,0.0,66.20716473133974,original,0.0
6.362145098884362,47.0767822265625,0.38165801763534546,0.2657095193862915,6.998247075647823,0.0,0.0,0.0,0.0,0.0,0.0,0.0,0.0,52.97202926671381,blur_gaussian,0.11534175185142759
4.489641112737387,25.93548583984375,0.40561380982398987,0.2629190981388092,7.162340066842374,0.0,0.0,0.0,0.0,0.0,0.0,0.0,0.0,62.92634660151887,noise_speckle,0.17856781617246364
3.6712817318095814,33.2435302734375,0.40560784935951233,0.2629636228084564,7.077749360967001,0.0,0.0,0.0,0.0,0.0,0.0,0.0,0.0,73.99450056047228,noise_speckle,0.03825719735326272
5.1005080719799105,25.78790283203125,0.29838863015174866,0.23155197501182556,6.827610974205795,0.9338330588956659,0.9357393993307072,0.0,0.0,0.0,0.0,0.0,0.0,67.76512145996094,original,0.0
5.098216981177864,28.27001953125,0.3553438186645508,0.2662085294723511,6.519478746318235,0.9260852307491104,0.47824797729487023,0.0,0.0,0.0,0.0,0.0,0.0,48.629336449561805,brightness_bright,0.43456375856464435
5.398655407752485,30.66876220703125,0.32434868812561035,0.22804415225982666,7.052843439623782,0.9552138925452928,0.8799932223493031,0.0,0.0,0.0,0.0,0.0,0.0,32.551836820169484,scale,0.7864281782036819
4.7939202317803575,25.2764892578125,0.2974182665348053,0.23269470036029816,6.045448777522923,0.9338354379747624,0.9357393993307072,0.0,0.0,0.0,0.0,0.0,0.0,44.156034295488645,contrast_low,0.6062088533061433
4.449688316760637,35.63494873046875,0.36150994896888733,0.25501906871795654,7.457872397870922,0.0,0.0,0.0,0.0,0.0,0.0,0.0,0.0,70.33541122159575,original,0.0
4.435754887512969,38.1480712890625,0.33133816719055176,0.2658902108669281,7.086401236783625,0.0,0.0,0.0,0.0,0.0,0.0,0.0,0.0,65.80246938874033,brightness_dark,0.11564578402933046
4.4721635688937305,35.41180419921875,0.3309037685394287,0.23311179876327515,7.2952400222525196,0.0,0.0,0.0,0.0,0.0,0.0,0.0,0.0,47.122054467511155,vignetting,0.5765880434965995
3.7676303333422205,28.4931640625,0.3594662547111511,0.254899799823761,7.476159299798411,0.0,0.0,0.0,0.0,0.0,0.0,0.0,0.0,73.10700309585594,noise_speckle,0.04438653371323109
4.042361787157779,29.3553466796875,0.2589424252510071,0.2355097234249115,5.668699601216415,0.0,0.0,0.0,0.0,0.0,0.0,0.0,0.0,70.85874501520519,original,0.0
4.039516962365392,29.36199951171875,0.2594539225101471,0.23549926280975342,5.665532003835443,0.0,0.0,0.0,0.0,0.0,0.0,0.0,0.0,70.75149891919786,contrast_low,0.0016912782186294661
4.03633395071672,28.81396484375,0.22707301378250122,0.20459908246994019,5.542023956607274,0.0,0.9101790673178206,0.0,0.0,0.0,0.0,0.0,0.0,37.014864669586764,vignetting,0.8065108697001039
4.349056479296977,32.32550048828125,0.25758543610572815,0.23361879587173462,5.676939511052565,0.0,0.3514315809633247,0.0,0.0,0.0,0.0,0.0,0.0,42.18454392236324,rotation,0.7194299991448455
4.866988377320602,31.7408447265625,0.3652886748313904,0.31822267174720764,6.327756794689291,0.6498996270466696,0.0,0.0,0.0,0.0,0.0,0.0,0.0,67.55341081786266,original,0.0
5.144923788341529,37.4976806640625,0.39643725752830505,0.31080445647239685,6.711543041813329,0.7442881343004981,0.0,0.0,0.0,0.0,0.0,0.0,0.0,36.21900033811113,scale,0.7370376934903003
11.24969481685151,72.73016357421875,0.3667999804019928,0.3212856948375702,6.303622939775904,0.653274797158988,0.0,0.0,0.0,0.0,0.0,0.0,0.0,10.433175683072692,noise_salt_pepper,0.3642214717812642
7.4163963408950435,60.5142822265625,0.3653201162815094,0.29629984498023987,6.505257219741086,0.6493611097097414,0.0,0.0,0.0,0.0,0.0,0.0,0.0,12.602378288513805,blur_motion,0.9488744859713143
10.725196286071096,17.49151611328125,0.2195669263601303,0.20888786017894745,6.24898529250344,0.0,0.0,0.0,0.0,0.0,0.0,0.0,0.0,78.112316156293,original,0.0
10.469097275914654,19.34033203125,0.22829829156398773,0.21771641075611115,6.136233725850818,0.0,0.42842215256008365,0.0,0.0,0.0,0.0,0.0,0.0,62.61658351923364,vignetting,0.3302000360425964
12.2120136701454,27.97369384765625,0.2204650342464447,0.20893262326717377,6.108539583627731,0.0,0.0,0.0,0.0,0.0,0.0,0.0,0.0,38.497383639807914,jpeg,0.6633874762655443
11.378838059945362,33.80914306640625,0.2440652698278427,0.17645524442195892,6.222349553461239,0.0,0.0,0.0,0.0,0.0,0.0,0.0,0.0,28.948400646434187,blur_motion,0.7197542630139502
3.981917492788684,21.39752197265625,0.346879243850708,0.2824411392211914,7.208263743028306,0.560978848420389,0.0,0.0,0.0,0.0,0.0,0.0,0.0,73.45388338140877,original,0.0
4.9579288874895235,11.25445556640625,0.34456759691238403,0.2820265293121338,7.176860626216769,0.5618728559937322,0.0,0.0,0.0,0.0,0.0,0.0,0.0,65.64703038058141,noise_speckle,0.5071225040352692
4.85673655209038,26.56805419921875,0.345237672328949,0.2798652648925781,7.210692623270935,0.5603735914378544,0.0,0.0,0.0,0.0,0.0,0.0,0.0,51.28603997462879,rotation,0.40839290861921684
4.000245052895838,22.04034423828125,0.3463464677333832,0.28349214792251587,6.243303372859113,0.5594951518178355,0.0,0.0,0.0,0.0,0.0,0.0,0.0,45.44336307958511,contrast_low,0.697208414194399
4.737184654394604,10.98736572265625,0.1846826672554016,0.19126316905021667,5.48798886044024,0.8644375948849398,0.0,0.0,0.0,0.0,0.0,0.0,0.0,68.59986075550299,original,0.0
6.160882397736681,21.027587890625,0.14661666750907898,0.19718290865421295,4.788440678379973,0.8565772022647058,0.0,0.0,0.0,0.0,0.0,0.0,0.0,54.76399651738354,brightness_dark,0.12728779905915322
4.700163863566636,12.94793701171875,0.1835622489452362,0.19200673699378967,4.799620055465312,0.862746832384651,0.0,0.0,0.0,0.0,0.0,0.0,0.0,42.06839687437824,contrast_low,0.6649294342127715
4.935117726814342,11.72540283203125,0.18396836519241333,0.19173891842365265,4.7898159840861165,0.8627629376524208,0.0,0.0,0.0,0.0,0.0,0.0,0.0,40.00649734366172,contrast_low,0.6773179452727329
4.558967396186308,23.94677734375,0.2350800335407257,0.15369991958141327,6.510147405035116,0.0,0.0,0.0,0.0,0.0,0.0,0.0,0.0,70.0665283203125,original,0.0
4.563470474946761,24.02545166015625,0.2323644906282425,0.15283061563968658,6.482988799080234,0.0,0.0,0.0,0.0,0.0,0.0,0.0,0.0,63.00709169640693,vignetting,0.17402734320994395
4.453138090883057,24.45001220703125,0.26842349767684937,0.17474320530891418,6.5091790317781015,0.0,0.0,0.0,0.0,0.0,0.0,0.0,0.0,58.27441774482367,brightness_bright,0.3009498745655653
14.484153165790676,47.107177734375,0.03361877426505089,0.09953024238348007,2.0135131764938805,0.0,0.0,0.0,0.0,0.0,0.0,0.0,0.0,0.0,brightness_dark,0.8337251693040575
4.003525144940784,22.81414794921875,0.2616286277770996,0.14967641234397888,6.511135432200014,0.0,0.0,0.0,0.0,0.0,0.0,0.0,0.0,73.30983236706145,original,0.0
4.768462675536646,14.19378662109375,0.26362818479537964,0.15129688382148743,6.688840113465074,0.0,0.0,0.0,0.0,0.0,0.0,0.0,0.0,70.78121804887573,noise_speckle,0.2869137168689272
4.045099848262757,22.52850341796875,0.26186618208885193,0.15083067119121552,5.463562040950869,0.0,0.0,0.0,0.0,0.0,0.0,0.0,0.0,40.40901762843586,contrast_low,0.7857588274775801
3.815546060429656,24.388671875,0.35623782873153687,0.1998237818479538,6.465300981476909,0.0,0.0,0.0,0.0,0.0,0.0,0.0,0.0,48.37480131567942,brightness_bright,0.6547056237030716
5.411762570244797,33.7822265625,0.15686136484146118,0.21822726726531982,5.090266714568603,0.052876277187543536,0.6751271517996871,0.0,0.0,0.0,0.0,0.0,0.0,63.62833393210754,original,0.0
4.444827180195496,45.230224609375,0.13899876177310944,0.2281000018119812,3.4536288397106043,0.03232060059364079,0.0,0.0,0.0,0.0,0.0,0.0,0.0,25.790778564763134,contrast_high,0.44178601683795293
4.443770320693956,37.41900634765625,0.16216789186000824,0.22565609216690063,5.080986748602626,0.05031273952676646,0.41373239436619724,0.0,0.0,0.0,0.0,0.0,0.0,54.96427831796882,rotation,0.2137014009891003
4.530538267999471,47.8873291015625,0.13170702755451202,0.23341046273708344,3.2060579194386905,0.029546283454384183,0.0,0.0,0.0,0.0,0.0,0.0,0.0,8.391422658806789,contrast_high,0.793735399106002
5.0064528685189025,32.3619384765625,0.19218239188194275,0.2109382450580597,5.857995241146684,0.0,0.0,0.0,0.0,0.0,0.0,0.0,0.0,66.62364754320731,original,0.0
4.896955662172042,35.396240234375,0.22453536093235016,0.24372686445713043,5.603527154626665,0.0,0.8502898014551734,0.0,0.0,0.0,0.0,0.0,0.0,37.915171081244196,ring_artifact,0.7359614459402217
5.4688637585032565,37.23126220703125,0.19536533951759338,0.2144385725259781,5.820067328321096,0.0,0.0,0.0,0.0,0.0,0.0,0.0,0.0,60.14908680764009,rotation,0.08479553672512175
7.224983756598585,45.425048828125,0.07494302839040756,0.1720353662967682,2.8926394303738734,0.0,0.0,0.0,0.0,0.0,0.0,0.0,0.0,16.66453551264381,brightness_dark,0.6638538363049987
5.159691293951166,41.17822265625,0.3102548122406006,0.24975718557834625,6.773599689719077,0.0,0.0,0.0,0.0,0.0,0.0,0.0,0.0,65.60205804032556,original,0.0
5.088169660228841,40.62994384765625,0.3568572700023651,0.2854727506637573,6.681794210351184,0.0,0.0,0.0,0.0,0.0,0.0,0.0,0.0,52.671338715415686,brightness_bright,0.3351882554098009
5.264817494344624,40.962158203125,0.2877255380153656,0.23524552583694458,6.659804210424239,0.0,0.9172453703703703,0.0,0.0,0.0,0.0,0.0,0.0,26.821230206270165,stripe_artifact,0.9519996624524752
20.437211636243905,83.62432861328125,0.3140105605125427,0.25878700613975525,6.736360844206824,0.0,0.0,0.0,0.0,0.0,0.0,0.0,0.0,0.0,noise_salt_pepper,0.672795670557167
6.835063419188213,49.04315185546875,0.25506043434143066,0.18612220883369446,6.711768776662904,0.0,0.0,0.0,0.0,0.0,0.0,0.0,0.0,54.43291053874525,original,0.0
20.962399224497776,91.2127685546875,0.26120465993881226,0.20371092855930328,6.6732630652414295,0.0,0.0,0.0,0.0,0.0,0.0,0.0,0.0,0.0,noise_salt_pepper,0.8065628945762658
7.169810286183219,25.50421142578125,0.2540886402130127,0.18513892590999603,6.914273166948278,0.0,0.0,0.0,0.0,0.0,0.0,0.0,0.0,67.14272020870038,noise_gaussian,0.024425387726826342
21.81614149338907,94.22174072265625,0.2620668113231659,0.20664082467556,6.660678720417967,0.0,0.0,0.0,0.0,0.0,0.0,0.0,0.0,0.0,noise_salt_pepper,0.9839360227818514
6.193202182660051,53.794677734375,0.22975707054138184,0.2885283827781677,5.824814793582197,0.0,0.0,0.0,0.0,0.0,0.0,0.0,0.0,58.71198544893299,original,0.0
6.305989388795624,52.037109375,0.3034455180168152,0.3341323435306549,5.255971655253015,0.0,0.0,0.0,0.0,0.0,0.0,0.0,0.0,23.97056295637322,brightness_bright,0.8497376946247319
7.762377953969954,73.640380859375,0.22828350961208344,0.2705335021018982,6.147063569358208,0.0,0.0,0.0,0.0,0.0,0.0,0.0,0.0,30.03416690499674,blur_motion,0.45541616838008914
6.023928424518296,54.71881103515625,0.1965932846069336,0.24550555646419525,5.781776748905826,0.0,0.0,0.0,0.0,0.0,0.0,0.0,0.0,34.649861940369476,vignetting,0.6297653807377137
6.027947031844079,46.72528076171875,0.34115535020828247,0.29286712408065796,7.142022361576086,0.0,0.0,0.0,0.0,0.0,0.0,0.0,0.0,59.813686454372814,original,0.0
20.984407039150664,82.7235107421875,0.34464001655578613,0.299964964389801,7.152048614969093,0.0,0.0,0.0,0.0,0.0,0.0,0.0,0.0,0.0,noise_salt_pepper,0.7183459154989886
4.024803887195615,22.8485107421875,0.5531935095787048,0.32231536507606506,6.845422319726533,0.0,0.0,0.0,0.0,0.9606836745275753,0.41068766937669376,0.3541666666666667,0.0,53.39288732494508,contrast_low,0.49437716901043693
10.338430222683835,69.22711181640625,0.3420514762401581,0.29467305541038513,7.152677817838647,0.0,0.0,0.0,0.0,0.0,0.0,0.0,0.0,25.174278045122502,noise_salt_pepper,0.1475713450912982
4.40980787087692,23.73907470703125,0.2816222906112671,0.22899854183197021,6.507331418146305,0.0,0.0,0.0,0.0,0.0,0.0,0.0,0.0,70.60128086082054,original,0.0
5.269974988900397,30.97161865234375,0.2263839989900589,0.23113858699798584,5.662884788627997,0.0,0.6370481927710844,0.0,0.0,0.0,0.0,0.0,0.0,64.64504068180942,scale,0.00554481813803176
4.54094650278537,22.16552734375,0.3882852792739868,0.24641869962215424,7.082106564906909,0.0,0.0,0.0,0.0,0.0,0.0,0.0,0.0,37.87546820341164,ring_artifact,0.8604405654225213
4.616118335617258,25.482177734375,0.28237825632095337,0.22945015132427216,6.390381378732633,0.0,0.0,0.0,0.0,0.0,0.0,0.0,0.0,64.96238590001006,vignetting,0.10658729656353894
4.40980787087692,23.73907470703125,0.2816222906112671,0.22899854183197021,6.507331418146305,0.0,0.0,0.0,0.0,0.0,0.0,0.0,0.0,70.60128086082054,original,0.0
4.47144424860634,23.55059814453125,0.2816690504550934,0.22890079021453857,6.249941324762511,0.0,0.0,0.0,0.0,0.0,0.0,0.0,0.0,61.80810684684316,contrast_low,0.21884113681231943
4.499297378082684,21.3248291015625,0.41444072127342224,0.241847962141037,7.227040246674238,0.0,0.0,0.0,0.0,0.0,0.0,0.0,0.0,35.025321931865285,ring_artifact,0.9579660422795397
3.973195249347388,30.94873046875,0.17815905809402466,0.2181621789932251,5.285962204047739,0.0,0.0,0.0,0.0,0.0,0.0,0.0,0.0,47.492532167626656,brightness_dark,0.46454988457425217
4.952555897839987,38.21771240234375,0.25515371561050415,0.27345407009124756,5.74541558739281,0.6384068360122309,0.6104003101676845,0.0,0.0,0.0,0.0,0.0,0.0,66.98296068106674,original,0.0
5.243925254996669,41.03363037109375,0.21768690645694733,0.2630927264690399,5.138441805289617,0.643460204478135,0.7050499176117089,0.0,0.0,0.0,0.0,0.0,0.0,54.26259137972135,brightness_dark,0.24919827965997166
4.74476685335245,37.19073486328125,0.2521522343158722,0.270708829164505,5.7170749451522695,0.6381131050005039,0.6448095376562955,0.0,0.0,0.0,0.0,0.0,0.0,63.51387701007495,stripe_artifact,0.12135859918938441
12.317137383646573,56.4505615234375,0.26748454570770264,0.26711076498031616,6.731965216133508,0.6633239854553798,0.7797809440728894,0.0,0.0,0.0,0.0,0.0,0.0,0.0,noise_gaussian,0.8014166017222645
5.980815819239463,55.9603271484375,0.20008182525634766,0.2813015878200531,4.167679524544973,0.0,0.5802957107304934,0.0,0.0,0.0,0.0,0.0,0.0,52.09599405681217,original,0.0
5.995861763776872,59.7318115234375,0.1992550939321518,0.2793680429458618,4.182794144923286,0.0,0.5911286780851999,0.0,0.0,0.0,0.0,0.0,0.0,31.03965137731753,rotation,0.5311318858555887
5.3332826946506025,58.39178466796875,0.14084522426128387,0.2444186508655548,3.6226662514430954,0.0,0.0,0.0,0.0,0.0,0.0,0.0,0.0,21.465235404261907,brightness_dark,0.5954523184694197
4.879257740413352,47.332763671875,0.22564834356307983,0.29187509417533875,5.343066127530325,0.01385843635854162,0.39350021958717607,0.0,0.0,0.0,0.0,0.0,0.0,31.131289561711583,ring_artifact,0.891425925810437
5.086873046151338,39.87969970703125,0.27575281262397766,0.21928642690181732,7.091825774843087,0.0,0.0,0.0,0.0,0.0,0.0,0.0,0.0,66.08751302565776,original,0.0
5.00153208344096,41.382568359375,0.397053062915802,0.2972950041294098,6.686712559023272,0.0,0.0,0.0,0.0,0.0,0.0,0.0,0.0,34.05619248379291,brightness_bright,0.8150065073316839
4.979455001742138,39.22674560546875,0.25990480184555054,0.20559586584568024,6.92904570097213,0.0,0.0,0.0,0.0,0.0,0.0,0.0,0.0,46.612506728743,vignetting,0.504778164824402
4.9114772410106955,35.456787109375,0.255862295627594,0.2052268236875534,7.052660177208129,0.0,0.0,0.0,0.0,0.0,0.0,0.0,0.0,30.982629175017486,stripe_artifact,0.9068547304561134
5.086873046151338,39.87969970703125,0.27575281262397766,0.21928642690181732,7.091825774843087,0.0,0.0,0.0,0.0,0.0,0.0,0.0,0.0,66.08751302565776,original,0.0
5.826868921568638,37.15264892578125,0.2085830420255661,0.2665955126285553,4.99749949983644,0.0,0.0,0.0,0.0,0.0,0.0,0.0,0.0,25.265883060211927,contrast_high,0.8972081032332622
5.68850116811132,45.257080078125,0.30820897221565247,0.20947937667369843,7.230090069978888,0.0,0.0,0.0,0.0,0.0,0.0,0.0,0.0,27.61686248792737,scale,0.8614949097832623
5.579004476485072,35.17767333984375,0.248182013630867,0.23980388045310974,5.901736116568072,0.0,0.0,0.0,0.0,0.0,0.0,0.0,0.0,52.438974884832085,contrast_high,0.25919154846501935
5.417391163863964,45.0069580078125,0.3081154227256775,0.24425344169139862,6.517101017484976,0.0,0.0,0.0,0.0,0.0,0.0,0.0,0.0,63.88405890757358,original,0.0
19.19947747734117,97.61749267578125,0.3131377696990967,0.25616586208343506,6.472366308860796,0.0,0.0,0.0,0.0,0.0,0.0,0.0,0.0,0.0,noise_salt_pepper,0.8398628878419208
8.468291003935093,12.4287109375,0.30658504366874695,0.24512967467308044,6.514266391564858,0.0,0.0,0.0,0.0,0.0,0.0,0.0,0.0,50.7957825226741,noise_speckle,0.7658136842971655
5.59188676763349,49.09869384765625,0.2131028026342392,0.22193937003612518,5.544540823183816,0.0,0.0,0.0,0.0,0.0,0.0,0.0,0.0,43.33687419963272,brightness_dark,0.4845970170702668
