path,filename,class,score,u_niqe,u_brisque,a_rx_chest.lung_symmetry,a_rx_chest.inspiration_index,a_rx_chest.mediastinum_width,a_rx_chest.rotation_angle,img_mean,img_std,img_entropy,a_rx_skull.penetration_index,a_rx_skull.sinus_air_score
/Users/iaparamedicos/MIQA_datasets/ct/chest/covid_ct/COVID/Covid (1).png,Covid (1).png,covid,72.64785766601562,6.667631147982212,21.8817138671875,0.9911879410191342,0.4218407346491228,0.27734375,,0.5099515914916992,0.35072439908981323,6.859628256854135,,
/Users/iaparamedicos/MIQA_datasets/ct/chest/covid_ct/COVID/Covid (10).png,Covid (10).png,covid,89.77131697101196,3.6458469613608235,7.94793701171875,,,,,0.6196193695068359,0.28318843245506287,7.181705357680956,,
/Users/iaparamedicos/MIQA_datasets/ct/chest/covid_ct/COVID/Covid (100).png,Covid (100).png,covid,55.77850341796875,6.849529084480674,35.377197265625,,,,,0.3502438962459564,0.3899073600769043,5.256157406076351,0.206858516960568,0.0
/Users/iaparamedicos/MIQA_datasets/ct/chest/covid_ct/COVID/Covid (1000).png,Covid (1000).png,covid,83.53660583496094,4.509825369129863,13.17071533203125,,,,,0.6942283511161804,0.2543853521347046,7.129473114323572,,
/Users/iaparamedicos/MIQA_datasets/ct/chest/covid_ct/COVID/Covid (1001).png,Covid (1001).png,covid,82.53341674804688,4.36618280919288,13.9732666015625,,,,,0.7009936571121216,0.25175780057907104,7.104342524577197,,
/Users/iaparamedicos/MIQA_datasets/ct/chest/covid_ct/COVID/Covid (1002).png,Covid (1002).png,covid,84.31526184082031,5.275523232220533,12.54779052734375,,,,,0.7075201272964478,0.2482362538576126,7.129560571086415,,
/Users/iaparamedicos/MIQA_datasets/ct/chest/covid_ct/COVID/Covid (1003).png,Covid (1003).png,covid,75.74028015136719,5.841942568202968,19.40777587890625,,,,,0.7025704383850098,0.2498612254858017,7.144759650158245,,
/Users/iaparamedicos/MIQA_datasets/ct/chest/covid_ct/COVID/Covid (1004).png,Covid (1004).png,covid,76.61293029785156,4.799917883161486,18.70965576171875,0.9858573951335727,0.4001022298894639,0.2887700534759358,,0.718984842300415,0.233193501830101,7.098930770496201,,
/Users/iaparamedicos/MIQA_datasets/ct/chest/covid_ct/COVID/Covid (1005).png,Covid (1005).png,covid,79.45953369140625,5.107370945668515,16.432373046875,,,,,0.7149267196655273,0.23434507846832275,7.13728689842698,,
/Users/iaparamedicos/MIQA_datasets/ct/chest/covid_ct/COVID/Covid (1006).png,Covid (1006).png,covid,87.12905883789062,5.707831270969366,10.2967529296875,,,,,0.6997576355934143,0.2514723539352417,7.1138810380319715,,
/Users/iaparamedicos/MIQA_datasets/ct/chest/covid_ct/COVID/Covid (1007).png,Covid (1007).png,covid,79.05311584472656,4.360277730348027,16.75750732421875,,,,,0.7103175520896912,0.23693230748176575,7.061173897735047,,
/Users/iaparamedicos/MIQA_datasets/ct/chest/covid_ct/COVID/Covid (1008).png,Covid (1008).png,covid,79.52911376953125,4.842902602680948,16.376708984375,,,,,0.7228143215179443,0.22785048186779022,7.090169124388119,,
/Users/iaparamedicos/MIQA_datasets/ct/chest/covid_ct/COVID/Covid (1009).png,Covid (1009).png,covid,83.13545227050781,5.125236387063504,13.49163818359375,,,,,0.7129190564155579,0.24321375787258148,7.10301500582832,,
/Users/iaparamedicos/MIQA_datasets/ct/chest/covid_ct/COVID/Covid (101).png,Covid (101).png,covid,60.183029174804695,7.803920540506009,31.85357666015625,,,,,0.3762475252151489,0.3930683732032776,5.473482915867538,,0.0
/Users/iaparamedicos/MIQA_datasets/ct/chest/covid_ct/COVID/Covid (1010).png,Covid (1010).png,covid,76.45362854003906,4.204832623935915,18.83709716796875,,,,,0.7049995064735413,0.249686136841774,7.0873138452921935,,
/Users/iaparamedicos/MIQA_datasets/ct/chest/covid_ct/COVID/Covid (1011).png,Covid (1011).png,covid,83.326416015625,4.2448426520956755,13.3388671875,,,,,0.6950620412826538,0.25283902883529663,7.124943484512784,,
/Users/iaparamedicos/MIQA_datasets/ct/chest/covid_ct/COVID/Covid (1012).png,Covid (1012).png,covid,78.66661071777344,5.203644851284745,17.06671142578125,,,,,0.7110573649406433,0.2410871386528015,7.108717917822343,,
/Users/iaparamedicos/MIQA_datasets/ct/chest/covid_ct/COVID/Covid (1013).png,Covid (1013).png,covid,79.37339782714844,5.573062542874986,16.50128173828125,,,,,0.7095207571983337,0.24390347301959991,7.1099314364155095,,
/Users/iaparamedicos/MIQA_datasets/ct/chest/covid_ct/COVID/Covid (1014).png,Covid (1014).png,covid,78.04252624511719,4.739424032532812,17.56597900390625,,,,,0.7189981341362,0.23466750979423523,7.10224872322581,,
/Users/iaparamedicos/MIQA_datasets/ct/chest/covid_ct/COVID/Covid (1015).png,Covid (1015).png,covid,84.27436828613281,5.230719121686314,12.58050537109375,,,,,0.7205908298492432,0.229328915476799,7.1038341366730675,,
/Users/iaparamedicos/MIQA_datasets/ct/chest/covid_ct/COVID/Covid (1016).png,Covid (1016).png,covid,79.92095947265625,4.706412385728839,16.063232421875,0.992866738411412,0.4015594541910331,0.287598944591029,,0.760990560054779,0.19283421337604523,7.025582852961948,,
/Users/iaparamedicos/MIQA_datasets/ct/chest/covid_ct/COVID/Covid (1017).png,Covid (1017).png,covid,81.30744934082031,4.228524243693114,14.95404052734375,,,,,0.7108469605445862,0.24049149453639984,7.114261726795838,,
/Users/iaparamedicos/MIQA_datasets/ct/chest/covid_ct/COVID/Covid (1018).png,Covid (1018).png,covid,88.77822875976562,5.66828158687599,8.9774169921875,,,,,0.6981347799301147,0.25176289677619934,7.121256390673928,,
/Users/iaparamedicos/MIQA_datasets/ct/chest/covid_ct/COVID/Covid (1019).png,Covid (1019).png,covid,78.32332611083984,5.695587337132674,17.341339111328125,,,,,0.7091146111488342,0.2408321499824524,7.048480341427493,,
/Users/iaparamedicos/MIQA_datasets/ct/chest/covid_ct/COVID/Covid (102).png,Covid (102).png,covid,62.79502868652344,7.068972010418697,29.76397705078125,,,,,0.3797079920768738,0.39286720752716064,5.49823303080483,,0.0
/Users/iaparamedicos/MIQA_datasets/ct/chest/covid_ct/COVID/Covid (1020).png,Covid (1020).png,covid,80.62515258789062,5.324723751946893,15.4998779296875,,,,,0.7017649412155151,0.24460893869400024,7.057710501970448,,
/Users/iaparamedicos/MIQA_datasets/ct/chest/covid_ct/COVID/Covid (1021).png,Covid (1021).png,covid,88.1850708110669,5.192299628996086,6.96502685546875,,,,,0.7032204270362854,0.24049507081508636,7.054805664885351,,
/Users/iaparamedicos/MIQA_datasets/ct/chest/covid_ct/COVID/Covid (1022).png,Covid (1022).png,covid,76.98768615722656,5.817108121298258,18.40985107421875,,,,,0.7056789994239807,0.24522581696510315,7.070815776220686,,
/Users/iaparamedicos/MIQA_datasets/ct/chest/covid_ct/COVID/Covid (1023).png,Covid (1023).png,covid,80.19775390625,5.681814794313767,15.841796875,,,,,0.6779456734657288,0.25575631856918335,7.164785529012293,,
/Users/iaparamedicos/MIQA_datasets/ct/chest/covid_ct/COVID/Covid (1024).png,Covid (1024).png,covid,89.2672564137531,5.096493021399816,4.97137451171875,,,,,0.6726351380348206,0.26105809211730957,7.141380513100248,,
/Users/iaparamedicos/MIQA_datasets/ct/chest/covid_ct/COVID/Covid (1025).png,Covid (1025).png,covid,79.51080322265625,4.735017143805695,16.391357421875,,,,,0.6406118869781494,0.27875569462776184,7.212217122142341,,
/Users/iaparamedicos/MIQA_datasets/ct/chest/covid_ct/COVID/Covid (1026).png,Covid (1026).png,covid,89.0631103515625,4.968993487538399,8.74951171875,,,,,0.650232195854187,0.27329471707344055,7.184453562740489,,
/Users/iaparamedicos/MIQA_datasets/ct/chest/covid_ct/COVID/Covid (1027).png,Covid (1027).png,covid,89.52478700358421,4.70847038172767,5.2825927734375,,,,,0.655873715877533,0.2686751186847687,7.161982960286736,,
/Users/iaparamedicos/MIQA_datasets/ct/chest/covid_ct/COVID/Covid (1028).png,Covid (1028).png,covid,78.79905700683594,6.953956289779563,16.96075439453125,,,,,0.6383812427520752,0.2778351902961731,7.218438671891479,,
/Users/iaparamedicos/MIQA_datasets/ct/chest/covid_ct/COVID/Covid (1029).png,Covid (1029).png,covid,82.07504272460938,5.6121186018858955,14.3399658203125,,,,,0.624556839466095,0.2825833559036255,7.276165265016997,,
/Users/iaparamedicos/MIQA_datasets/ct/chest/covid_ct/COVID/Covid (103).png,Covid (103).png,covid,57.23854064941406,8.22500970955309,34.20916748046875,,,,,0.3520112931728363,0.38865959644317627,5.448660152462389,,0.0
/Users/iaparamedicos/MIQA_datasets/ct/chest/covid_ct/COVID/Covid (1030).png,Covid (1030).png,covid,85.99754333496094,4.502256687377514,11.20196533203125,,,,,0.6432569622993469,0.2741752564907074,7.250743963826845,,
/Users/iaparamedicos/MIQA_datasets/ct/chest/covid_ct/COVID/Covid (1031).png,Covid (1031).png,covid,84.59327697753906,4.648330264919252,12.32537841796875,,,,,0.6653059720993042,0.2552461624145508,7.203023138481815,,
/Users/iaparamedicos/MIQA_datasets/ct/chest/covid_ct/COVID/Covid (1032).png,Covid (1032).png,covid,90.10149725601104,4.752949461785961,4.18603515625,,,,,0.6434906721115112,0.27178674936294556,7.208119780480883,,
/Users/iaparamedicos/MIQA_datasets/ct/chest/covid_ct/COVID/Covid (1033).png,Covid (1033).png,covid,85.29708862304688,5.102579361773778,11.7623291015625,,,,,0.6362655758857727,0.2780793607234955,7.2385321534793,,
/Users/iaparamedicos/MIQA_datasets/ct/chest/covid_ct/COVID/Covid (1034).png,Covid (1034).png,covid,84.12727355957031,5.543192272101462,12.69818115234375,,,,,0.6414232850074768,0.2704506814479828,7.266356623982056,,
/Users/iaparamedicos/MIQA_datasets/ct/chest/covid_ct/COVID/Covid (1035).png,Covid (1035).png,covid,87.71316528320312,5.136025557520451,9.8294677734375,,,,,0.6292951107025146,0.2783138155937195,7.274785255382157,,
/Users/iaparamedicos/MIQA_datasets/ct/chest/covid_ct/COVID/Covid (1036).png,Covid (1036).png,covid,83.46488952636719,4.730895667469196,13.22808837890625,,,,,0.6438021659851074,0.27613645792007446,7.19984814712842,,
/Users/iaparamedicos/MIQA_datasets/ct/chest/covid_ct/COVID/Covid (1037).png,Covid (1037).png,covid,90.05870930113439,5.239827944688745,4.64605712890625,,,,,0.622344970703125,0.2885217070579529,7.204696744090751,,
/Users/iaparamedicos/MIQA_datasets/ct/chest/covid_ct/COVID/Covid (1038).png,Covid (1038).png,covid,89.602936085932,4.885513855910495,3.355712890625,,,,,0.6370105743408203,0.2850627601146698,7.16823488687456,,
/Users/iaparamedicos/MIQA_datasets/ct/chest/covid_ct/COVID/Covid (1039).png,Covid (1039).png,covid,82.55752563476562,4.88943256639574,13.9539794921875,,,,,0.6258149743080139,0.28843629360198975,7.186960982385684,,
/Users/iaparamedicos/MIQA_datasets/ct/chest/covid_ct/COVID/Covid (104).png,Covid (104).png,covid,53.39874267578125,7.520884858338745,37.281005859375,,,,,0.37438490986824036,0.3876991868019104,5.500493758550032,,0.0
/Users/iaparamedicos/MIQA_datasets/ct/chest/covid_ct/COVID/Covid (1040).png,Covid (1040).png,covid,87.15667724609375,4.832499941144969,10.274658203125,,,,,0.6396189332008362,0.2716731131076813,7.207473661121937,,
/Users/iaparamedicos/MIQA_datasets/ct/chest/covid_ct/COVID/Covid (1041).png,Covid (1041).png,covid,86.36619567871094,5.312176085755086,10.90704345703125,,,,,0.6091570258140564,0.2904960513114929,7.213781741064433,,
/Users/iaparamedicos/MIQA_datasets/ct/chest/covid_ct/COVID/Covid (1042).png,Covid (1042).png,covid,80.20004272460938,4.637585444886542,15.8399658203125,,,,,0.6063553094863892,0.29230359196662903,7.207091321912181,,
/Users/iaparamedicos/MIQA_datasets/ct/chest/covid_ct/COVID/Covid (1043).png,Covid (1043).png,covid,89.61329288438394,4.98831157149144,2.17901611328125,,,,,0.618890106678009,0.29578813910484314,7.1690634307507155,,
/Users/iaparamedicos/MIQA_datasets/ct/chest/covid_ct/COVID/Covid (1044).png,Covid (1044).png,covid,89.10875106307543,5.318689323605737,8.46124267578125,,,,,0.6376997232437134,0.2924322485923767,7.1287000850460345,,
/Users/iaparamedicos/MIQA_datasets/ct/chest/covid_ct/COVID/Covid (1045).png,Covid (1045).png,covid,81.25946044921875,5.955885157214764,14.992431640625,,,,,0.6462746858596802,0.28726235032081604,7.120371717789883,,
/Users/iaparamedicos/MIQA_datasets/ct/chest/covid_ct/COVID/Covid (1046).png,Covid (1046).png,covid,88.36951731057286,5.142308639972165,9.26953125,,,,,0.6568108201026917,0.2859814763069153,7.069561384845828,,
/Users/iaparamedicos/MIQA_datasets/ct/chest/covid_ct/COVID/Covid (1047).png,Covid (1047).png,covid,86.32637023925781,5.113084993203284,10.93890380859375,,,,,0.6450151801109314,0.29234007000923157,7.044570616698828,,
/Users/iaparamedicos/MIQA_datasets/ct/chest/covid_ct/COVID/Covid (1048).png,Covid (1048).png,covid,87.89730940488471,5.211012330403519,1.8314208984375,,,,,0.6611626744270325,0.2896261513233185,7.031784752390776,,
/Users/iaparamedicos/MIQA_datasets/ct/chest/covid_ct/COVID/Covid (1049).png,Covid (1049).png,covid,86.84967041015625,5.649321472786531,10.520263671875,0.9817139598451813,0.4015619498767724,0.2965779467680608,,0.673552930355072,0.28795182704925537,7.005833448814974,,
/Users/iaparamedicos/MIQA_datasets/ct/chest/covid_ct/COVID/Covid (105).png,Covid (105).png,covid,52.93434143066407,7.8846466998021905,37.65252685546875,,,,,0.3767724633216858,0.3886239230632782,5.528502251415171,,0.423124740986324
/Users/iaparamedicos/MIQA_datasets/ct/chest/covid_ct/COVID/Covid (1050).png,Covid (1050).png,covid,76.81976318359375,7.780578504575569,18.544189453125,0.9573719906530742,0.4019543723310122,0.30120481927710846,,0.659653902053833,0.2931448221206665,7.124774620035191,,
/Users/iaparamedicos/MIQA_datasets/ct/chest/covid_ct/COVID/Covid (1051).png,Covid (1051).png,covid,82.61466979980469,5.610088711913854,13.90826416015625,,,,,0.6984386444091797,0.28322166204452515,6.967960863123108,,
/Users/iaparamedicos/MIQA_datasets/ct/chest/covid_ct/COVID/Covid (1052).png,Covid (1052).png,covid,86.11984252929688,5.687527177781901,11.1041259765625,,,,,0.6765207052230835,0.29271119832992554,7.053096356920406,,
/Users/iaparamedicos/MIQA_datasets/ct/chest/covid_ct/COVID/Covid (1053).png,Covid (1053).png,covid,86.86714172363281,5.381429692935082,10.50628662109375,,,,,0.6936732530593872,0.287088006734848,6.983555009955559,,
/Users/iaparamedicos/MIQA_datasets/ct/chest/covid_ct/COVID/Covid (1054).png,Covid (1054).png,covid,83.15757751464844,7.576013721108686,13.47393798828125,,,,,0.6895771026611328,0.2878703773021698,6.957447044234859,,
/Users/iaparamedicos/MIQA_datasets/ct/chest/covid_ct/COVID/Covid (1055).png,Covid (1055).png,covid,79.84603881835938,8.64737522051051,16.1231689453125,0.9885811145897634,0.4013412816691505,0.2602739726027397,,0.7177742719650269,0.26944512128829956,6.92485909604094,,
/Users/iaparamedicos/MIQA_datasets/ct/chest/covid_ct/COVID/Covid (1056).png,Covid (1056).png,covid,73.72550964355469,9.201199661636922,21.01959228515625,0.9916461803736316,0.4007025893818347,0.26540284360189575,,0.7180331349372864,0.2674623727798462,6.945313232672229,,
/Users/iaparamedicos/MIQA_datasets/ct/chest/covid_ct/COVID/Covid (1057).png,Covid (1057).png,covid,70.91171264648438,8.656361867572999,23.2706298828125,0.9903218492892176,0.4002306171754887,0.2753623188405797,,0.7228944897651672,0.26621076464653015,6.92491977263562,,
/Users/iaparamedicos/MIQA_datasets/ct/chest/covid_ct/COVID/Covid (1058).png,Covid (1058).png,covid,73.79140526567227,3.931289210149161,24.2222900390625,0.8592330781336146,0.4037873441543166,0.11954022988505747,,0.7178946733474731,0.2710021734237671,6.24736646064494,,
/Users/iaparamedicos/MIQA_datasets/ct/chest/covid_ct/COVID/Covid (1059).png,Covid (1059).png,covid,73.43351834139486,3.9849722487907693,24.2509765625,0.8440942855528155,0.4007278020378457,0.14383561643835616,,0.6786074042320251,0.2928091883659363,6.541690986371511,,
/Users/iaparamedicos/MIQA_datasets/ct/chest/covid_ct/COVID/Covid (106).png,Covid (106).png,covid,57.220611572265625,6.66692255031588,34.2235107421875,,,,,0.3801169693470001,0.38980135321617126,5.681610039027161,,0.6680161943319838
/Users/iaparamedicos/MIQA_datasets/ct/chest/covid_ct/COVID/Covid (1060).png,Covid (1060).png,covid,73.56999190503133,3.9645012142452996,24.667236328125,0.8427137609271841,0.40504772344464346,0.14578587699316628,,0.6814702153205872,0.29094958305358887,6.537819721255444,,
/Users/iaparamedicos/MIQA_datasets/ct/chest/covid_ct/COVID/Covid (1061).png,Covid (1061).png,covid,74.78712118313805,3.781931822529291,23.47125244140625,0.9563165215883389,0.4151096781305115,0.19534883720930232,,0.6468649506568909,0.30681872367858887,6.585052913425657,,
/Users/iaparamedicos/MIQA_datasets/ct/chest/covid_ct/COVID/Covid (1062).png,Covid (1062).png,covid,74.04727019315418,3.8929094710268735,24.50250244140625,0.9578377368716633,0.4150006690753379,0.21462264150943397,,0.6235034465789795,0.3165318965911865,6.668538348515917,,
/Users/iaparamedicos/MIQA_datasets/ct/chest/covid_ct/COVID/Covid (1063).png,Covid (1063).png,covid,72.37843057138534,4.1432354142922,23.92388916015625,0.9788451934169857,0.40223806462922923,0.23444976076555024,,0.6074897646903992,0.31771647930145264,6.693116726149454,,
/Users/iaparamedicos/MIQA_datasets/ct/chest/covid_ct/COVID/Covid (1064).png,Covid (1064).png,covid,72.28585458157191,4.157121812764214,23.23358154296875,,,,,0.5225534439086914,0.33997640013694763,6.851750153724259,0.33455534805583936,0.36665404518490463
/Users/iaparamedicos/MIQA_datasets/ct/chest/covid_ct/COVID/Covid (1065).png,Covid (1065).png,covid,73.58662320928427,3.9620065186073594,23.963134765625,,,,,0.5271499752998352,0.3401131331920624,6.805382206742996,,
/Users/iaparamedicos/MIQA_datasets/ct/chest/covid_ct/COVID/Covid (1066).png,Covid (1066).png,covid,74.3320197125929,3.8501970431110677,23.5780029296875,0.9437686239284127,0.4006298003072197,0.3155339805825243,,0.5515599250793457,0.3321496844291687,6.751253647392366,,
/Users/iaparamedicos/MIQA_datasets/ct/chest/covid_ct/COVID/Covid (1067).png,Covid (1067).png,covid,73.06127063248911,4.040809405126635,24.81427001953125,,,,,0.5378038287162781,0.3347342014312744,6.795059264467086,,
/Users/iaparamedicos/MIQA_datasets/ct/chest/covid_ct/COVID/Covid (1068).png,Covid (1068).png,covid,74.65850830078125,4.075035554047553,20.273193359375,,,,,0.5374273061752319,0.3330502510070801,6.739602441471393,,0.0
/Users/iaparamedicos/MIQA_datasets/ct/chest/covid_ct/COVID/Covid (1069).png,Covid (1069).png,covid,80.58807373046875,3.7082897910897588,15.529541015625,,,,,0.5407164096832275,0.33409321308135986,6.823870309380808,,
/Users/iaparamedicos/MIQA_datasets/ct/chest/covid_ct/COVID/Covid (107).png,Covid (107).png,covid,60.01678466796875,6.924956399695719,31.986572265625,,,,,0.36958324909210205,0.38905152678489685,5.627863149960092,,0.6848958333333333
/Users/iaparamedicos/MIQA_datasets/ct/chest/covid_ct/COVID/Covid (1070).png,Covid (1070).png,covid,73.2465851621505,4.013012225677425,24.80023193359375,,,,,0.5434135794639587,0.32822996377944946,6.79732372977149,,0.0
/Users/iaparamedicos/MIQA_datasets/ct/chest/covid_ct/COVID/Covid (1071).png,Covid (1071).png,covid,73.40927124023438,4.090964942922061,21.2725830078125,,,,,0.5417424440383911,0.33310115337371826,6.815781993442787,,
/Users/iaparamedicos/MIQA_datasets/ct/chest/covid_ct/COVID/Covid (1072).png,Covid (1072).png,covid,72.88781414804691,4.066827877792963,25.7603759765625,,,,,0.547817587852478,0.3237367272377014,6.885447103504758,0.3557870004385193,0.38377192982456143
/Users/iaparamedicos/MIQA_datasets/ct/chest/covid_ct/COVID/Covid (1073).png,Covid (1073).png,covid,75.72532653808594,3.8118651758755386,19.41973876953125,,,,,0.5380820631980896,0.32482966780662537,6.85886852896481,,0.5653759820426487
/Users/iaparamedicos/MIQA_datasets/ct/chest/covid_ct/COVID/Covid (1074).png,Covid (1074).png,covid,71.26515707976144,4.310226438035785,24.387939453125,0.9442679989010434,0.40721758170464684,0.3350383631713555,,0.5499238967895508,0.3245927393436432,6.876782100425904,,
/Users/iaparamedicos/MIQA_datasets/ct/chest/covid_ct/COVID/Covid (1075).png,Covid (1075).png,covid,72.64255806115243,4.1036162908271345,23.98321533203125,0.9583092917291274,0.4033755682367734,0.32908163265306123,,0.5466706156730652,0.3266352117061615,6.923880205424986,,
/Users/iaparamedicos/MIQA_datasets/ct/chest/covid_ct/COVID/Covid (1076).png,Covid (1076).png,covid,72.58155757991504,4.112766363012744,24.53125,0.9521047271967411,0.4060624659028914,0.41711229946524064,,0.5393383502960205,0.32785430550575256,6.898191072429408,,
/Users/iaparamedicos/MIQA_datasets/ct/chest/covid_ct/COVID/Covid (1077).png,Covid (1077).png,covid,70.47218322753906,4.538173710449025,23.62225341796875,0.9385341150228724,0.40664421108249127,0.32142857142857145,,0.5487938523292542,0.3314122259616852,6.872366899321268,,
/Users/iaparamedicos/MIQA_datasets/ct/chest/covid_ct/COVID/Covid (1078).png,Covid (1078).png,covid,70.82381516739122,4.376427724891316,26.1126708984375,0.94830294042842,0.4003903949383277,0.33423180592991913,,0.5518248081207275,0.32696765661239624,6.871348640628321,,
/Users/iaparamedicos/MIQA_datasets/ct/chest/covid_ct/COVID/Covid (1079).png,Covid (1079).png,covid,72.77085591159928,4.084371613260107,23.32928466796875,0.9485061347619923,0.4077332242225859,0.32085561497326204,,0.5436596274375916,0.33090129494667053,6.82232217565985,,
/Users/iaparamedicos/MIQA_datasets/ct/chest/covid_ct/COVID/Covid (108).png,Covid (108).png,covid,61.86470031738281,6.655576715254157,30.50823974609375,,,,,0.37902745604515076,0.38465774059295654,5.650010092745191,,0.5685897435897436
/Users/iaparamedicos/MIQA_datasets/ct/chest/covid_ct/COVID/Covid (1080).png,Covid (1080).png,covid,73.05051058919565,4.0424234116206526,23.66070556640625,0.9505686297789946,0.40032827521522124,0.38005390835579517,,0.5540918111801147,0.32424575090408325,6.849622678853249,,
/Users/iaparamedicos/MIQA_datasets/ct/chest/covid_ct/COVID/Covid (1081).png,Covid (1081).png,covid,73.25183813288004,4.012224280067996,22.91400146484375,0.962551460348757,0.41068766937669376,0.3541666666666667,,0.5550798773765564,0.3222409188747406,6.845422319726533,,
/Users/iaparamedicos/MIQA_datasets/ct/chest/covid_ct/COVID/Covid (1082).png,Covid (1082).png,covid,71.80091857910156,4.242479515847872,22.55926513671875,0.9452754958300928,0.4002019182231196,0.35013262599469497,,0.5496110320091248,0.32687026262283325,6.851189973958633,,
/Users/iaparamedicos/MIQA_datasets/ct/chest/covid_ct/COVID/Covid (1083).png,Covid (1083).png,covid,73.01320596748901,4.048019104876649,23.3800048828125,0.9350982436008914,0.4089910751638544,0.34656084656084657,,0.5414960980415344,0.3276345133781433,6.8554035010470145,,
/Users/iaparamedicos/MIQA_datasets/ct/chest/covid_ct/COVID/Covid (1084).png,Covid (1084).png,covid,71.004638671875,4.465024264700506,23.1962890625,0.9544280745024472,0.40375,0.36065573770491804,,0.5453769564628601,0.3238358795642853,6.858432309617287,,
/Users/iaparamedicos/MIQA_datasets/ct/chest/covid_ct/COVID/Covid (1085).png,Covid (1085).png,covid,73.7841796875,4.099139780695684,20.97265625,0.9711430994815136,0.40024565713283033,0.32972972972972975,,0.5455581545829773,0.32904574275016785,6.852407954929037,,
/Users/iaparamedicos/MIQA_datasets/ct/chest/covid_ct/COVID/Covid (1086).png,Covid (1086).png,covid,71.50176402705395,4.2747353959419065,23.4273681640625,0.9900981908255266,0.4032608080312494,0.37815126050420167,,0.5481940507888794,0.32323241233825684,6.802455339303947,,
/Users/iaparamedicos/MIQA_datasets/ct/chest/covid_ct/COVID/Covid (1087).png,Covid (1087).png,covid,72.76986576863015,4.084520134705476,24.44866943359375,0.980177839439601,0.40209366391184576,0.3561643835616438,,0.5542824268341064,0.32256409525871277,6.850697826105992,,
/Users/iaparamedicos/MIQA_datasets/ct/chest/covid_ct/COVID/Covid (1088).png,Covid (1088).png,covid,74.89479290301637,3.765781064547544,24.51806640625,0.968271214298063,0.4077530509691314,0.3673469387755102,,0.528729259967804,0.32640379667282104,6.873149989785434,,
/Users/iaparamedicos/MIQA_datasets/ct/chest/covid_ct/COVID/Covid (1089).png,Covid (1089).png,covid,74.23679619591262,3.8644805706131065,22.03515625,0.9752114788269457,0.4174855577392651,0.2680115273775216,,0.5381418466567993,0.3288435637950897,6.881429284984761,,
/Users/iaparamedicos/MIQA_datasets/ct/chest/covid_ct/COVID/Covid (109).png,Covid (109).png,covid,60.8785291299303,5.868220630510455,31.45989990234375,,,,,0.3854418992996216,0.3863259553909302,5.699920035224485,,0.6447779862414009
/Users/iaparamedicos/MIQA_datasets/ct/chest/covid_ct/COVID/Covid (1090).png,Covid (1090).png,covid,74.4922665973854,3.8261600103921904,22.79376220703125,0.9729692258279237,0.4076594919526857,0.2569832402234637,,0.5364320278167725,0.3282054662704468,6.897939342769453,,
/Users/iaparamedicos/MIQA_datasets/ct/chest/covid_ct/COVID/Covid (1091).png,Covid (1091).png,covid,74.66293929239441,3.800559106140838,22.04437255859375,0.972380965289735,0.40233430226107797,0.30218068535825543,,0.5124945640563965,0.3214258551597595,6.848594271322208,,
/Users/iaparamedicos/MIQA_datasets/ct/chest/covid_ct/COVID/Covid (1092).png,Covid (1092).png,covid,73.38328680000305,3.992506979999543,22.00537109375,0.9753382905620185,0.4156915585183084,0.3028391167192429,,0.4960099160671234,0.3226432800292969,6.827822605754218,,
/Users/iaparamedicos/MIQA_datasets/ct/chest/covid_ct/COVID/Covid (1093).png,Covid (1093).png,covid,76.30973815917969,4.263457365894525,18.95220947265625,0.9806558210196044,0.40400599536721626,0.2865853658536585,,0.516671895980835,0.3298214375972748,6.82338633909457,,
/Users/iaparamedicos/MIQA_datasets/ct/chest/covid_ct/COVID/Covid (1094).png,Covid (1094).png,covid,74.09004211425781,4.791906530535629,20.72796630859375,0.9815677013084624,0.41214771622934887,0.28615384615384615,,0.5039301514625549,0.3287574350833893,6.806996887647474,,
/Users/iaparamedicos/MIQA_datasets/ct/chest/covid_ct/COVID/Covid (1095).png,Covid (1095).png,covid,72.38072522968038,4.1428912155479445,22.7861328125,0.9724536779015397,0.41621884498480244,0.3003194888178914,,0.5057163834571838,0.3369732201099396,6.823586721999929,,
/Users/iaparamedicos/MIQA_datasets/ct/chest/covid_ct/COVID/Covid (1096).png,Covid (1096).png,covid,74.0802001953125,4.195441589068346,20.73583984375,0.9756191664477873,0.41678509599235164,0.3081967213114754,,0.4946650564670563,0.3342326283454895,6.847704490710878,,
/Users/iaparamedicos/MIQA_datasets/ct/chest/covid_ct/COVID/Covid (1097).png,Covid (1097).png,covid,72.12299426924696,4.1815508596129565,23.6790771484375,0.9716075812592557,0.40689469431726366,0.29260450160771706,,0.49240851402282715,0.32739242911338806,6.829178142687665,,
/Users/iaparamedicos/MIQA_datasets/ct/chest/covid_ct/COVID/Covid (1098).png,Covid (1098).png,covid,75.23643493652344,4.282180506204876,19.81085205078125,0.9711427540476496,0.41069004831966993,0.31,,0.49885180592536926,0.32303115725517273,6.794525748922524,,
/Users/iaparamedicos/MIQA_datasets/ct/chest/covid_ct/COVID/Covid (1099).png,Covid (1099).png,covid,73.66162634055915,3.9507560489161264,21.85089111328125,0.9781554988358537,0.4179884306773652,0.2977346278317152,,0.5071530938148499,0.3256320655345917,6.7889709855371345,,
/Users/iaparamedicos/MIQA_datasets/ct/chest/covid_ct/COVID/Covid (11).png,Covid (11).png,covid,83.96675109863281,3.615888560051988,12.82659912109375,,,,,0.6175112724304199,0.2815016806125641,7.203011699714958,,
/Users/iaparamedicos/MIQA_datasets/ct/chest/covid_ct/COVID/Covid (110).png,Covid (110).png,covid,57.947624293238334,6.30785635601425,36.17462158203125,0.9991184020453205,0.4542840633942329,0.3048780487804878,,0.40095943212509155,0.38574331998825073,5.762852421739025,,
/Users/iaparamedicos/MIQA_datasets/ct/chest/covid_ct/COVID/Covid (1100).png,Covid (1100).png,covid,73.76785278320312,4.388670430908344,20.9857177734375,0.9759109187101832,0.40854920654832844,0.3274647887323944,,0.5206919312477112,0.3284366726875305,6.905234933245724,,
/Users/iaparamedicos/MIQA_datasets/ct/chest/covid_ct/COVID/Covid (1101).png,Covid (1101).png,covid,77.48138427734375,4.531360224268274,18.014892578125,0.9720678591075013,0.4125896934116112,0.3273381294964029,,0.5171828866004944,0.3341047465801239,6.911553210570857,,
/Users/iaparamedicos/MIQA_datasets/ct/chest/covid_ct/COVID/Covid (1102).png,Covid (1102).png,covid,71.98310784108008,4.202533823837986,24.1658935546875,0.9388591115043119,0.4169973544973545,0.3142857142857143,,0.5411809682846069,0.3285941183567047,6.90882748495214,,
/Users/iaparamedicos/MIQA_datasets/ct/chest/covid_ct/COVID/Covid (1103).png,Covid (1103).png,covid,70.94087162288791,4.3588692565668135,23.60382080078125,0.942600569118482,0.4093978974195604,0.28771929824561404,,0.549162745475769,0.32750073075294495,6.90723382362597,,
/Users/iaparamedicos/MIQA_datasets/ct/chest/covid_ct/COVID/Covid (1104).png,Covid (1104).png,covid,73.94271850585938,4.603939467547365,20.8458251953125,0.9462651990209828,0.4051859099804305,0.26785714285714285,,0.5451925992965698,0.3336135745048523,6.916924043968898,,
/Users/iaparamedicos/MIQA_datasets/ct/chest/covid_ct/COVID/Covid (1105).png,Covid (1105).png,covid,79.21173095703125,5.765799412985665,16.630615234375,0.9568962227212623,0.41747022121384003,0.2673992673992674,,0.5079509019851685,0.32951629161834717,6.938135414341783,,
/Users/iaparamedicos/MIQA_datasets/ct/chest/covid_ct/COVID/Covid (1106).png,Covid (1106).png,covid,75.16914367675781,4.7180968605831755,19.86468505859375,0.9638370543424186,0.4124026422163068,0.26545454545454544,,0.5556408762931824,0.33246415853500366,6.89714992127408,,
/Users/iaparamedicos/MIQA_datasets/ct/chest/covid_ct/COVID/Covid (1107).png,Covid (1107).png,covid,76.44424438476562,4.803188583166151,18.8446044921875,0.9649333351284655,0.41096231925350807,0.2835820895522388,,0.5306837558746338,0.3332154154777527,6.932735994932848,,
/Users/iaparamedicos/MIQA_datasets/ct/chest/covid_ct/COVID/Covid (1108).png,Covid (1108).png,covid,74.7064208984375,4.94165721283882,20.23486328125,0.8955380632571053,0.40445344129554656,0.3055555555555556,,0.5145971775054932,0.32896217703819275,6.911702419131583,,
/Users/iaparamedicos/MIQA_datasets/ct/chest/covid_ct/COVID/Covid (1109).png,Covid (1109).png,covid,66.4342660113911,5.034860098291334,27.59771728515625,0.955896076427649,0.40482421208328595,0.3117408906882591,,0.585001528263092,0.33260706067085266,6.86699480103985,,
/Users/iaparamedicos/MIQA_datasets/ct/chest/covid_ct/COVID/Covid (111).png,Covid (111).png,covid,59.32376555962202,6.101435166056697,33.42572021484375,,,,,0.38153141736984253,0.3875481188297272,5.70908799082322,0.21438009857423213,0.9417344173441735
/Users/iaparamedicos/MIQA_datasets/ct/chest/covid_ct/COVID/Covid (1110).png,Covid (1110).png,covid,79.19334411621094,4.596641031425723,16.64532470703125,0.9641553341499882,0.4071676517496951,0.285140562248996,,0.5696585774421692,0.33820974826812744,6.840993491685488,,
/Users/iaparamedicos/MIQA_datasets/ct/chest/covid_ct/COVID/Covid (1111).png,Covid (1111).png,covid,73.07868957519531,5.731798456313395,21.53704833984375,0.9708996460962749,0.40456989247311825,0.27235772357723576,,0.5952324271202087,0.33796024322509766,6.761030260591603,,
/Users/iaparamedicos/MIQA_datasets/ct/chest/covid_ct/COVID/Covid (1112).png,Covid (1112).png,covid,73.30711364746094,4.9018809257810005,21.35430908203125,0.9700861349513892,0.4139628327473631,0.2821576763485477,,0.5856083631515503,0.3394235372543335,6.769801638443123,,
/Users/iaparamedicos/MIQA_datasets/ct/chest/covid_ct/COVID/Covid (1113).png,Covid (1113).png,covid,67.56301879882812,5.0413656860043305,25.9495849609375,0.9818385996054995,0.40382020139105157,0.28699551569506726,,0.6711814403533936,0.3258019685745239,6.5436276411425505,,
/Users/iaparamedicos/MIQA_datasets/ct/chest/covid_ct/COVID/Covid (1114).png,Covid (1114).png,covid,60.675201416015625,6.70001075745048,31.4598388671875,,,,,0.7871281504631042,0.18577773869037628,5.720253746199348,,
/Users/iaparamedicos/MIQA_datasets/ct/chest/covid_ct/COVID/Covid (1115).png,Covid (1115).png,covid,66.97898864746094,5.158216661535224,26.41680908203125,0.8978605342570001,0.4048025007104291,0.16393442622950818,,0.7518286108970642,0.2235938459634781,6.0937644454941475,,
/Users/iaparamedicos/MIQA_datasets/ct/chest/covid_ct/COVID/Covid (1116).png,Covid (1116).png,covid,71.05300903320312,4.9533424967949315,23.1575927734375,0.9231900898430774,0.4111743237440962,0.18406593406593408,,0.7273342609405518,0.24608249962329865,6.223849471691273,,
/Users/iaparamedicos/MIQA_datasets/ct/chest/covid_ct/COVID/Covid (1117).png,Covid (1117).png,covid,63.81095886230469,5.468715376165523,28.95123291015625,0.8949108160570663,0.41686917960088693,0.1589041095890411,,0.7513311505317688,0.22581741213798523,6.141423622658323,,
/Users/iaparamedicos/MIQA_datasets/ct/chest/covid_ct/COVID/Covid (1118).png,Covid (1118).png,covid,71.18293762207031,4.7111019450476315,23.05364990234375,0.8553356042895413,0.4012345679012346,0.2111111111111111,,0.69952791929245,0.2677668631076813,6.444336034446896,,
/Users/iaparamedicos/MIQA_datasets/ct/chest/covid_ct/COVID/Covid (1119).png,Covid (1119).png,covid,73.99551391601562,4.695277002888668,20.8035888671875,0.8335409141860398,0.4019607843137255,0.20266666666666666,,0.6834823489189148,0.2781403362751007,6.565808276908749,,
/Users/iaparamedicos/MIQA_datasets/ct/chest/covid_ct/COVID/Covid (112).png,Covid (112).png,covid,63.26164245605469,6.170948539385139,29.39068603515625,,,,,0.3815383315086365,0.3826778829097748,5.7562775160819335,,0.8979492780002428
/Users/iaparamedicos/MIQA_datasets/ct/chest/covid_ct/COVID/Covid (1120).png,Covid (1120).png,covid,71.99592590332031,4.24296298608907,22.40325927734375,0.9490245790656687,0.40070370370370373,0.2222222222222222,,0.6611879467964172,0.2928736209869385,6.520394470280012,,
/Users/iaparamedicos/MIQA_datasets/ct/chest/covid_ct/COVID/Covid (1121).png,Covid (1121).png,covid,71.00730895996094,4.441630721976704,23.19415283203125,0.9723785188840919,0.40356927483793154,0.23595505617977527,,0.6522968411445618,0.2974165081977844,6.53433049995089,,
/Users/iaparamedicos/MIQA_datasets/ct/chest/covid_ct/COVID/Covid (1122).png,Covid (1122).png,covid,75.2069091796875,4.381041359892263,19.83447265625,0.9861005869607748,0.4004224058769513,0.2493150684931507,,0.6465133428573608,0.29870685935020447,6.596199714366439,,
/Users/iaparamedicos/MIQA_datasets/ct/chest/covid_ct/COVID/Covid (1123).png,Covid (1123).png,covid,71.53396606445312,4.296306437192496,22.7728271484375,0.9930315948702881,0.4006580893226856,0.26358695652173914,,0.6369392275810242,0.3012351393699646,6.605760002155753,,
/Users/iaparamedicos/MIQA_datasets/ct/chest/covid_ct/COVID/Covid (1124).png,Covid (1124).png,covid,71.91535340716551,4.212696988925172,23.01593017578125,0.970367317144009,0.40020892995443164,0.2884097035040431,,0.6337672472000122,0.2982091009616852,6.648346818034091,,
/Users/iaparamedicos/MIQA_datasets/ct/chest/covid_ct/COVID/Covid (1125).png,Covid (1125).png,covid,73.89943395443434,3.9150849068348474,24.20098876953125,0.9494677978467193,0.40095699083653563,0.3287292817679558,,0.6201270818710327,0.2966656982898712,6.663689519092031,,
/Users/iaparamedicos/MIQA_datasets/ct/chest/covid_ct/COVID/Covid (1126).png,Covid (1126).png,covid,74.64383363595792,3.8034249546063106,22.18438720703125,0.9440823315283922,0.40209959123002603,0.37228260869565216,,0.5906816124916077,0.3095739185810089,6.724175954983849,,
/Users/iaparamedicos/MIQA_datasets/ct/chest/covid_ct/COVID/Covid (1127).png,Covid (1127).png,covid,71.53678894042969,4.3915116675841634,22.77056884765625,,,,,0.5929499268531799,0.3025524914264679,6.768633338388403,,
/Users/iaparamedicos/MIQA_datasets/ct/chest/covid_ct/COVID/Covid (1128).png,Covid (1128).png,covid,75.23810813192053,3.7142837802119213,22.65081787109375,,,,,0.5801008343696594,0.313612699508667,6.892433084666442,,
/Users/iaparamedicos/MIQA_datasets/ct/chest/covid_ct/COVID/Covid (1129).png,Covid (1129).png,covid,74.25975212771124,3.861037180843314,23.589111328125,,,,,0.5822525024414062,0.3112615644931793,6.8624358065439655,,
/Users/iaparamedicos/MIQA_datasets/ct/chest/covid_ct/COVID/Covid (113).png,Covid (113).png,covid,60.48065185546875,6.291338323427528,31.615478515625,,,,,0.38899728655815125,0.38275977969169617,5.787730041906032,,0.7311005945880356
/Users/iaparamedicos/MIQA_datasets/ct/chest/covid_ct/COVID/Covid (1130).png,Covid (1130).png,covid,71.38984680175781,4.5338857866859845,22.88812255859375,0.8798625670907817,0.4024372759856631,0.39622641509433965,,0.5883069038391113,0.31344035267829895,6.832363221453535,,
/Users/iaparamedicos/MIQA_datasets/ct/chest/covid_ct/COVID/Covid (1131).png,Covid (1131).png,covid,70.64948645697181,4.4025770314542285,25.70538330078125,,,,,0.5812795758247375,0.3148844242095947,6.827108890345848,,
/Users/iaparamedicos/MIQA_datasets/ct/chest/covid_ct/COVID/Covid (1132).png,Covid (1132).png,covid,71.40053308961065,4.289920036558401,25.81646728515625,0.9137822069361402,0.4003870921062152,0.38997214484679665,,0.5955525040626526,0.30203181505203247,6.763983469677452,,
/Users/iaparamedicos/MIQA_datasets/ct/chest/covid_ct/COVID/Covid (1133).png,Covid (1133).png,covid,72.42823915826737,4.135764126259893,25.40863037109375,,,,,0.5683414936065674,0.3141821622848511,6.80076023893365,,
/Users/iaparamedicos/MIQA_datasets/ct/chest/covid_ct/COVID/Covid (1134).png,Covid (1134).png,covid,71.61735534667969,4.361570630338472,22.70611572265625,0.9466445884969158,0.4069010879613169,0.3438320209973753,,0.5759873390197754,0.31127023696899414,6.768090116850324,,
/Users/iaparamedicos/MIQA_datasets/ct/chest/covid_ct/COVID/Covid (1135).png,Covid (1135).png,covid,72.97275569936635,4.0540866450950475,23.04083251953125,0.945267488617465,0.4064159637613246,0.3494318181818182,,0.5453822612762451,0.3244171142578125,6.79027710312617,,
/Users/iaparamedicos/MIQA_datasets/ct/chest/covid_ct/COVID/Covid (1136).png,Covid (1136).png,covid,72.84614562988281,4.111244271623339,21.72308349609375,0.9632805103031126,0.40208333333333335,0.34444444444444444,,0.5516608357429504,0.3286181688308716,6.746793592355511,,
/Users/iaparamedicos/MIQA_datasets/ct/chest/covid_ct/COVID/Covid (1137).png,Covid (1137).png,covid,74.31575273619116,3.8526370895713273,23.68280029296875,0.9378428643945038,0.40281093569503273,0.41025641025641024,,0.5553839206695557,0.3278898596763611,6.81657291145736,,
/Users/iaparamedicos/MIQA_datasets/ct/chest/covid_ct/COVID/Covid (1138).png,Covid (1138).png,covid,75.95333371682183,3.606999942476726,21.13836669921875,0.9554690291179732,0.4084073820915926,0.4011299435028249,,0.5535423755645752,0.32766541838645935,6.777827640118463,,
/Users/iaparamedicos/MIQA_datasets/ct/chest/covid_ct/COVID/Covid (1139).png,Covid (1139).png,covid,72.32322692871094,4.382976242380058,22.14141845703125,0.9585621850832218,0.4079985018414865,0.4281524926686217,,0.5457533001899719,0.32684701681137085,6.760466680454736,,
/Users/iaparamedicos/MIQA_datasets/ct/chest/covid_ct/COVID/Covid (114).png,Covid (114).png,covid,54.10333080464271,6.884500379303594,38.121337890625,,,,,0.39095792174339294,0.38450148701667786,5.737259733339751,,0.6443970623075101
/Users/iaparamedicos/MIQA_datasets/ct/chest/covid_ct/COVID/Covid (1140).png,Covid (1140).png,covid,71.60576757562376,4.259134863656437,25.62969970703125,0.9595677156403977,0.40587212015783447,0.3760932944606414,,0.5489463806152344,0.3218217194080353,6.752306213523097,,
/Users/iaparamedicos/MIQA_datasets/ct/chest/covid_ct/COVID/Covid (1141).png,Covid (1141).png,covid,74.6601814872086,3.8009727769187083,23.44305419921875,0.9658806626616085,0.40023686342953313,0.3638968481375358,,0.5501099824905396,0.324397474527359,6.68748824149135,,
/Users/iaparamedicos/MIQA_datasets/ct/chest/covid_ct/COVID/Covid (1142).png,Covid (1142).png,covid,71.58881177832117,4.261678233251824,24.91339111328125,0.9761333581177791,0.40642826734780757,0.3659942363112392,,0.551919162273407,0.3216663599014282,6.718711594680515,,
/Users/iaparamedicos/MIQA_datasets/ct/chest/covid_ct/COVID/Covid (1143).png,Covid (1143).png,covid,70.96775191812205,4.354837212281693,24.3724365234375,0.9665076009524741,0.4066018587757718,0.39465875370919884,,0.5502350926399231,0.3268217444419861,6.6999372058395075,,
/Users/iaparamedicos/MIQA_datasets/ct/chest/covid_ct/COVID/Covid (1144).png,Covid (1144).png,covid,73.27460614066632,4.008809078900052,24.173583984375,0.9697224397035387,0.41108855891464585,0.39762611275964393,,0.5704398155212402,0.32539457082748413,6.733019259643461,,
/Users/iaparamedicos/MIQA_datasets/ct/chest/covid_ct/COVID/Covid (1145).png,Covid (1145).png,covid,76.16755909274313,3.5748661360885303,25.94580078125,0.9846138989130163,0.4107670423459897,0.3829787234042553,,0.564956545829773,0.3261702358722687,6.750418199775775,,
/Users/iaparamedicos/MIQA_datasets/ct/chest/covid_ct/COVID/Covid (1146).png,Covid (1146).png,covid,71.57356262207031,4.542251203141715,22.74114990234375,0.9820747078354838,0.40059112855918055,0.3504531722054381,,0.560090959072113,0.3242432177066803,6.728274046156448,,
/Users/iaparamedicos/MIQA_datasets/ct/chest/covid_ct/COVID/Covid (1147).png,Covid (1147).png,covid,74.3975230567307,3.8403715414903945,22.1612548828125,0.9917363380836529,0.41697921065050547,0.3516819571865443,,0.5536763668060303,0.3234700560569763,6.630860516236225,,
/Users/iaparamedicos/MIQA_datasets/ct/chest/covid_ct/COVID/Covid (1148).png,Covid (1148).png,covid,76.94747924804688,4.3533220756738435,18.4420166015625,0.9825672662968366,0.40748695084819486,0.35403726708074534,,0.5513530969619751,0.33192652463912964,6.6026849514194605,,
/Users/iaparamedicos/MIQA_datasets/ct/chest/covid_ct/COVID/Covid (1149).png,Covid (1149).png,covid,72.24250793457031,4.46612498340876,22.20599365234375,0.9598582425664848,0.4120961682945154,0.3167701863354037,,0.560177743434906,0.3264051079750061,6.587816003054922,,
/Users/iaparamedicos/MIQA_datasets/ct/chest/covid_ct/COVID/Covid (115).png,Covid (115).png,covid,59.474868774414055,6.842896808737936,32.42010498046875,,,,,0.3890479505062103,0.3829728364944458,5.804035085332294,,0.5614783226723525
/Users/iaparamedicos/MIQA_datasets/ct/chest/covid_ct/COVID/Covid (1150).png,Covid (1150).png,covid,69.70817565917969,4.9508913377017425,24.23345947265625,0.9400884877546904,0.4143546851625187,0.3443708609271523,,0.5059192776679993,0.3243692219257355,6.614741488362881,,
/Users/iaparamedicos/MIQA_datasets/ct/chest/covid_ct/COVID/Covid (1151).png,Covid (1151).png,covid,71.40579223632812,5.344371184883422,22.8753662109375,,,,,0.5123977065086365,0.32963812351226807,6.608143258453515,0.3689679548540838,0.42105263157894735
/Users/iaparamedicos/MIQA_datasets/ct/chest/covid_ct/COVID/Covid (1152).png,Covid (1152).png,covid,71.79100036621094,5.477143435094064,22.56719970703125,0.9768836161393091,0.40385049938988565,0.31226765799256506,,0.5213147401809692,0.33580565452575684,6.61662510015849,,
/Users/iaparamedicos/MIQA_datasets/ct/chest/covid_ct/COVID/Covid (1153).png,Covid (1153).png,covid,70.4217529296875,4.510931437879466,23.66259765625,0.9767638618489414,0.41703013481364,0.31007751937984496,,0.5610708594322205,0.3327374756336212,6.502845018777398,,
/Users/iaparamedicos/MIQA_datasets/ct/chest/covid_ct/COVID/Covid (1154).png,Covid (1154).png,covid,61.814041137695305,5.9314767583923755,30.54876708984375,0.9781326856549655,0.4146048109965636,0.2916666666666667,,0.6245779991149902,0.3319266438484192,6.449411623424264,,
/Users/iaparamedicos/MIQA_datasets/ct/chest/covid_ct/COVID/Covid (1155).png,Covid (1155).png,covid,69.72878507410248,4.54068223888463,30.5242919921875,0.8819410961153925,0.4103276986951364,0.0,,0.7532305121421814,0.248345285654068,5.738665153400959,,
/Users/iaparamedicos/MIQA_datasets/ct/chest/covid_ct/COVID/Covid (1156).png,Covid (1156).png,covid,60.256718104875915,5.961492284268613,32.1473388671875,0.8951123732603491,0.40001772107035266,0.0,,0.7446292638778687,0.2558635473251343,5.773620790237546,,
/Users/iaparamedicos/MIQA_datasets/ct/chest/covid_ct/COVID/Covid (1157).png,Covid (1157).png,covid,62.74467468261719,6.371005445622937,29.80426025390625,0.9254508289341778,0.411211244315833,0.0,,0.7212019562721252,0.2747645080089569,5.8762858842711765,,
/Users/iaparamedicos/MIQA_datasets/ct/chest/covid_ct/COVID/Covid (1158).png,Covid (1158).png,covid,62.58540631117009,5.612189053324487,32.16375732421875,0.9641519070723417,0.4598737759963434,0.0,,0.6974738240242004,0.2934943735599518,5.910669651909766,,
/Users/iaparamedicos/MIQA_datasets/ct/chest/covid_ct/COVID/Covid (1159).png,Covid (1159).png,covid,65.7958984375,6.738106085750278,27.36328125,0.9559487639099356,0.4160635106937924,0.08900523560209424,,0.6847808957099915,0.297284334897995,6.000138415417391,,
/Users/iaparamedicos/MIQA_datasets/ct/chest/covid_ct/COVID/Covid (116).png,Covid (116).png,covid,60.63392639160157,6.459293008948127,31.49285888671875,0.9988495660370593,0.40535669377148126,0.3333333333333333,,0.3933403193950653,0.3817497491836548,5.907999173507735,,
/Users/iaparamedicos/MIQA_datasets/ct/chest/covid_ct/COVID/Covid (1160).png,Covid (1160).png,covid,63.30352783203125,5.908178924906809,29.357177734375,0.9532133113754311,0.402773851590106,0.09333333333333334,,0.6659616231918335,0.31123360991477966,6.008225098159947,,
/Users/iaparamedicos/MIQA_datasets/ct/chest/covid_ct/COVID/Covid (1161).png,Covid (1161).png,covid,66.4433951771881,5.033490723421787,27.4139404296875,0.935704734323739,0.4092264931191106,0.08838383838383838,,0.6399847865104675,0.3194480240345001,6.152226951732965,,
/Users/iaparamedicos/MIQA_datasets/ct/chest/covid_ct/COVID/Covid (1162).png,Covid (1162).png,covid,67.53227233886719,5.497309310447362,25.97418212890625,0.9021719900678067,0.40099552015928325,0.1,,0.6182757019996643,0.32329267263412476,6.236947632299044,,
/Users/iaparamedicos/MIQA_datasets/ct/chest/covid_ct/COVID/Covid (1163).png,Covid (1163).png,covid,74.06684875488281,5.079686207820996,20.74652099609375,0.8311327804060794,0.4001396526141224,0.44854881266490765,,0.592025876045227,0.3309629559516907,6.369157694998824,,
/Users/iaparamedicos/MIQA_datasets/ct/chest/covid_ct/COVID/Covid (1164).png,Covid (1164).png,covid,74.58686828613281,3.993254685426959,20.33050537109375,0.9531157905837776,0.400309952159558,0.3772609819121447,,0.6007156372070312,0.3084847629070282,6.7429642104175755,,
/Users/iaparamedicos/MIQA_datasets/ct/chest/covid_ct/COVID/Covid (1165).png,Covid (1165).png,covid,72.89024353027344,4.474626342418765,21.68780517578125,,,,,0.5828186273574829,0.3036440908908844,6.803311703734201,,
/Users/iaparamedicos/MIQA_datasets/ct/chest/covid_ct/COVID/Covid (1166).png,Covid (1166).png,covid,73.67474414673121,3.948788377990317,23.22735595703125,,,,,0.5657731890678406,0.3152492642402649,6.914224266042538,,
/Users/iaparamedicos/MIQA_datasets/ct/chest/covid_ct/COVID/Covid (1167).png,Covid (1167).png,covid,74.76441052464699,3.7853384213029506,22.2725830078125,,,,,0.579073965549469,0.31174570322036743,6.880605736267428,,
/Users/iaparamedicos/MIQA_datasets/ct/chest/covid_ct/COVID/Covid (1168).png,Covid (1168).png,covid,72.59502523991121,4.110746214013317,24.63543701171875,,,,,0.5764870047569275,0.31542274355888367,6.834930957319031,,
/Users/iaparamedicos/MIQA_datasets/ct/chest/covid_ct/COVID/Covid (1169).png,Covid (1169).png,covid,70.18602700965513,4.472095948551732,25.7801513671875,,,,,0.5768077373504639,0.31641942262649536,6.8403293123181585,,
/Users/iaparamedicos/MIQA_datasets/ct/chest/covid_ct/COVID/Covid (117).png,Covid (117).png,covid,62.345046997070305,6.354366993638135,30.12396240234375,0.9988981183088917,0.40213312265455264,0.345679012345679,,0.40611186623573303,0.3817056715488434,5.945462802789384,,
/Users/iaparamedicos/MIQA_datasets/ct/chest/covid_ct/COVID/Covid (1170).png,Covid (1170).png,covid,70.89112742778505,4.366330885832242,25.67572021484375,0.9142170538522811,0.4031563583287721,0.39106145251396646,,0.5928156971931458,0.30260947346687317,6.7649094902055555,,
/Users/iaparamedicos/MIQA_datasets/ct/chest/covid_ct/COVID/Covid (1171).png,Covid (1171).png,covid,72.69520277411816,4.095719583882277,25.35443115234375,,,,,0.5349084138870239,0.3169322907924652,6.84158629980219,0.3386851963514099,0.37312746990166346
/Users/iaparamedicos/MIQA_datasets/ct/chest/covid_ct/COVID/Covid (1172).png,Covid (1172).png,covid,72.20100402832031,4.971968030397685,22.23919677734375,0.9399516254143675,0.4046322601010101,0.375,,0.5560680031776428,0.31360694766044617,6.779993466489024,,
/Users/iaparamedicos/MIQA_datasets/ct/chest/covid_ct/COVID/Covid (1173).png,Covid (1173).png,covid,73.3368975964236,3.9994653605364596,22.39996337890625,0.9459721352684988,0.4041005291005291,0.3388888888888889,,0.5532071590423584,0.3234733045101166,6.782984993392522,,
/Users/iaparamedicos/MIQA_datasets/ct/chest/covid_ct/COVID/Covid (1174).png,Covid (1174).png,covid,72.06557843059156,4.190163235411266,22.48529052734375,0.9647024022302726,0.409255004922875,0.335149863760218,,0.56205153465271,0.32698342204093933,6.748935643991808,,
/Users/iaparamedicos/MIQA_datasets/ct/chest/covid_ct/COVID/Covid (1175).png,Covid (1175).png,covid,73.62896022192162,3.955655966711758,22.897705078125,0.9492627409690932,0.40894061384991875,0.36134453781512604,,0.5623964667320251,0.32722169160842896,6.830358630992706,,
/Users/iaparamedicos/MIQA_datasets/ct/chest/covid_ct/COVID/Covid (1176).png,Covid (1176).png,covid,75.55909679604255,3.6661354805936166,21.69036865234375,0.9519008933563997,0.4053013843193246,0.4,,0.5438887476921082,0.32755935192108154,6.785367148476556,,
/Users/iaparamedicos/MIQA_datasets/ct/chest/covid_ct/COVID/Covid (1177).png,Covid (1177).png,covid,71.51138305664062,4.4929667366707795,22.7908935546875,0.9617343787658705,0.4020847733089238,0.38095238095238093,,0.5725641250610352,0.32168707251548767,6.739130699332007,,
/Users/iaparamedicos/MIQA_datasets/ct/chest/covid_ct/COVID/Covid (1178).png,Covid (1178).png,covid,70.3199265175653,4.4520110223652045,25.2144775390625,0.9622777499311792,0.409667616334283,0.3472222222222222,,0.5774333477020264,0.3165088891983032,6.725659469824962,,
/Users/iaparamedicos/MIQA_datasets/ct/chest/covid_ct/COVID/Covid (1179).png,Covid (1179).png,covid,74.64329413402706,3.803505879895942,23.7171630859375,0.9746835008391221,0.4050280914817547,0.33810888252148996,,0.5734577775001526,0.3193579614162445,6.64816240832694,,
/Users/iaparamedicos/MIQA_datasets/ct/chest/covid_ct/COVID/Covid (118).png,Covid (118).png,covid,62.49549865722657,5.717832860734016,30.00360107421875,0.998849240823567,0.4411506368028107,0.3472906403940887,,0.4061271548271179,0.3813893496990204,5.938131693704274,,
/Users/iaparamedicos/MIQA_datasets/ct/chest/covid_ct/COVID/Covid (1180).png,Covid (1180).png,covid,71.6071651587914,4.258925226181288,25.1424560546875,0.9778977187097043,0.4097465340988657,0.36443148688046645,,0.5653294920921326,0.3198237121105194,6.689458549175287,,
/Users/iaparamedicos/MIQA_datasets/ct/chest/covid_ct/COVID/Covid (1181).png,Covid (1181).png,covid,72.32843186921585,4.150735219617622,22.9029541015625,0.9710418386770969,0.406046605062274,0.3764367816091954,,0.5664361119270325,0.3243963122367859,6.7057176335062385,,
/Users/iaparamedicos/MIQA_datasets/ct/chest/covid_ct/COVID/Covid (1182).png,Covid (1182).png,covid,71.45822633212934,4.281266050180598,24.86260986328125,0.9676637171385697,0.40540328126535025,0.3688760806916426,,0.5906740427017212,0.32002580165863037,6.7034572850660865,,
/Users/iaparamedicos/MIQA_datasets/ct/chest/covid_ct/COVID/Covid (1183).png,Covid (1183).png,covid,75.5663787261318,3.66504319108023,25.087646484375,0.9853748018914075,0.4044349440773848,0.38368580060422963,,0.5680886507034302,0.32575008273124695,6.7193728742838195,,
/Users/iaparamedicos/MIQA_datasets/ct/chest/covid_ct/COVID/Covid (1184).png,Covid (1184).png,covid,72.41096496582031,4.444979283184442,22.07122802734375,0.9828979858726314,0.4045293898809524,0.3411764705882353,,0.5465031266212463,0.32182350754737854,6.766293736540874,,
/Users/iaparamedicos/MIQA_datasets/ct/chest/covid_ct/COVID/Covid (1185).png,Covid (1185).png,covid,73.58301807945935,3.9625472880810975,23.072021484375,0.989127127405582,0.4065877228800871,0.4,,0.5266009569168091,0.32327109575271606,6.659318182910413,,
/Users/iaparamedicos/MIQA_datasets/ct/chest/covid_ct/COVID/Covid (1186).png,Covid (1186).png,covid,73.717041015625,4.28363783610654,21.0263671875,0.9827104345130228,0.4097560975609756,0.35625,,0.5722131133079529,0.3299641013145447,6.568468154503922,,
/Users/iaparamedicos/MIQA_datasets/ct/chest/covid_ct/COVID/Covid (1187).png,Covid (1187).png,covid,72.52456665039062,4.503499818089718,21.9803466796875,0.950329182505605,0.40276273022751896,0.32903225806451614,,0.5476387739181519,0.32760635018348694,6.594049824135287,,
/Users/iaparamedicos/MIQA_datasets/ct/chest/covid_ct/COVID/Covid (1188).png,Covid (1188).png,covid,71.59469604492188,4.57888817615104,22.7242431640625,0.9501425199768827,0.40433669628068064,0.33663366336633666,,0.5451213121414185,0.3275435268878937,6.614049958181909,,
/Users/iaparamedicos/MIQA_datasets/ct/chest/covid_ct/COVID/Covid (1189).png,Covid (1189).png,covid,71.26083374023438,4.789806735501742,22.9913330078125,,,,,0.5434193015098572,0.3318098783493042,6.585703088762894,,
/Users/iaparamedicos/MIQA_datasets/ct/chest/covid_ct/COVID/Covid (119).png,Covid (119).png,covid,63.16268920898438,5.8944409031715965,29.4698486328125,0.9984887494731907,0.43932417771427057,0.35049019607843135,,0.3961311876773834,0.38000988960266113,5.926637498643922,,
/Users/iaparamedicos/MIQA_datasets/ct/chest/covid_ct/COVID/Covid (1190).png,Covid (1190).png,covid,69.17060852050781,5.34632424185542,24.66351318359375,0.9726196034863637,0.413394679489397,0.3046594982078853,,0.6029677987098694,0.3330641984939575,6.5367786826110805,,
/Users/iaparamedicos/MIQA_datasets/ct/chest/covid_ct/COVID/Covid (1191).png,Covid (1191).png,covid,70.97504624674595,4.353743062988109,24.425537109375,0.9893206633423097,0.40965384615384615,0.2644927536231884,,0.634418249130249,0.3267453908920288,6.367239884969769,,
/Users/iaparamedicos/MIQA_datasets/ct/chest/covid_ct/COVID/Covid (1192).png,Covid (1192).png,covid,67.09890781233943,4.935163828149085,29.75726318359375,0.9792303122553483,0.40053592515214825,0.23507462686567165,,0.6768401265144348,0.3149718642234802,6.355843098225675,,
/Users/iaparamedicos/MIQA_datasets/ct/chest/covid_ct/COVID/Covid (1193).png,Covid (1193).png,covid,66.65949605934279,5.001075591098582,31.3114013671875,0.8708754555728284,0.4184034037643326,0.05305039787798409,,0.7532177567481995,0.24702326953411102,5.763290655280047,,
/Users/iaparamedicos/MIQA_datasets/ct/chest/covid_ct/COVID/Covid (1194).png,Covid (1194).png,covid,59.948644613828236,6.007703307925764,32.33465576171875,0.8898208343611003,0.4537937062937063,0.042105263157894736,,0.7440835237503052,0.25586944818496704,5.795923947129263,,
/Users/iaparamedicos/MIQA_datasets/ct/chest/covid_ct/COVID/Covid (1195).png,Covid (1195).png,covid,59.45547497852131,6.081678753221803,35.248779296875,0.9237540971648726,0.41487220589544926,0.044854881266490766,,0.7278197407722473,0.2721811532974243,5.797371850869901,,
/Users/iaparamedicos/MIQA_datasets/ct/chest/covid_ct/COVID/Covid (1196).png,Covid (1196).png,covid,66.70272827148438,5.5848553623323856,26.6378173828125,0.9312994196242728,0.4088365671099484,0.07837837837837838,,0.6998218297958374,0.2937498390674591,5.859728739470675,,
/Users/iaparamedicos/MIQA_datasets/ct/chest/covid_ct/COVID/Covid (1197).png,Covid (1197).png,covid,61.77867767906724,5.733198348139913,31.02166748046875,0.9638079448519166,0.42036379769299026,0.10054347826086957,,0.68467777967453,0.3033332824707031,5.886801497789454,,
/Users/iaparamedicos/MIQA_datasets/ct/chest/covid_ct/COVID/Covid (1198).png,Covid (1198).png,covid,66.43327609324598,5.035008586013103,29.80023193359375,0.9497186808257713,0.42750574906051936,0.09018567639257294,,0.6605332493782043,0.3140276372432709,5.9910926826291515,,
/Users/iaparamedicos/MIQA_datasets/ct/chest/covid_ct/COVID/Covid (1199).png,Covid (1199).png,covid,64.37157259300518,5.344264111049222,28.99658203125,0.9339568522872832,0.40000720020160563,0.10695187165775401,,0.6443387866020203,0.32026246190071106,6.089665751172021,,
/Users/iaparamedicos/MIQA_datasets/ct/chest/covid_ct/COVID/Covid (12).png,Covid (12).png,covid,65.9874942582873,5.1018758612569055,19.10528564453125,,,,,0.3950565755367279,0.3968992531299591,5.068387615391663,,0.0
/Users/iaparamedicos/MIQA_datasets/ct/chest/covid_ct/COVID/Covid (120).png,Covid (120).png,covid,68.56637575733089,4.715043636400366,34.48980712890625,,,,,0.4165065586566925,0.3708706796169281,5.988813777656073,,
/Users/iaparamedicos/MIQA_datasets/ct/chest/covid_ct/COVID/Covid (1200).png,Covid (1200).png,covid,70.23330688476562,5.463889423266155,23.8133544921875,0.9058341945797357,0.4021157369158375,0.11811023622047244,,0.6194173097610474,0.328515887260437,6.199036437010276,,
/Users/iaparamedicos/MIQA_datasets/ct/chest/covid_ct/COVID/Covid (1201).png,Covid (1201).png,covid,74.32548522949219,4.585046653327781,20.53961181640625,,,,,0.5972227454185486,0.32774168252944946,6.398938827683323,,
/Users/iaparamedicos/MIQA_datasets/ct/chest/covid_ct/COVID/Covid (1202).png,Covid (1202).png,covid,71.52698232554152,4.270952651168772,23.26165771484375,0.856618815867231,0.4013222502805836,0.4296875,,0.5689128041267395,0.33512765169143677,6.507933679432003,,
/Users/iaparamedicos/MIQA_datasets/ct/chest/covid_ct/COVID/Covid (1203).png,Covid (1203).png,covid,71.25008239093951,4.312487641359073,27.59466552734375,0.9247335899615114,0.40441815023881894,0.1794871794871795,,0.5599660873413086,0.3320460617542267,6.592315399586666,,
/Users/iaparamedicos/MIQA_datasets/ct/chest/covid_ct/COVID/Covid (1204).png,Covid (1204).png,covid,69.14970397949219,5.225571224881006,24.68023681640625,0.9712188694454698,0.40263261156494135,0.4051948051948052,,0.5618430376052856,0.32589736580848694,6.631987827826126,,
/Users/iaparamedicos/MIQA_datasets/ct/chest/covid_ct/COVID/Covid (1205).png,Covid (1205).png,covid,77.59910583496094,5.676893220646102,17.92071533203125,0.9613997503352372,0.40154080911087126,0.16802168021680217,,0.5426775813102722,0.33450114727020264,6.568130826222559,,
/Users/iaparamedicos/MIQA_datasets/ct/chest/covid_ct/COVID/Covid (1206).png,Covid (1206).png,covid,69.03251647949219,4.758392100802934,24.77398681640625,,,,,0.5300140380859375,0.3324688971042633,6.5747065108583875,,
/Users/iaparamedicos/MIQA_datasets/ct/chest/covid_ct/COVID/Covid (1207).png,Covid (1207).png,covid,71.8743896484375,4.849051949429311,22.50048828125,,,,,0.5251269340515137,0.3339340388774872,6.491166609031671,,
/Users/iaparamedicos/MIQA_datasets/ct/chest/covid_ct/COVID/Covid (1208).png,Covid (1208).png,covid,68.98849487304688,4.818954959924249,24.8092041015625,,,,,0.5159323811531067,0.33753493428230286,6.4926142718332684,,
/Users/iaparamedicos/MIQA_datasets/ct/chest/covid_ct/COVID/Covid (1209).png,Covid (1209).png,covid,67.7032470703125,5.138018638617172,25.83740234375,,,,,0.5038657188415527,0.33906254172325134,6.531465669331958,,0.505718954248366
/Users/iaparamedicos/MIQA_datasets/ct/chest/covid_ct/COVID/Covid (121).png,Covid (121).png,covid,65.56228637695312,5.572983996553659,27.5501708984375,,,,,0.3677305579185486,0.37474584579467773,5.903422694058474,,0.0
/Users/iaparamedicos/MIQA_datasets/ct/chest/covid_ct/COVID/Covid (1210).png,Covid (1210).png,covid,66.13670349121094,5.296677482641346,27.09063720703125,,,,,0.5168997645378113,0.33856919407844543,6.533339565379164,,
/Users/iaparamedicos/MIQA_datasets/ct/chest/covid_ct/COVID/Covid (1211).png,Covid (1211).png,covid,69.52351395682557,4.571472906476164,25.5052490234375,,,,,0.5102189779281616,0.33849063515663147,6.518278081982977,,0.39545229856648545
/Users/iaparamedicos/MIQA_datasets/ct/chest/covid_ct/COVID/Covid (1212).png,Covid (1212).png,covid,73.53345108283939,3.9699823375740917,23.9344482421875,,,,,0.5022837519645691,0.33894023299217224,6.613442444238169,,0.5396825396825398
/Users/iaparamedicos/MIQA_datasets/ct/chest/covid_ct/COVID/Covid (1213).png,Covid (1213).png,covid,71.71798505977813,4.242302241033279,24.23944091796875,,,,,0.5069376230239868,0.336398720741272,6.6551164707693555,0.3623159494281433,0.5620351588911426
/Users/iaparamedicos/MIQA_datasets/ct/chest/covid_ct/COVID/Covid (1214).png,Covid (1214).png,covid,72.36015319824219,4.424740315229504,22.11187744140625,,,,,0.5141669511795044,0.33616387844085693,6.67142981507549,,0.3954802259887006
/Users/iaparamedicos/MIQA_datasets/ct/chest/covid_ct/COVID/Covid (1215).png,Covid (1215).png,covid,71.27846794616488,4.308229808075267,26.45172119140625,,,,,0.531971275806427,0.3349545896053314,6.578496284344738,,
/Users/iaparamedicos/MIQA_datasets/ct/chest/covid_ct/COVID/Covid (1216).png,Covid (1216).png,covid,72.1097733971929,4.183533990421067,26.38092041015625,,,,,0.5568864941596985,0.3256665766239166,6.54624136860828,,
/Users/iaparamedicos/MIQA_datasets/ct/chest/covid_ct/COVID/Covid (1217).png,Covid (1217).png,covid,69.22115380268392,4.616826929597412,28.3814697265625,,,,,0.522203803062439,0.3321693539619446,6.473657462260916,,
/Users/iaparamedicos/MIQA_datasets/ct/chest/covid_ct/COVID/Covid (1218).png,Covid (1218).png,covid,71.75937502314838,4.236093746527745,22.848876953125,,,,,0.47996246814727783,0.3342196047306061,6.539565297352871,,0.3364675516224189
/Users/iaparamedicos/MIQA_datasets/ct/chest/covid_ct/COVID/Covid (1219).png,Covid (1219).png,covid,71.89001884260779,4.216497173608833,22.86322021484375,0.9502424047656767,0.4145040369088812,0.3674033149171271,,0.5559796094894409,0.3155413866043091,6.5321699466301055,,
/Users/iaparamedicos/MIQA_datasets/ct/chest/covid_ct/COVID/Covid (122).png,Covid (122).png,covid,64.0234375,6.283587723454422,28.78125,0.9949387277360078,0.41985876589535126,0.32608695652173914,,0.4036298990249634,0.37189796566963196,5.977270848609649,,
/Users/iaparamedicos/MIQA_datasets/ct/chest/covid_ct/COVID/Covid (1220).png,Covid (1220).png,covid,71.70501984073279,4.2442470238900825,23.343505859375,0.954211751322029,0.40081822202565237,0.3728813559322034,,0.5526988506317139,0.3226282000541687,6.6058223667708225,,
/Users/iaparamedicos/MIQA_datasets/ct/chest/covid_ct/COVID/Covid (1221).png,Covid (1221).png,covid,72.86007881055457,4.070988178416815,24.678466796875,0.9675741646015986,0.41581448096513696,0.36070381231671556,,0.523249089717865,0.34303951263427734,6.542270384831006,,
/Users/iaparamedicos/MIQA_datasets/ct/chest/covid_ct/COVID/Covid (1222).png,Covid (1222).png,covid,70.86692810058594,4.474884216404066,23.30645751953125,0.9667048604803262,0.4080194266761431,0.3601190476190476,,0.5292084813117981,0.33239415287971497,6.541153529202102,,
/Users/iaparamedicos/MIQA_datasets/ct/chest/covid_ct/COVID/Covid (1223).png,Covid (1223).png,covid,71.56944274902344,4.325002361176329,22.74444580078125,0.969488559167302,0.41511968965843504,0.3203342618384401,,0.5402244329452515,0.33225610852241516,6.541435682042589,,
/Users/iaparamedicos/MIQA_datasets/ct/chest/covid_ct/COVID/Covid (1224).png,Covid (1224).png,covid,72.3758326435457,4.143625103468144,25.344482421875,0.9769993546302589,0.40309616493656286,0.31215469613259667,,0.554754376411438,0.3286346197128296,6.527696111160504,,
/Users/iaparamedicos/MIQA_datasets/ct/chest/covid_ct/COVID/Covid (1225).png,Covid (1225).png,covid,74.20013427734375,4.078526928641511,20.639892578125,0.9676239501222635,0.4074429271343688,0.37110481586402266,,0.486409455537796,0.3466571569442749,6.413084954629431,,
/Users/iaparamedicos/MIQA_datasets/ct/chest/covid_ct/COVID/Covid (1226).png,Covid (1226).png,covid,73.73720798633117,3.939418802050324,25.0762939453125,0.9798134597123247,0.40519226341238773,0.3128654970760234,,0.5265392661094666,0.3480445146560669,6.3971484262871385,,
/Users/iaparamedicos/MIQA_datasets/ct/chest/covid_ct/COVID/Covid (1227).png,Covid (1227).png,covid,73.95256042480469,4.155349471686843,20.83795166015625,0.991253988548643,0.4116729088639201,0.2648809523809524,,0.5133072733879089,0.3313746750354767,6.539226756212865,,
/Users/iaparamedicos/MIQA_datasets/ct/chest/covid_ct/COVID/Covid (1228).png,Covid (1228).png,covid,41.684112548828125,9.526106055552589,46.6527099609375,,,,,0.9170566201210022,0.2053726762533188,3.3654973856214134,,
/Users/iaparamedicos/MIQA_datasets/ct/chest/covid_ct/COVID/Covid (1229).png,Covid (1229).png,covid,56.11068725585937,5.818797877569598,35.1114501953125,,,,,0.870819628238678,0.2506703734397888,4.026235739076884,,
/Users/iaparamedicos/MIQA_datasets/ct/chest/covid_ct/COVID/Covid (123).png,Covid (123).png,covid,64.20234982176693,5.369647526734959,30.061767578125,0.9878692373505571,0.4031178296666217,0.25970873786407767,,0.40982359647750854,0.3730074465274811,5.95429460730133,,
/Users/iaparamedicos/MIQA_datasets/ct/chest/covid_ct/COVID/Covid (1230).png,Covid (1230).png,covid,57.52250559740564,6.371624160389155,30.33953857421875,,,,,0.8603194952011108,0.2513265609741211,4.222480551926911,,
/Users/iaparamedicos/MIQA_datasets/ct/chest/covid_ct/COVID/Covid (1231).png,Covid (1231).png,covid,65.23393418130287,5.21490987280457,25.99212646484375,,,,,0.7860843539237976,0.2964974641799927,4.7228851715001605,,
/Users/iaparamedicos/MIQA_datasets/ct/chest/covid_ct/COVID/Covid (1232).png,Covid (1232).png,covid,68.9037016995064,4.664444745074039,13.61358642578125,,,,,0.749495267868042,0.3018856644630432,5.059292984693828,,
/Users/iaparamedicos/MIQA_datasets/ct/chest/covid_ct/COVID/Covid (1233).png,Covid (1233).png,covid,67.50586934044604,4.874119598933093,17.64898681640625,0.9989992352610632,0.4001445599105365,0.38461538461538464,,0.7404370903968811,0.3075462877750397,5.069885622767487,,
/Users/iaparamedicos/MIQA_datasets/ct/chest/covid_ct/COVID/Covid (1234).png,Covid (1234).png,covid,65.61919571846026,5.157120642230962,17.96197509765625,,,,,0.7353665232658386,0.30981338024139404,5.200631915015447,,
/Users/iaparamedicos/MIQA_datasets/ct/chest/covid_ct/COVID/Covid (1235).png,Covid (1235).png,covid,66.18376305378094,5.426970328222184,17.367431640625,,,,,0.7265432476997375,0.30870145559310913,5.2947010443024745,,
/Users/iaparamedicos/MIQA_datasets/ct/chest/covid_ct/COVID/Covid (1236).png,Covid (1236).png,covid,65.4790580249544,5.478011706621955,24.3712158203125,0.9977411204273654,0.4007314157113721,0.4071246819338422,,0.6804648041725159,0.35748299956321716,5.238324641996352,,
/Users/iaparamedicos/MIQA_datasets/ct/chest/covid_ct/COVID/Covid (1237).png,Covid (1237).png,covid,64.40225443403496,5.339661834894757,22.712890625,0.9985734944696385,0.4031074719551282,0.34057971014492755,,0.7330540418624878,0.3119974136352539,5.08092113257064,,
/Users/iaparamedicos/MIQA_datasets/ct/chest/covid_ct/COVID/Covid (1238).png,Covid (1238).png,covid,68.50774915714017,4.723837626428973,20.00372314453125,,,,,0.7379321455955505,0.3075605630874634,5.0645960530821,,
/Users/iaparamedicos/MIQA_datasets/ct/chest/covid_ct/COVID/Covid (1239).png,Covid (1239).png,covid,64.25261738702659,6.255598870883334,25.17041015625,,,,,0.6899638772010803,0.35568636655807495,5.140209390962127,,
/Users/iaparamedicos/MIQA_datasets/ct/chest/covid_ct/COVID/Covid (124).png,Covid (124).png,covid,68.55754033671504,4.716368949492743,36.25439453125,,,,,0.43250125646591187,0.3690089285373688,5.942413587409164,,
/Users/iaparamedicos/MIQA_datasets/ct/chest/covid_ct/COVID/Covid (1240).png,Covid (1240).png,covid,65.25925717439877,5.211111423840185,18.9029541015625,0.9988306141458172,0.40180779918771187,0.42105263157894735,,0.6981723308563232,0.3462236523628235,5.148357991986245,,
/Users/iaparamedicos/MIQA_datasets/ct/chest/covid_ct/COVID/Covid (1241).png,Covid (1241).png,covid,64.34905347659151,5.421436984813288,20.3690185546875,0.9978157244340772,0.4025094139369884,0.369727047146402,,0.6965509653091431,0.35075926780700684,5.14792427812732,,
/Users/iaparamedicos/MIQA_datasets/ct/chest/covid_ct/COVID/Covid (1242).png,Covid (1242).png,covid,65.58762921500715,5.161855617748927,19.247802734375,0.9994489215625906,0.40196201933675557,0.4128686327077748,,0.6972407102584839,0.33835369348526,5.2061221356619765,,
/Users/iaparamedicos/MIQA_datasets/ct/chest/covid_ct/COVID/Covid (1243).png,Covid (1243).png,covid,65.30001992483395,5.849808787260913,24.93756103515625,0.9987580347178351,0.40210144064769615,0.3756345177664975,,0.687761664390564,0.35048678517341614,5.224001593986715,,
/Users/iaparamedicos/MIQA_datasets/ct/chest/covid_ct/COVID/Covid (1244).png,Covid (1244).png,covid,65.60191047811159,5.268878123991181,23.73309326171875,0.9953359986002399,0.40285772428629574,0.37948717948717947,,0.7158588171005249,0.3141286373138428,5.248152838248927,,
/Users/iaparamedicos/MIQA_datasets/ct/chest/covid_ct/COVID/Covid (1245).png,Covid (1245).png,covid,66.88494034188746,6.1966769314940535,17.7808837890625,0.9963730655847689,0.40178163881322243,0.39425587467362927,,0.669448733329773,0.36001113057136536,5.350795227350996,,
/Users/iaparamedicos/MIQA_datasets/ct/chest/covid_ct/COVID/Covid (1246).png,Covid (1246).png,covid,68.45706104272233,4.73144084359165,16.61474609375,,,,,0.6632663607597351,0.3621327579021454,5.398001713909183,,
/Users/iaparamedicos/MIQA_datasets/ct/chest/covid_ct/COVID/Covid (1247).png,Covid (1247).png,covid,68.17816382454541,5.232834621927719,18.89483642578125,0.9926704888966427,0.4000338724701499,0.3717948717948718,,0.6512024402618408,0.36419472098350525,5.454253105963632,,
/Users/iaparamedicos/MIQA_datasets/ct/chest/covid_ct/COVID/Covid (1248).png,Covid (1248).png,covid,68.97079362192358,5.371728979356364,24.0406494140625,0.9905119030425615,0.4024877699558525,0.37402597402597404,,0.6398478746414185,0.3678128719329834,5.517663489753886,,
/Users/iaparamedicos/MIQA_datasets/ct/chest/covid_ct/COVID/Covid (1249).png,Covid (1249).png,covid,69.16457824923931,4.982672817132039,14.20904541015625,,,,,0.6402056217193604,0.36382824182510376,5.533166259939145,,
/Users/iaparamedicos/MIQA_datasets/ct/chest/covid_ct/COVID/Covid (125).png,Covid (125).png,covid,64.58247135786483,5.312629296320275,38.3154296875,,,,,0.44144687056541443,0.36987394094467163,6.0097485398560195,,
/Users/iaparamedicos/MIQA_datasets/ct/chest/covid_ct/COVID/Covid (1250).png,Covid (1250).png,covid,68.86006281781101,5.93833572239035,21.00634765625,,,,,0.6456536650657654,0.3575071096420288,5.508805025424881,,
/Users/iaparamedicos/MIQA_datasets/ct/chest/covid_ct/COVID/Covid (1251).png,Covid (1251).png,covid,70.12106814131377,5.660737315331315,15.32305908203125,,,,,0.6114563941955566,0.36429351568222046,5.6096854513051015,,0.42953342953342943
/Users/iaparamedicos/MIQA_datasets/ct/chest/covid_ct/COVID/Covid (1252).png,Covid (1252).png,covid,69.12785254104351,5.20001395997651,16.66229248046875,,,,,0.6187964081764221,0.3747680187225342,5.530228203283481,,0.40754762333994354
/Users/iaparamedicos/MIQA_datasets/ct/chest/covid_ct/COVID/Covid (126).png,Covid (126).png,covid,67.3896552229085,4.8915517165637254,46.35516357421875,,,,,0.44572484493255615,0.36136311292648315,5.925339776745528,,
/Users/iaparamedicos/MIQA_datasets/ct/chest/covid_ct/COVID/Covid (127).png,Covid (127).png,covid,68.36696658064092,4.744955012903861,46.80364990234375,0.9618704299207834,0.40022935779816515,0.13333333333333333,,0.49043405055999756,0.35127779841423035,6.269360717807073,,
/Users/iaparamedicos/MIQA_datasets/ct/chest/covid_ct/COVID/Covid (128).png,Covid (128).png,covid,66.959405346336,4.956089198049599,55.88409423828125,,,,,0.4947914183139801,0.3477557301521301,6.217634949130953,,
/Users/iaparamedicos/MIQA_datasets/ct/chest/covid_ct/COVID/Covid (129).png,Covid (129).png,covid,66.959405346336,4.956089198049599,55.88409423828125,,,,,0.4947914183139801,0.3477557301521301,6.217634949130953,,
/Users/iaparamedicos/MIQA_datasets/ct/chest/covid_ct/COVID/Covid (13).png,Covid (13).png,covid,65.26700018083284,5.240075954451945,21.86993408203125,,,,,0.4014056921005249,0.4002709984779358,5.221360014466627,,0.0
/Users/iaparamedicos/MIQA_datasets/ct/chest/covid_ct/COVID/Covid (130).png,Covid (130).png,covid,65.35732911052993,5.196400633420509,52.501983642578125,,,,,0.5339271426200867,0.3385103940963745,6.442669895376479,,
/Users/iaparamedicos/MIQA_datasets/ct/chest/covid_ct/COVID/Covid (131).png,Covid (131).png,covid,65.18517901608006,5.222223147587992,56.42950439453125,,,,,0.5386179685592651,0.3357870876789093,6.431635184954713,,
/Users/iaparamedicos/MIQA_datasets/ct/chest/covid_ct/COVID/Covid (132).png,Covid (132).png,covid,46.17847442626953,8.595397310612151,43.057220458984375,0.98873578291516,0.4057529162248144,0.28431372549019607,,0.5097872614860535,0.3622497022151947,6.485299770603377,,
/Users/iaparamedicos/MIQA_datasets/ct/chest/covid_ct/COVID/Covid (133).png,Covid (133).png,covid,44.298362731933594,10.872371882038099,44.561309814453125,0.9913045664728404,0.4171338711882948,0.34306569343065696,,0.4288955628871918,0.37713953852653503,6.440145684270071,,
/Users/iaparamedicos/MIQA_datasets/ct/chest/covid_ct/COVID/Covid (134).png,Covid (134).png,covid,34.564945605012575,9.815258159248113,53.450469970703125,0.9834251391531275,0.402046783625731,0.31456953642384106,,0.4721571207046509,0.3721114695072174,6.590178348174498,,
/Users/iaparamedicos/MIQA_datasets/ct/chest/covid_ct/COVID/Covid (135).png,Covid (135).png,covid,34.564945605012575,9.815258159248113,53.450469970703125,0.9834251391531275,0.402046783625731,0.31456953642384106,,0.4721571207046509,0.3721114695072174,6.590178348174498,,
/Users/iaparamedicos/MIQA_datasets/ct/chest/covid_ct/COVID/Covid (136).png,Covid (136).png,covid,45.41546142108462,8.187680786837307,51.09307861328125,0.9856697164351549,0.4144547489606652,0.31210191082802546,,0.4791852831840515,0.3681735098361969,6.617992924044088,,
/Users/iaparamedicos/MIQA_datasets/ct/chest/covid_ct/COVID/Covid (137).png,Covid (137).png,covid,41.92699432373047,9.964457909217778,46.458404541015625,0.989710830333749,0.403252545985632,0.31545741324921134,,0.47731736302375793,0.36783528327941895,6.654072346253358,,
/Users/iaparamedicos/MIQA_datasets/ct/chest/covid_ct/COVID/Covid (138).png,Covid (138).png,covid,45.78304643431158,8.132543034853263,47.724761962890625,0.9918731707120834,0.4034704931077855,0.30914826498422715,,0.47922441363334656,0.36902865767478943,6.613756416336284,,
/Users/iaparamedicos/MIQA_datasets/ct/chest/covid_ct/COVID/Covid (139).png,Covid (139).png,covid,43.22635650634765,8.619479413860443,45.418914794921875,0.9910044354097364,0.406216157678146,0.3190789473684211,,0.46802690625190735,0.3711725175380707,6.572668550121879,,
/Users/iaparamedicos/MIQA_datasets/ct/chest/covid_ct/COVID/Covid (14).png,Covid (14).png,covid,65.61668395996094,4.578674557624773,27.50665283203125,0.996896113919044,0.48939111425448467,0.2846715328467153,,0.4113910496234894,0.40080589056015015,5.225737583272663,,
/Users/iaparamedicos/MIQA_datasets/ct/chest/covid_ct/COVID/Covid (140).png,Covid (140).png,covid,40.37734985351562,9.787799334916345,47.6981201171875,0.9924569242961019,0.4047931469881904,0.29652996845425866,,0.4817889630794525,0.36457133293151855,6.6339235162954,,
