u_niqe,u_brisque,img_mean,img_std,img_entropy,a_rx_skull.penetration_index,a_rx_skull.sinus_air_score,a_rx_chest.lung_symmetry,a_rx_chest.inspiration_index,a_rx_chest.mediastinum_width,a_rx_chest.rotation_angle,a_rx_abdomen.nps_fat,a_rx_abdomen.free_air_detector,score,deg_type,severity
6.467027997810829,58.65069580078125,0.5191181898117065,0.22899290919303894,7.720783619260244,0.0,0.0,0.0,0.0,0.0,0.0,0.0,0.0,56.88648001459447,original,0.0
7.522684473521067,59.69921875,0.490887314081192,0.24018245935440063,7.715489553002329,0.0,0.0,0.0,0.0,0.0,0.0,0.0,0.0,45.39552744989901,rotation,0.11133106816568039
6.935103589190796,58.05133056640625,0.47021010518074036,0.2631179690361023,7.454761801614335,0.0,0.0,0.0,0.0,0.0,0.0,0.0,0.0,42.76480333729658,scale,0.27502931836911926
10.049860073342225,81.6837158203125,0.5189756751060486,0.23122252523899078,7.7254018050570945,0.0,0.0,0.0,0.0,0.0,0.0,0.0,0.0,27.419415703379414,noise_salt_pepper,0.1395379285251439
31.79972580995323,146.55728149414062,0.003717387793585658,0.060856956988573074,0.03535795409159968,0.0,0.0,0.0,0.0,0.0,0.0,0.0,0.0,0.0,original,0.0
27.70815211230566,103.91275024414062,0.003711610333994031,0.05637391284108162,0.06345953660643625,0.0,0.0,0.0,0.0,0.0,0.0,0.0,0.0,0.0,blur_motion,0.6766994874229113
30.342644914294283,110.74530029296875,0.003663144540041685,0.059970252215862274,0.04510185926989463,0.0,0.0,0.0,0.0,0.0,0.0,0.0,0.0,0.0,vignetting,0.5453665337483498
31.79972580995323,146.55728149414062,0.003717387793585658,0.060856956988573074,0.03535795409159968,0.0,0.0,0.0,0.0,0.0,0.0,0.0,0.0,0.0,brightness_bright,0.4219218196852704
5.973036990057846,58.67999267578125,0.40486565232276917,0.2287227362394333,7.6607975672247655,0.0,0.0,0.0,0.0,0.0,0.0,0.0,0.0,60.17975339961437,original,0.0
7.840086563810683,64.1961669921875,0.4029756486415863,0.22698846459388733,7.660827976873638,0.0,0.0,0.0,0.0,0.0,0.0,0.0,0.0,43.98494664679841,blur_gaussian,0.09369523986159245
16.755627377254314,87.3568115234375,0.40649762749671936,0.2359798103570938,7.645507628100776,0.0,0.0,0.0,0.0,0.0,0.0,0.0,0.0,0.0,noise_salt_pepper,0.5053552881033624
10.303197212759512,80.042236328125,0.40296706557273865,0.2208656519651413,7.635487251517824,0.0,0.0,0.0,0.0,0.0,0.0,0.0,0.0,8.862216064058732,blur_gaussian,0.561245062938613
32.08669889825003,153.07705688476562,0.08238665759563446,0.27495288848876953,0.41053338967795516,0.0,0.0,0.0,0.0,0.0,0.0,0.0,0.0,0.0,original,0.0
29.143039220310893,109.86520385742188,0.08725810796022415,0.2816248834133148,0.46029442730103776,0.0,0.0,0.0,0.0,0.0,0.0,0.0,0.0,0.0,scale,0.6498844377795232
32.08669889825003,153.07705688476562,0.08238665759563446,0.27495288848876953,0.41053338967795516,0.0,0.0,0.0,0.0,0.0,0.0,0.0,0.0,0.0,brightness_dark,0.41951982096165874
32.08669889825003,153.07705688476562,0.08238665759563446,0.27495288848876953,0.41053338967795516,0.0,0.0,0.0,0.0,0.0,0.0,0.0,0.0,0.0,contrast_high,0.5892656838759087
5.424772718311987,47.3836669921875,0.35336410999298096,0.26559916138648987,7.476078623441535,0.0,0.0,0.0,0.0,0.0,0.0,0.0,0.0,63.834848544586755,original,0.0
5.411898619477558,40.72845458984375,0.3324877619743347,0.25388750433921814,7.331075481578436,0.0,0.0,0.0,0.0,0.0,0.0,0.0,0.0,29.148663038432254,ring_artifact,0.869300320792934
5.295958412608086,41.63494873046875,0.3257734179496765,0.25308939814567566,7.377750530939489,0.0,0.0,0.0,0.0,0.0,0.0,0.0,0.0,32.460840509300446,ring_artifact,0.8058192518328079
5.502148589636911,47.135986328125,0.3401287794113159,0.268094003200531,7.440631305010012,0.0,0.0,0.0,0.0,0.0,0.0,0.0,0.0,46.41443347628049,scale,0.42261439815350255
32.23362211465232,152.13861083984375,0.04640690237283707,0.2103646844625473,0.27093305810020385,0.0,0.0,0.0,0.0,0.0,0.0,0.0,0.0,0.0,original,0.0
27.97238254150052,89.3824462890625,0.045937225222587585,0.20825736224651337,0.4002785176446255,0.0,0.0,0.0,0.0,0.0,0.0,0.0,0.0,0.0,noise_speckle,0.15547949981178155
22.480215450272087,106.59686279296875,0.06512105464935303,0.2001701295375824,3.2928014332265887,0.0,0.0,0.0,0.0,0.0,0.0,0.0,0.0,0.0,ring_artifact,0.33659454511262676
29.481001372096948,106.9273681640625,0.046394579112529755,0.2053498476743698,0.3702590458970505,0.0,0.0,0.0,0.0,0.0,0.0,0.0,0.0,0.0,blur_motion,0.3799273006373374
29.242194503654854,148.7662353515625,0.01911911927163601,0.13694371283054352,0.13646567803249132,0.0,0.0,0.0,0.0,0.0,0.0,0.0,0.0,0.0,original,0.0
30.214769204778086,115.70254516601562,0.026715200394392014,0.13401061296463013,0.25095059013186305,0.0,0.0,0.0,0.0,0.0,0.0,0.0,0.0,0.0,jpeg,0.8474943663474598
29.242194503654854,148.7662353515625,0.01911911927163601,0.13694371283054352,0.13646567803249132,0.0,0.0,0.0,0.0,0.0,0.0,0.0,0.0,0.0,brightness_bright,0.26452086722201307
18.848338036400214,117.56881713867188,0.019053973257541656,0.12642793357372284,0.430116150678702,0.0,0.0,0.0,0.0,0.0,0.0,0.0,0.0,0.0,blur_gaussian,0.7297317866938179
6.199285411686269,61.55029296875,0.4048066735267639,0.22443200647830963,7.675867748154591,0.0,0.0,0.0,0.0,0.0,0.0,0.0,0.0,58.67143058875821,original,0.0
5.607125886786113,60.6646728515625,0.3735573887825012,0.2352997064590454,7.524726505489861,0.0,0.0,0.0,0.0,0.0,0.0,0.0,0.0,57.62611424063087,brightness_dark,0.12482616285320935
6.276063689256517,61.5335693359375,0.3890600800514221,0.21724404394626617,7.525498652628491,0.0,0.0,0.0,0.0,0.0,0.0,0.0,0.0,43.01820031662241,vignetting,0.3785343772083535
5.519946052486206,53.1845703125,0.3336789011955261,0.24224065244197845,6.931438350699933,0.0,0.0,0.0,0.0,0.0,0.0,0.0,0.0,51.47322839380824,brightness_dark,0.2931782814070929
32.063473589439056,148.34420776367188,0.015647824853658676,0.1241087093949318,0.11625147893886838,0.0,0.0,0.0,0.0,0.0,0.0,0.0,0.0,0.0,original,0.0
29.5830486434733,108.3035888671875,0.015646042302250862,0.12340674549341202,0.13227237160186753,0.0,0.0,0.0,0.0,0.0,0.0,0.0,0.0,0.0,rotation,0.6185197523642461
31.35348625142723,115.62844848632812,0.015223326161503792,0.12079066783189774,0.13189774255373912,0.0,0.0,0.0,0.0,0.0,0.0,0.0,0.0,0.0,stripe_artifact,0.3616350261669765
35.63899237179049,208.6288299560547,0.02621113881468773,0.1597626805305481,0.17501954333552405,0.0,0.0,0.0,0.0,0.0,0.0,0.0,0.0,0.0,noise_salt_pepper,0.7045718362149235
5.111824421648218,60.67901611328125,0.2257278859615326,0.15856218338012695,7.040793368131873,0.0,0.0,0.0,0.0,0.0,0.0,0.0,0.0,65.92117052234521,original,0.0
9.409448299889618,72.22442626953125,0.3089412748813629,0.19900047779083252,7.053965513755314,0.0,0.0,0.0,0.0,0.0,0.0,0.0,0.0,10.819811924694143,blur_gaussian,0.6612633185677101
5.051967584804669,60.7249755859375,0.2279224991798401,0.1631823033094406,7.152382166253763,0.0,0.0,0.0,0.0,0.0,0.0,0.0,0.0,54.74469755721792,ring_artifact,0.28938796360210717
6.7902252175168485,62.80609130859375,0.22822117805480957,0.15622639656066895,7.107903853634054,0.0,0.0,0.0,0.0,0.0,0.0,0.0,0.0,20.519123042615142,blur_motion,0.8553177210151469
32.54442654559976,151.04586791992188,0.0487588569521904,0.21536347270011902,0.281101088510583,0.0,0.0,0.0,0.0,0.0,0.0,0.0,0.0,0.0,original,0.0
27.655408668756518,115.53250122070312,0.048375602811574936,0.21367771923542023,0.32985977831691937,0.0,0.0,0.0,0.0,0.0,0.0,0.0,0.0,0.0,stripe_artifact,0.10100142940972912
17.459263412370102,106.42379760742188,0.04781441390514374,0.2112800031900406,0.44247717223660693,0.0,0.0,0.0,0.0,0.0,0.0,0.0,0.0,0.0,noise_speckle,0.4534103023684355
27.340239861878306,113.7652587890625,0.047402273863554,0.2094593048095703,0.32985351258350704,0.0,0.0,0.0,0.0,0.0,0.0,0.0,0.0,0.0,stripe_artifact,0.36483217897008424
5.9271456311824355,62.9010009765625,0.35200488567352295,0.2183612436056137,7.601791806779523,0.0,0.0,0.6793325232157891,0.4039167299417869,0.4621409921671018,0.0,0.0,0.0,60.48569579211709,original,0.0
5.467328241209942,61.1868896484375,0.3519914746284485,0.2184387594461441,7.6234708214354425,0.0,0.0,0.6781875822976914,0.40462857504429256,0.4621409921671018,0.0,0.0,0.0,49.34031704949953,jpeg,0.3552707002275215
7.375249251041788,62.3203125,0.35098329186439514,0.21739639341831207,7.6074727339833235,0.0,0.0,0.6818717872225141,0.4041896038977474,0.4516971279373368,0.0,0.0,0.0,40.15255877775687,rotation,0.26697782204911336
5.76327326979121,62.06201171875,0.34081244468688965,0.21506091952323914,7.32000859596019,0.0,0.0,0.7070417190225639,0.40496867881548976,0.46736292428198434,0.0,0.0,0.0,34.23627157992524,vignetting,0.6835476655366672
32.24637949369078,155.27603149414062,0.11065809428691864,0.31370824575424194,0.5018977928182043,0.0,0.0,0.0,0.0,0.0,0.0,0.0,0.0,0.0,original,0.0
27.871035344217944,106.93466186523438,0.11065809428691864,0.3103618919849396,0.6189838296635544,0.0,0.0,0.0,0.0,0.0,0.0,0.0,0.0,0.0,blur_motion,0.6091310056669882
25.248249496771862,63.81536865234375,0.12948960065841675,0.3000558912754059,3.910993057178371,0.0,0.0,0.0,0.0,0.0,0.0,0.0,0.0,0.0,noise_gaussian,0.534139877029708
32.55342353400132,210.943115234375,0.1128963902592659,0.3164661228656769,0.5085909925449162,0.0,0.0,0.0,0.0,0.0,0.0,0.0,0.0,0.0,noise_salt_pepper,0.1634024937619284
6.335621984062787,61.054931640625,0.3851069211959839,0.21842722594738007,7.685486606248487,0.0,0.0,0.0,0.0,0.0,0.0,0.0,0.0,57.76252010624808,original,0.0
6.236775568301321,60.8818359375,0.3846569061279297,0.21930181980133057,7.309080830383547,0.0,0.0,0.0,0.0,0.0,0.0,0.0,0.0,47.62358313995341,contrast_low,0.269947826784278
6.30510751312906,60.778564453125,0.3493916392326355,0.20222695171833038,7.4472264588848756,0.0,0.0,0.0,0.0,0.0,0.0,0.0,0.0,32.365959518309225,vignetting,0.6399997598540929
6.0039252936350325,60.54083251953125,0.3265533447265625,0.2365802377462387,7.329900961280574,0.0,0.0,0.0,0.0,0.0,0.0,0.0,0.0,51.189224416955696,brightness_dark,0.21961517397026897
31.927169830904866,148.24777221679688,0.008750718086957932,0.09313508123159409,0.0723924778380761,0.0,0.0,0.0,0.0,0.0,0.0,0.0,0.0,0.0,original,0.0
30.520753611446583,118.0203857421875,0.01264260709285736,0.09214992076158524,0.11603248314613124,0.0,0.0,0.0,0.0,0.0,0.0,0.0,0.0,0.0,jpeg,0.8428519201898096
23.977365832107957,109.3314208984375,0.011138337664306164,0.09260806441307068,1.383455871546559,0.0,0.0,0.0,0.0,0.0,0.0,0.0,0.0,0.0,ring_artifact,0.05593794754928394
30.02057682068838,115.110595703125,0.008716785348951817,0.0927746593952179,0.08114240467436028,0.0,0.0,0.0,0.0,0.0,0.0,0.0,0.0,0.0,stripe_artifact,0.03210024390403776
6.716541611907558,64.1309814453125,0.3916720747947693,0.22268778085708618,7.685072895241007,0.0,0.0,0.8364901871493423,0.4033647431332831,0.0,0.0,0.0,0.0,55.22305592061628,original,0.0
6.526177599221652,63.3656005859375,0.39166831970214844,0.22274959087371826,7.699887756383996,0.0,0.0,0.8350003419796583,0.4028220426279149,0.0,0.0,0.0,0.0,40.445557857629154,jpeg,0.40116478702232894
7.7102491981947585,65.15753173828125,0.39153581857681274,0.22255204617977142,7.6863550719199445,0.0,0.0,0.8290150322165888,0.4046402621554543,0.0,0.0,0.0,0.0,40.15902493524855,blur_motion,0.21098284358632646
7.033141512180962,64.94342041015625,0.582556426525116,0.3118068277835846,6.881502673555603,0.0,0.0,0.9417456255729802,0.4033647431332831,0.0,0.0,0.0,0.0,18.057684859886834,brightness_bright,0.8763676264726689
32.30761818226582,152.0086669921875,0.017198044806718826,0.130008727312088,0.12540519933670152,0.0,0.0,0.0,0.0,0.0,0.0,0.0,0.0,0.0,original,0.0
32.027927581416044,118.72946166992188,0.01720181666314602,0.12973035871982574,0.16112975690155096,0.0,0.0,0.0,0.0,0.0,0.0,0.0,0.0,0.0,jpeg,0.2126265440541406
32.30761818226582,152.0086669921875,0.017198044806718826,0.130008727312088,0.12540519933670152,0.0,0.0,0.0,0.0,0.0,0.0,0.0,0.0,0.0,contrast_high,0.39563190106066426
28.694657817933006,114.2598876953125,0.01661284826695919,0.12560011446475983,0.1910609601508521,0.0,0.0,0.0,0.0,0.0,0.0,0.0,0.0,0.0,vignetting,0.6428518702004242
6.829304744533157,61.6160888671875,0.28935447335243225,0.1864112764596939,7.3459815295061155,0.0,0.0,0.0,0.0,0.0,0.0,0.009994497522711754,0.056370651031583605,54.47130170311228,original,0.0
10.367053542409918,44.26629638671875,0.28756123781204224,0.18958435952663422,7.459427979312316,0.0,0.0,0.0,0.0,0.0,0.0,0.016308659687638283,0.07511477404723713,34.07192285667947,noise_gaussian,0.26488016649805246
19.413007288741973,98.68902587890625,0.29427048563957214,0.20198673009872437,7.35090870620425,0.0,0.0,0.0,0.0,0.0,0.0,0.039342474192380905,0.06697687925217102,0.0,noise_salt_pepper,0.7449889820916066
6.514913151494094,56.71856689453125,0.2133587747812271,0.1990826427936554,6.454125424089411,0.0,0.0,0.0,0.0,0.0,0.0,0.0,0.0,46.05758131578863,brightness_dark,0.26274160852293527
32.40834999515335,149.78067016601562,0.020171884447336197,0.1405879706144333,0.14240453988157226,0.0,0.0,0.0,0.0,0.0,0.0,0.0,0.0,0.0,original,0.0
32.40834999515335,149.78067016601562,0.020171884447336197,0.1405879706144333,0.14240453988157226,0.0,0.0,0.0,0.0,0.0,0.0,0.0,0.0,0.0,brightness_bright,0.4284338272945797
32.40834999515335,149.78067016601562,0.020171884447336197,0.1405879706144333,0.14240453988157226,0.0,0.0,0.0,0.0,0.0,0.0,0.0,0.0,0.0,brightness_bright,0.39940050514039727
33.6538814748139,193.48216247558594,0.03484014421701431,0.1833747774362564,0.21811226239334827,0.0,0.0,0.0,0.0,0.0,0.0,0.0,0.0,0.0,noise_salt_pepper,0.997325777989161
6.609477725202415,61.17559814453125,0.3070814609527588,0.24847176671028137,7.280161780390289,0.0,0.0,0.0,0.0,0.0,0.0,0.0,0.0,55.936815165317235,original,0.0
11.6846150513823,54.08795166015625,0.3095869719982147,0.24961844086647034,7.367159281540194,0.0,0.0,0.0,0.0,0.0,0.0,0.0,0.0,12.009008677746106,noise_gaussian,0.5095262936764645
7.827337535679934,67.69140625,0.3087942898273468,0.24868683516979218,7.3062681287217455,0.0,0.0,0.0,0.0,0.0,0.0,0.0,0.0,17.586463460784266,blur_motion,0.7557821575337378
5.999069078853308,58.51287841796875,0.30339524149894714,0.24666006863117218,7.314808105392175,0.0,0.0,0.0,0.0,0.0,0.0,0.0,0.0,55.62024092695158,stripe_artifact,0.10964913035065915
32.09390793394142,152.77560424804688,0.02111245132982731,0.14375923573970795,0.1476418935557418,0.0,0.0,0.0,0.0,0.0,0.0,0.0,0.0,0.0,original,0.0
29.344831483388628,111.06060791015625,0.021110815927386284,0.14324228465557098,0.1619762300722139,0.0,0.0,0.0,0.0,0.0,0.0,0.0,0.0,0.0,rotation,0.15998200172245025
28.900251052608922,110.96197509765625,0.021110691130161285,0.14324051141738892,0.16170976288755862,0.0,0.0,0.0,0.0,0.0,0.0,0.0,0.0,0.0,rotation,0.42215996679968404
29.17394566405896,105.77853393554688,0.021108416840434074,0.14136792719364166,0.18412305142289814,0.0,0.0,0.0,0.0,0.0,0.0,0.0,0.0,0.0,blur_motion,0.38476731167450007
5.908253706907041,58.557861328125,0.3977477550506592,0.1609734296798706,7.3364456338803095,0.0,0.0,0.9477239398011945,0.407528311293654,0.2808842652795839,0.0,0.0,0.0,60.611641953953054,original,0.0
5.64061422691983,57.5072021484375,0.6475762724876404,0.2466157078742981,6.876237330142716,0.0,0.0,0.9526455709207988,0.407528311293654,0.2808842652795839,0.0,0.0,0.0,22.55104994426393,brightness_bright,0.9961213802400968
5.708303324563667,59.1236572265625,0.3304910361766815,0.17703302204608917,7.170779108856364,0.0,0.0,0.8790686227012806,0.407528311293654,0.2808842652795839,0.0,0.0,0.0,51.88807970363636,brightness_dark,0.2514141199818132
5.5593758910494415,42.6611328125,0.14817632734775543,0.16345080733299255,5.097686887505398,0.0,0.0,0.0,0.0,0.0,0.0,0.0,0.0,28.506305970290477,brightness_dark,0.8607797022344981
32.15922110136771,150.014404296875,0.030961349606513977,0.17321300506591797,0.19919030560117137,0.0,0.0,0.0,0.0,0.0,0.0,0.0,0.0,0.0,original,0.0
20.848301299848433,117.22540283203125,0.03090914711356163,0.16669990122318268,0.4492739427401541,0.0,0.0,0.0,0.0,0.0,0.0,0.0,0.0,0.0,blur_gaussian,0.6802834102565185
27.42260423877848,108.57080078125,0.030947154387831688,0.16944511234760284,0.2707497751911476,0.0,0.0,0.0,0.0,0.0,0.0,0.0,0.0,0.0,blur_motion,0.6817103690265748
32.15922110136771,150.014404296875,0.030961349606513977,0.17321300506591797,0.19919030560117137,0.0,0.0,0.0,0.0,0.0,0.0,0.0,0.0,0.0,brightness_dark,0.7508777995916097
5.868836902518411,56.54241943359375,0.2947973310947418,0.23413662612438202,7.505965224906108,0.0,0.0,0.0,0.0,0.0,0.0,0.0,0.0,60.87442064987726,original,0.0
5.7288723802229,48.2835693359375,0.30734020471572876,0.2380879819393158,7.2961249874458405,0.0,0.0,0.0,0.0,0.0,0.0,0.0,0.0,36.16904552198835,ring_artifact,0.6409617985798081
7.465503941588195,58.7857666015625,0.29416900873184204,0.23324334621429443,7.495604305381368,0.0,0.0,0.0,0.0,0.0,0.0,0.0,0.0,38.48996857684833,blur_motion,0.29350012864742614
10.68875515406669,53.358917236328125,0.29554328322410583,0.2370147854089737,7.433274314108643,0.0,0.0,0.0,0.0,0.0,0.0,0.0,0.0,15.152405201421587,noise_gaussian,0.45372370632920644
30.97456252442662,150.06658935546875,0.1076512485742569,0.3099394738674164,0.4927905017207098,0.0,0.0,0.0,0.0,0.0,0.0,0.0,0.0,0.0,original,0.0
29.04713032323513,105.34207153320312,0.12430742383003235,0.3291475474834442,0.5916502955974037,0.0,0.0,0.0,0.0,0.0,0.0,0.0,0.0,0.0,scale,0.8758529403781941
17.763405741751622,130.291015625,0.1037527397274971,0.2992040514945984,0.8990585131255162,0.0,0.0,0.0,0.0,0.0,0.0,0.0,0.0,0.0,noise_speckle,0.9718880988701143
21.49483915858216,100.62872314453125,0.11565598845481873,0.3029954731464386,2.9484836455391656,0.0,0.0,0.0,0.0,0.0,0.0,0.0,0.0,0.0,ring_artifact,0.17865188053013137
6.030711562037121,62.62908935546875,0.5224863290786743,0.16324970126152039,7.372150800611481,0.0,0.0,0.0,0.0,0.0,0.0,0.0,0.0,59.79525625308586,original,0.0
6.089886063309975,62.55645751953125,0.5138386487960815,0.16215047240257263,7.343463540676835,0.0,0.0,0.0,0.0,0.0,0.0,0.0,0.0,55.14432666602529,vignetting,0.10641082279770497
6.744856225393337,62.18450927734375,0.5208319425582886,0.1621078997850418,7.364276295273786,0.0,0.0,0.0,0.0,0.0,0.0,0.0,0.0,43.09650017276577,rotation,0.2984447914486329
6.871401531850122,61.52679443359375,0.5205600261688232,0.16242434084415436,7.368430619603491,0.0,0.0,0.0,0.0,0.0,0.0,0.0,0.0,33.88414117522715,rotation,0.5076628819776342
31.607714590530417,150.27249145507812,0.004823918454349041,0.06928671151399612,0.04406547372634107,0.0,0.0,0.0,0.0,0.0,0.0,0.0,0.0,0.0,original,0.0
34.361874486077404,214.5810546875,0.0074621145613491535,0.08606062084436417,0.06345408072920103,0.0,0.0,0.0,0.0,0.0,0.0,0.0,0.0,0.0,noise_salt_pepper,0.1528392685496348
22.55059960462746,101.5489501953125,0.014141841791570187,0.06902330368757248,2.3794371903450258,0.0,0.0,0.0,0.0,0.0,0.0,0.0,0.0,0.0,ring_artifact,0.16154903575315338
25.47025008437134,110.05242919921875,0.06144934520125389,0.0939500480890274,3.6475407148599857,0.0,0.0,0.0,0.0,0.0,0.0,0.0,0.0,0.0,ring_artifact,0.9224340806182747
6.371665252850183,54.1605224609375,0.20997917652130127,0.18613621592521667,6.916555915128113,0.0,0.0,0.0,0.0,0.0,0.0,0.0,0.0,57.52223164766546,original,0.0
6.361602385114744,54.0955810546875,0.20687159895896912,0.18686598539352417,6.914843060378535,0.0,0.0,0.0,0.0,0.0,0.0,0.0,0.0,57.566441587450626,vignetting,0.0005718961279435053
5.042165048374006,56.289306640625,0.21002158522605896,0.1861329972743988,6.919653411756379,0.0,0.0,0.0,0.0,0.0,0.0,0.0,0.0,46.84133802301538,jpeg,0.48860570802894787
7.2431913313492275,53.14056396484375,0.20579594373703003,0.18373936414718628,6.8221331285622835,0.0,0.0,0.0,0.0,0.0,0.0,0.0,0.0,14.548113140420469,blur_motion,0.9290986162646171
30.217792031119874,150.81658935546875,0.14523755013942719,0.3523401916027069,0.5977928023664483,0.0,0.0,0.0,0.0,0.0,0.0,0.0,0.0,0.0,original,0.0
26.180746409160946,106.96084594726562,0.1240604966878891,0.30202731490135193,1.4595159515587997,0.0,0.0,0.0,0.0,0.0,0.0,0.0,0.0,0.0,vignetting,0.9853213789438122
22.81106758125736,105.2047119140625,0.1571691483259201,0.3403094410896301,3.272539371940756,0.0,0.0,0.0,0.0,0.0,0.0,0.0,0.0,0.0,ring_artifact,0.30751412540266143
24.30469287192866,114.75396728515625,0.14518293738365173,0.3485615849494934,0.8910255217926841,0.0,0.0,0.0,0.0,0.0,0.0,0.0,0.0,0.0,blur_gaussian,0.2408715924472331
5.374055732735406,44.90240478515625,0.39223143458366394,0.28849539160728455,7.340294686835328,0.0,0.0,0.0,0.0,0.0,0.0,0.0,0.0,64.17296178176396,original,0.0
5.514347481068175,34.05035400390625,0.5633634924888611,0.37117311358451843,5.299430121863155,0.0,0.0,0.0,0.0,0.0,0.0,0.0,0.0,25.359705647625738,brightness_bright,0.9469494452979941
7.529946266057968,52.15057373046875,0.3795897364616394,0.29206714034080505,7.255050824074339,0.0,0.0,0.0,0.0,0.0,0.0,0.0,0.0,20.52405443249509,blur_motion,0.7319075948446278
5.107509642829221,44.3641357421875,0.38942816853523254,0.2875719964504242,7.353716529914667,0.0,0.0,0.0,0.0,0.0,0.0,0.0,0.0,63.18143497573651,stripe_artifact,0.06921251846838361
31.849131016332112,147.21337890625,0.01575321890413761,0.12451929599046707,0.11688071034344251,0.0,0.0,0.0,0.0,0.0,0.0,0.0,0.0,0.0,original,0.0
22.408240160716673,108.3365478515625,0.04735628142952919,0.12674231827259064,3.1709983571706237,0.0,0.0,0.0,0.0,0.0,0.0,0.0,0.0,0.0,ring_artifact,0.5327061695295157
19.00571072156895,56.29193115234375,0.023610686883330345,0.12292687594890594,2.6141699054854195,0.0,0.0,0.0,0.0,0.0,0.0,0.0,0.0,24.499427479579804,noise_gaussian,0.1283914644997628
31.849131016332112,147.21337890625,0.01575321890413761,0.12451929599046707,0.11688071034344251,0.0,0.0,0.0,0.0,0.0,0.0,0.0,0.0,0.0,contrast_high,0.9468486797049909
5.12672672482875,61.96893310546875,0.2228490710258484,0.15783967077732086,6.938774618842941,0.0,0.0,0.0,0.0,0.0,0.0,0.0,0.0,65.821821834475,original,0.0
10.063322694347484,50.4176025390625,0.22418628633022308,0.15974383056163788,7.057416943419755,0.0,0.0,0.0,0.0,0.0,0.0,0.0,0.0,26.37573166856951,noise_gaussian,0.2650566289400591
4.906852371313652,55.8193359375,0.2156611680984497,0.15366016328334808,6.961487935938086,0.0,0.0,0.0,0.0,0.0,0.0,0.0,0.0,43.02389415860383,stripe_artifact,0.6065939174826289
20.432163284014194,103.0174560546875,0.2308509349822998,0.18300187587738037,6.93162685366094,0.0,0.0,0.0,0.0,0.0,0.0,0.0,0.0,0.0,noise_salt_pepper,0.9289134930021768
32.03197877710532,149.865234375,0.012495488859713078,0.11108263581991196,0.0969161684749823,0.0,0.0,0.0,0.0,0.0,0.0,0.0,0.0,0.0,original,0.0
20.502907430273783,102.39773559570312,0.06907754391431808,0.1122179627418518,3.9104064125017004,0.0,0.0,0.0,0.0,0.0,0.0,0.0,0.0,0.0,ring_artifact,0.7299310690899762
36.73914823916493,208.0355224609375,0.023116404190659523,0.15027320384979248,0.15859770170526344,0.0,0.0,0.0,0.0,0.0,0.0,0.0,0.0,0.0,noise_salt_pepper,0.7129489728191218
32.03197877710532,149.865234375,0.012495488859713078,0.11108263581991196,0.0969161684749823,0.0,0.0,0.0,0.0,0.0,0.0,0.0,0.0,0.0,contrast_low,0.9951493566608947
7.021231843667966,59.45867919921875,0.30167192220687866,0.18263289332389832,7.384874324051671,0.0,0.0,0.0,0.0,0.0,0.0,0.01036938838660717,0.06820095625490616,53.19178770888022,original,0.0
8.041437294643247,59.2890625,0.3010759651660919,0.18235009908676147,7.396984014495436,0.0,0.0,0.0,0.0,0.0,0.0,0.008682901971042156,0.06972810961250267,31.453597934539935,rotation,0.3734205025292938
7.037269620778832,59.3248291015625,0.2707618772983551,0.16900329291820526,7.2306427247504415,0.0,0.7329575952764358,0.0,0.0,0.0,0.0,0.0,0.0,32.38183555338417,vignetting,0.5175758410355906
8.311318970001743,61.64410400390625,0.2959863543510437,0.18346340954303741,7.397187774946814,0.0,0.0,0.0,0.0,0.0,0.0,0.005758314859122038,0.08282309284236067,34.67498232001472,blur_motion,0.24790561366600794
31.68882791304129,151.61740112304688,0.03825384005904198,0.19180844724178314,0.23422802352491257,0.0,0.0,0.0,0.0,0.0,0.0,0.0,0.0,0.0,original,0.0
28.224704627927636,101.5277099609375,0.038248781114816666,0.19012832641601562,0.2693993306909568,0.0,0.0,0.0,0.0,0.0,0.0,0.0,0.0,0.0,blur_motion,0.33808556214745533
31.68882791304129,151.61740112304688,0.03825384005904198,0.19180844724178314,0.23422802352491257,0.0,0.0,0.0,0.0,0.0,0.0,0.0,0.0,0.0,brightness_bright,0.5539215224244798
31.68882791304129,151.61740112304688,0.03825384005904198,0.19180844724178314,0.23422802352491257,0.0,0.0,0.0,0.0,0.0,0.0,0.0,0.0,0.0,brightness_bright,0.22021738445155947
6.046097752204041,59.1910400390625,0.39441415667533875,0.15811283886432648,7.314366450384841,0.0,0.0,0.9694024522574731,0.40683586536080885,0.31836195508586523,0.0,0.0,0.0,59.692681651973054,original,0.0
7.7293033755683,59.3338623046875,0.39619579911231995,0.1691056340932846,7.286506623274478,0.0,0.0,0.9568986198608705,0.40854462875998976,0.31704095112285335,0.0,0.0,0.0,20.15767296760651,blur_motion,0.7078409465484541
8.82974886215594,69.18841552734375,0.3994685113430023,0.17009471356868744,7.28586857082286,0.0,0.0,0.9610664548378698,0.40846345235147763,0.31836195508586523,0.0,0.0,0.0,31.977336233180896,blur_gaussian,0.22894178381115438
6.049028177968635,59.17041015625,0.39549773931503296,0.159418523311615,7.303825847977426,0.0,0.0,0.9690275571459763,0.4077409823157194,0.31836195508586523,0.0,0.0,0.0,58.416627158088374,vignetting,0.031412958053018136
32.41124511248271,155.23046875,0.050430186092853546,0.21883094310760498,0.2882215609692431,0.0,0.0,0.0,0.0,0.0,0.0,0.0,0.0,0.0,original,0.0
31.043920568240896,119.21987915039062,0.050431955605745316,0.21865734457969666,0.3462184524426215,0.0,0.0,0.0,0.0,0.0,0.0,0.0,0.0,0.0,jpeg,0.07085734988865344
32.42833923170347,213.74957275390625,0.05450807139277458,0.22701747715473175,0.3052466944800172,0.0,0.0,0.0,0.0,0.0,0.0,0.0,0.0,0.0,noise_salt_pepper,0.278477263964547
32.41124511248271,155.23046875,0.050430186092853546,0.21883094310760498,0.2882215609692431,0.0,0.0,0.0,0.0,0.0,0.0,0.0,0.0,0.0,contrast_high,0.2142368073704386
5.61266363480179,63.7054443359375,0.4323045015335083,0.170848086476326,7.443186511545457,0.0,0.0,0.0,0.0,0.0,0.0,0.0,0.0,62.58224243465473,original,0.0
11.95049302649106,49.7376708984375,0.4305395781993866,0.1892564594745636,7.598857201159438,0.0,0.0,0.0,0.0,0.0,0.0,0.0,0.0,8.893808741714292,noise_gaussian,0.7233525658809709
5.492278409622051,63.26934814453125,0.38892635703086853,0.16536150872707367,7.285054186015483,0.0,0.0,0.0,0.0,0.0,0.0,0.0,0.0,40.54308686950828,vignetting,0.5710430933252845
5.446253843468174,63.6519775390625,0.41719958186149597,0.20348770916461945,7.415525573333137,0.0,0.0,0.0,0.0,0.0,0.0,0.0,0.0,53.97175134771652,contrast_high,0.2429972423957245
32.23444040153173,149.27316284179688,0.016530293971300125,0.12750311195850372,0.121488540756886,0.0,0.0,0.0,0.0,0.0,0.0,0.0,0.0,0.0,original,0.0
32.23444040153173,149.27316284179688,0.016530293971300125,0.12750311195850372,0.121488540756886,0.0,0.0,0.0,0.0,0.0,0.0,0.0,0.0,0.0,contrast_high,0.8074969977666434
32.14332222192346,212.56015014648438,0.018389230594038963,0.13435424864292145,0.13229842770607075,0.0,0.0,0.0,0.0,0.0,0.0,0.0,0.0,0.0,noise_salt_pepper,0.09432579649188222
29.489357634403017,105.5506591796875,0.016528330743312836,0.12672972679138184,0.13832725234847734,0.0,0.0,0.0,0.0,0.0,0.0,0.0,0.0,0.0,rotation,0.4310511824063775
6.107338194661524,58.17755126953125,0.38097429275512695,0.16844697296619415,7.3943177967261535,0.0,0.0,0.9516562924167924,0.4046474358974359,0.2989556135770235,0.0,0.0,0.0,59.28441203558984,original,0.0
5.930671998873848,57.57745361328125,0.3812430799007416,0.1680665910243988,6.8203054168027615,0.0,0.0,0.9526236980153552,0.4046474358974359,0.29765013054830286,0.0,0.0,0.0,44.018095632184824,contrast_low,0.41110227604973804
5.848378009044325,48.96826171875,0.35910913348197937,0.1610487699508667,7.328341493743828,0.0,0.0,0.9629929468129095,0.4043764140271493,0.2754569190600522,0.0,0.0,0.0,31.847779294643807,stripe_artifact,0.7290758494598506
7.101609007788897,58.51605224609375,0.3799040615558624,0.16790464520454407,7.388852078882923,0.0,0.0,0.9548381405557465,0.4087206196581197,0.304177545691906,0.0,0.0,0.0,26.51772041744235,rotation,0.6534554882657916
30.2663265379636,149.30178833007812,0.012213370762765408,0.10983716696500778,0.09513292189537098,0.0,0.0,0.0,0.0,0.0,0.0,0.0,0.0,0.0,original,0.0
29.32784993165573,107.3455810546875,0.01221221312880516,0.10930012166500092,0.10618406670045515,0.0,0.0,0.0,0.0,0.0,0.0,0.0,0.0,0.0,rotation,0.09841787115195888
30.2663265379636,149.30178833007812,0.012213370762765408,0.10983716696500778,0.09513292189537098,0.0,0.0,0.0,0.0,0.0,0.0,0.0,0.0,0.0,contrast_low,0.7282135884411827
23.657612541418448,108.48342895507812,0.07137037813663483,0.12264330685138702,3.813543008057521,0.0,0.0,0.0,0.0,0.0,0.0,0.0,0.0,0.0,ring_artifact,0.8616725363527911
6.629409680956202,60.8619384765625,0.31578758358955383,0.17856909334659576,7.402128882865102,0.0,0.0,0.0,0.0,0.0,0.0,0.0,0.0,55.80393546029199,original,0.0
10.84999689226106,87.2042236328125,0.3170383870601654,0.18323914706707,7.414420650360011,0.0,0.0,0.0,0.0,0.0,0.0,0.0,0.0,20.003084499260098,noise_salt_pepper,0.19159007214165402
5.980250883499421,52.8450927734375,0.1902722865343094,0.19029390811920166,6.0385640923232495,0.0,0.6863584936156457,0.0,0.0,0.0,0.0,0.0,0.0,42.187118863345255,brightness_dark,0.4486135478331319
6.605208518256743,61.03436279296875,0.31747010350227356,0.17914769053459167,7.155116021091679,0.0,0.0,0.0,0.0,0.0,0.0,0.0,0.0,48.625755113465715,contrast_low,0.18348803578723327
32.46808885387019,154.61087036132812,0.024447819218039513,0.15443485975265503,0.16573334243986143,0.0,0.0,0.0,0.0,0.0,0.0,0.0,0.0,0.0,original,0.0
32.46808885387019,154.61087036132812,0.024447819218039513,0.15443485975265503,0.16573334243986143,0.0,0.0,0.0,0.0,0.0,0.0,0.0,0.0,0.0,contrast_high,0.2498064478821005
30.518187569192282,122.31118774414062,0.024258360266685486,0.15323880314826965,0.20403479973106198,0.0,0.0,0.0,0.0,0.0,0.0,0.0,0.0,0.0,vignetting,0.07538488837428936
23.353220223466057,108.51651000976562,0.08479271829128265,0.1553092896938324,3.9683628190893114,0.0,0.0,0.0,0.0,0.0,0.0,0.0,0.0,0.0,ring_artifact,0.8613491047618306
6.275024039703285,63.07916259765625,0.29269006848335266,0.1325521618127823,6.947185892633985,0.0,0.0,0.0,0.0,0.0,0.0,0.0,0.0,58.16650640197809,original,0.0
6.183282128001052,63.53521728515625,0.2638896107673645,0.1378856599330902,6.937545514829451,0.0,0.0,0.0,0.0,0.0,0.0,0.0,0.0,54.86177001859564,brightness_dark,0.09790872820160035
7.425741339512872,58.6568603515625,0.29574495553970337,0.1325782984495163,7.007944151014328,0.0,0.0,0.0,0.0,0.0,0.0,0.0,0.0,10.523759000071784,rotation,0.9992824684127266
6.286909208734922,62.99420166015625,0.29235947132110596,0.13239459693431854,6.990259141076802,0.0,0.0,0.0,0.0,0.0,0.0,0.0,0.0,57.49695768194116,stripe_artifact,0.014757856495650534
31.85297524961448,148.26168823242188,0.016879908740520477,0.1288214921951294,0.12354403311252325,0.0,0.0,0.0,0.0,0.0,0.0,0.0,0.0,0.0,original,0.0
26.136828932100876,109.18133544921875,0.016865788027644157,0.12321905791759491,0.20100036101303365,0.0,0.0,0.0,0.0,0.0,0.0,0.0,0.0,0.0,blur_motion,0.9263669830081276
28.945814083314776,116.52529907226562,0.01655542105436325,0.12637077271938324,0.14041926053258033,0.0,0.0,0.0,0.0,0.0,0.0,0.0,0.0,0.0,stripe_artifact,0.23637949054174945
31.85297524961448,148.26168823242188,0.016879908740520477,0.1288214921951294,0.12354403311252325,0.0,0.0,0.0,0.0,0.0,0.0,0.0,0.0,0.0,contrast_low,0.48564112545071847
5.466407367779659,58.42535400390625,0.3677152991294861,0.17425288259983063,7.431369490143025,0.0,0.0,0.9536810005029173,0.40058859136307884,0.4120734908136483,0.0,0.0,0.0,63.557284214802266,original,0.0
21.704996323463387,92.34417724609375,0.3713609278202057,0.19149568676948547,7.435773766646706,0.0,0.0,0.9511448670761004,0.40292224859423037,0.3937007874015748,0.0,0.0,0.0,0.0,noise_salt_pepper,0.8646503940302155
5.385060530949872,58.2415771484375,0.37045204639434814,0.17624431848526,7.409427978116019,0.0,0.0,0.9520094224837561,0.4065979578508052,0.41338582677165353,0.0,0.0,0.0,61.75418046144703,vignetting,0.058635399972178925
5.44192177667524,58.40960693359375,0.368227481842041,0.17371270060539246,7.414338959889847,0.0,0.0,0.9562495738837141,0.40058859136307884,0.39238845144356954,0.0,0.0,0.0,63.63430635477468,contrast_low,0.002155378351426429
32.05585336449555,150.54351806640625,0.011548556387424469,0.10684189200401306,0.0908926353787881,0.0,0.0,0.0,0.0,0.0,0.0,0.0,0.0,0.0,original,0.0
32.05585336449555,150.54351806640625,0.011548556387424469,0.10684189200401306,0.0908926353787881,0.0,0.0,0.0,0.0,0.0,0.0,0.0,0.0,0.0,contrast_low,0.26520305817215195
23.93610300728241,105.13397216796875,0.06499110162258148,0.10893893241882324,3.9157942202332285,0.0,0.0,0.0,0.0,0.0,0.0,0.0,0.0,0.0,ring_artifact,0.7851293567941215
28.43167316216974,110.17129516601562,0.011337430216372013,0.10492545366287231,0.12836802919774465,0.0,0.0,0.0,0.0,0.0,0.0,0.0,0.0,0.0,noise_speckle,0.4230074859901629
6.752974945369925,58.26007080078125,0.3625530004501343,0.16644452512264252,7.2077962891348815,0.0,0.0,0.0,0.0,0.0,0.0,0.016953999176621437,0.08651169554198346,54.980167030867165,original,0.0
7.548440744617471,59.30914306640625,0.34695199131965637,0.1771780401468277,7.308764791435835,0.0,0.0,0.0,0.0,0.0,0.0,0.011913699097931385,0.13183971083135984,9.860154122841642,scale,0.9954226894927138
6.481387659471836,47.9822998046875,0.1637767255306244,0.1964992731809616,5.461051982814366,0.0,0.0,0.0,0.0,0.0,0.0,0.0,0.0,30.315896458824618,brightness_dark,0.6618713119507452
6.477774859072653,57.8944091796875,0.3457533121109009,0.18703725934028625,7.20517938111103,0.0,0.0,0.0,0.0,0.0,0.0,0.016892291605472565,0.16547218413727202,50.62296126188641,contrast_high,0.15479682527406413
31.80533488764978,146.65386962890625,0.007465038448572159,0.08607735484838486,0.0634747080640036,0.0,0.0,0.0,0.0,0.0,0.0,0.0,0.0,0.0,original,0.0
30.125584940203066,101.15597534179688,0.0073757655918598175,0.0850595086812973,0.0854234490836949,0.0,0.0,0.0,0.0,0.0,0.0,0.0,0.0,0.0,noise_speckle,0.21770089841417495
25.610745847041212,118.03564453125,0.0074436548165977,0.08048438280820847,0.1687425166485919,0.0,0.0,0.0,0.0,0.0,0.0,0.0,0.0,0.0,blur_gaussian,0.5791802908162562
31.80533488764978,146.65386962890625,0.007465038448572159,0.08607735484838486,0.0634747080640036,0.0,0.0,0.0,0.0,0.0,0.0,0.0,0.0,0.0,brightness_dark,0.060957571476515815
7.533143319787825,58.3037109375,0.22449475526809692,0.17536960542201996,7.030358221434087,0.0,0.0,0.0,0.0,0.0,0.0,0.0,0.0,49.77904453474784,original,0.0
7.531401573410644,58.318603515625,0.2244943082332611,0.1753687709569931,7.03055486698105,0.0,0.0,0.0,0.0,0.0,0.0,0.0,0.0,47.504045260963046,jpeg,0.05716527290748308
7.054629933173937,58.73150634765625,0.2761684060096741,0.21460409462451935,7.009437240491497,0.0,0.0,0.0,0.0,0.0,0.0,0.0,0.0,33.897593094483035,brightness_bright,0.4767885171089349
7.286352659084668,57.86297607421875,0.1995428502559662,0.15621723234653473,6.6759318310544895,0.0,0.0,0.0,0.0,0.0,0.0,0.0,0.0,17.3155199241708,vignetting,0.8527198920482854
31.343309036973853,145.848388671875,0.00343685457482934,0.058523863554000854,0.033079410030655156,0.0,0.0,0.0,0.0,0.0,0.0,0.0,0.0,0.0,original,0.0
17.814765447543525,44.1595458984375,0.008707110770046711,0.058403097093105316,2.1737416305789625,0.0,0.0,0.0,0.0,0.0,0.0,0.0,0.0,24.89658719308965,noise_gaussian,0.056879579728684515
31.343309036973853,145.848388671875,0.00343685457482934,0.058523863554000854,0.033079410030655156,0.0,0.0,0.0,0.0,0.0,0.0,0.0,0.0,0.0,brightness_dark,0.08011146524058688
19.13908558015459,47.286865234375,0.009177026338875294,0.05845019966363907,2.2453985335704085,0.0,0.0,0.0,0.0,0.0,0.0,0.0,0.0,25.326628361478413,noise_gaussian,0.06852133270379235
6.317640112529557,62.983642578125,0.23690588772296906,0.14593926072120667,6.993334138948178,0.0,0.0,0.0,0.0,0.0,0.0,0.0,0.0,57.88239924980295,original,0.0
7.31677658163449,62.94451904296875,0.24858108162879944,0.14924830198287964,6.990215636828656,0.0,0.0,0.0,0.0,0.0,0.0,0.0,0.0,24.21298731160647,blur_motion,0.6752125536040902
14.030778538804972,100.6568603515625,0.2404131442308426,0.15893392264842987,7.009715217771218,0.0,0.0,0.0,0.0,0.0,0.0,0.0,0.0,0.0,noise_salt_pepper,0.40377555131827747
6.109124780185802,63.13433837890625,0.25295108556747437,0.1508510261774063,6.745310355948617,0.0,0.0,0.0,0.0,0.0,0.0,0.0,0.0,36.4854850599006,vignetting,0.5696754101381849
32.48030104491667,152.10281372070312,0.04498045891523361,0.20726123452186584,0.2646789041450006,0.0,0.0,0.0,0.0,0.0,0.0,0.0,0.0,0.0,original,0.0
32.48030104491667,152.10281372070312,0.04498045891523361,0.20726123452186584,0.2646789041450006,0.0,0.0,0.0,0.0,0.0,0.0,0.0,0.0,0.0,brightness_bright,0.5945191535334412
32.48030104491667,152.10281372070312,0.04498045891523361,0.20726123452186584,0.2646789041450006,0.0,0.0,0.0,0.0,0.0,0.0,0.0,0.0,0.0,brightness_bright,0.08198340549487548
29.79825192884759,110.10519409179688,0.04497736692428589,0.20667420327663422,0.2872019312091717,0.0,0.0,0.0,0.0,0.0,0.0,0.0,0.0,0.0,rotation,0.5836722892912247
5.752242891961889,58.09844970703125,0.34259891510009766,0.1736660599708557,7.412090255540701,0.0,0.0,0.9394895920254028,0.4033157940683952,0.3850129198966408,0.0,0.0,0.0,61.651714053587405,original,0.0
5.3269907220169435,53.84832763671875,0.2509095072746277,0.19067485630512238,6.8267517309683,0.0,0.0,0.0,0.0,0.0,0.0,0.02596472203731537,0.037539477461958085,51.83193468081795,brightness_dark,0.3163698459767271
5.9352215563446595,47.22271728515625,0.34063035249710083,0.17392756044864655,7.422893511919137,0.0,0.0,0.9396451928011404,0.40777600533320635,0.3850129198966408,0.0,0.0,0.0,52.261488314094144,noise_speckle,0.20425919942353643
6.841698012415675,58.09552001953125,0.3282650113105774,0.19689077138900757,7.2414303817369525,0.0,0.0,0.9477678497917472,0.4066847614739332,0.39018087855297157,0.0,0.0,0.0,41.82132540540579,scale,0.3141838627955761
32.47803122671844,150.66180419921875,0.03174890950322151,0.17533087730407715,0.20308812492834463,0.0,0.0,0.0,0.0,0.0,0.0,0.0,0.0,0.0,original,0.0
18.886070322303627,97.481201171875,0.031188692897558212,0.17229411005973816,0.30583533255947093,0.0,0.0,0.0,0.0,0.0,0.0,0.0,0.0,0.0,noise_speckle,0.3957858467912545
29.156631385351943,106.05184936523438,0.03174648806452751,0.17477601766586304,0.22188897726261703,0.0,0.0,0.0,0.0,0.0,0.0,0.0,0.0,0.0,rotation,0.6455007888376495
32.47803122671844,150.66180419921875,0.03174890950322151,0.17533087730407715,0.20308812492834463,0.0,0.0,0.0,0.0,0.0,0.0,0.0,0.0,0.0,contrast_high,0.31617719627185403
5.364894588949766,59.5831298828125,0.2697909474372864,0.15377040207386017,7.101745101200869,0.0,0.0,0.0,0.0,0.0,0.0,0.0,0.0,64.23403607366822,original,0.0
5.229711975823274,59.56549072265625,0.26441454887390137,0.1843729317188263,7.129779919203434,0.0,0.0,0.0,0.0,0.0,0.0,0.0,0.0,27.705881996718567,ring_artifact,0.9357342874448233
9.390579500157006,71.55316162109375,0.3227342665195465,0.17226117849349976,7.082466409289544,0.0,0.0,0.0,0.0,0.0,0.0,0.0,0.0,19.064715760876517,blur_gaussian,0.4582855226185861
4.939015915576098,59.66656494140625,0.4468459188938141,0.24454322457313538,6.932233828443755,0.0,0.0,0.0,0.0,0.0,0.0,0.0,0.0,27.229369315288906,brightness_bright,0.9960964478550944
32.542452956257854,153.1490478515625,0.056425824761390686,0.2307421863079071,0.3130902605148299,0.013577730596748322,0.5415714067977442,0.0,0.0,0.0,0.0,0.0,0.0,0.0,original,0.0
28.171575720504173,108.96026611328125,0.056409627199172974,0.22747641801834106,0.3940417354434655,0.013861432259511655,0.5878677030940405,0.0,0.0,0.0,0.0,0.0,0.0,0.0,blur_motion,0.5376344041016273
32.542452956257854,153.1490478515625,0.056425824761390686,0.2307421863079071,0.3130902605148299,0.013577730596748322,0.5415714067977442,0.0,0.0,0.0,0.0,0.0,0.0,0.0,brightness_dark,0.26520041475040135
26.655773728516326,112.60897827148438,0.05441258102655411,0.22253935039043427,0.5322697483525483,0.013195020390077973,0.5415714067977442,0.0,0.0,0.0,0.0,0.0,0.0,0.0,vignetting,0.34900883496451507
6.31280879778619,63.776123046875,0.36620280146598816,0.1561003476381302,6.9688678054633435,0.0,0.0,0.0,0.0,0.0,0.0,0.0,0.0,57.91460801475873,original,0.0
7.540048942425389,62.89007568359375,0.3923899829387665,0.16114912927150726,7.137558669888015,0.0,0.0,0.0,0.0,0.0,0.0,0.0,0.0,14.562197351115685,blur_motion,0.8792702424845428
6.215669025738289,63.69256591796875,0.36762556433677673,0.15669728815555573,7.201300482032449,0.0,0.0,0.0,0.0,0.0,0.0,0.0,0.0,47.162710846411805,jpeg,0.2849873912166567
5.693946089876395,62.35601806640625,0.2840212881565094,0.25087207555770874,6.438828642063969,0.0,0.0,0.0,0.0,0.0,0.0,0.0,0.0,28.690561215231767,contrast_high,0.833744954639807
32.11078501741201,151.31179809570312,0.0191046129912138,0.13689276576042175,0.13638325872693863,0.0,0.0,0.0,0.0,0.0,0.0,0.0,0.0,0.0,original,0.0
29.047228585586105,107.11019897460938,0.01758347637951374,0.13076439499855042,0.1422731284277793,0.0,0.0,0.0,0.0,0.0,0.0,0.0,0.0,0.0,scale,0.3025171429788899
22.35249752332546,104.22366333007812,0.06585501879453659,0.13904139399528503,3.7321133722308755,0.0,0.0,0.0,0.0,0.0,0.0,0.0,0.0,0.0,ring_artifact,0.6539763177107326
24.405563361143756,117.95138549804688,0.019064104184508324,0.12999795377254486,0.33427441789373735,0.0,0.0,0.0,0.0,0.0,0.0,0.0,0.0,0.0,blur_gaussian,0.6678632037125836
5.715799853636526,60.285888671875,0.32701435685157776,0.21578191220760345,7.530465443559919,0.0,0.0,0.7401171637895712,0.40053628220938536,0.0,0.0,0.0,0.0,61.89466764242315,original,0.0
5.347607654991601,49.7061767578125,0.25021883845329285,0.22857053577899933,6.366263107900675,0.0,0.0,0.0,0.0,0.0,0.0,0.0,0.0,52.37413221205688,brightness_dark,0.2993787521999779
6.816638245513537,60.6104736328125,0.340852826833725,0.22543059289455414,7.57195032631614,0.0,0.0,0.7266852298564597,0.4025524112416434,0.0,0.0,0.0,0.0,50.41228495318129,rotation,0.1035865019182115
5.707044186294331,60.2513427734375,0.3375510275363922,0.22241877019405365,7.522653847287351,0.0,0.0,0.7257156849045838,0.4008121308496138,0.0,0.0,0.0,0.0,56.581394182303086,vignetting,0.13429111439336772
31.05336173322892,144.72738647460938,0.011225078254938126,0.10535214841365814,0.08880943012215588,0.0,0.0,0.0,0.0,0.0,0.0,0.0,0.0,0.0,original,0.0
28.732307192109825,109.76150512695312,0.011214577592909336,0.09950974583625793,0.15339478883931762,0.0,0.0,0.0,0.0,0.0,0.0,0.0,0.0,0.0,blur_motion,0.8897127070057091
29.013721282545113,99.39785766601562,0.011461134999990463,0.10579836368560791,0.10263922068685694,0.0,0.0,0.0,0.0,0.0,0.0,0.0,0.0,0.0,scale,0.5532236408848159
30.259499258100913,94.11569213867188,0.011072162538766861,0.10393788665533066,0.12249043412850377,0.0,0.0,0.0,0.0,0.0,0.0,0.0,0.0,0.0,noise_speckle,0.2817562714578943
5.870706456870436,59.86248779296875,0.35494646430015564,0.2224099040031433,7.615074458319757,0.0,0.0,0.7836489973308978,0.40010976062498993,0.0,0.0,0.0,0.0,60.8619569541971,original,0.0
20.074868303001008,89.02093505859375,0.3581099212169647,0.23310407996177673,7.616835962042904,0.0,0.0,0.7787398960313079,0.40254709215050116,0.0,0.0,0.0,0.0,0.0,noise_salt_pepper,0.7176121871387979
19.301492728288554,91.07330322265625,0.3580755293369293,0.23285779356956482,7.617424795906782,0.0,0.0,0.7778201867241028,0.40235743224702597,0.0,0.0,0.0,0.0,0.0,noise_salt_pepper,0.6874971288013305
5.13026952215107,54.74371337890625,0.34773701429367065,0.21825969219207764,7.607503010787443,0.0,0.0,0.7887818184053592,0.40300308298226073,0.0,0.0,0.0,0.0,55.238847120443154,stripe_artifact,0.2639839016304094
31.948398897518192,146.42413330078125,0.012883700430393219,0.11277282983064651,0.09935485386906268,0.0,0.0,0.0,0.0,0.0,0.0,0.0,0.0,0.0,original,0.0
31.948398897518192,146.42413330078125,0.012883700430393219,0.11277282983064651,0.09935485386906268,0.0,0.0,0.0,0.0,0.0,0.0,0.0,0.0,0.0,contrast_high,0.2511212520698941
28.883071380125106,86.0982666015625,0.012202165089547634,0.1068509891629219,0.15882179118230885,0.0,0.0,0.0,0.0,0.0,0.0,0.0,0.0,0.0,vignetting,0.8461037132948555
29.187528902426173,108.48590087890625,0.012883700430393219,0.10873313993215561,0.14797356198680728,0.0,0.0,0.0,0.0,0.0,0.0,0.0,0.0,0.0,blur_motion,0.6342844473091942
5.725243333453582,40.4141845703125,0.15495172142982483,0.18650755286216736,6.388501484302001,0.0,0.0,0.0,0.0,0.0,0.0,0.0,0.0,61.83171111030945,original,0.0
5.709122124124237,39.74224853515625,0.15060357749462128,0.18286709487438202,6.429500551630648,0.0,0.0,0.0,0.0,0.0,0.0,0.0,0.0,50.87197688028168,stripe_artifact,0.27668022397225167
8.97609224222255,65.159912109375,0.15942682325839996,0.19072236120700836,6.39400549298978,0.0,0.0,0.0,0.0,0.0,0.0,0.0,0.0,26.817123507646134,blur_gaussian,0.33355653860508816
13.067571859848684,63.76092529296875,0.16359609365463257,0.18961508572101593,6.3725764440782715,0.0,0.0,0.0,0.0,0.0,0.0,0.0,0.0,0.0,noise_gaussian,0.6371133773013796
31.3575967909073,146.691162109375,0.01630222052335739,0.1266351342201233,0.12014179790083047,0.0,0.0,0.0,0.0,0.0,0.0,0.0,0.0,0.0,original,0.0
28.09398169460553,92.2939453125,0.016136473044753075,0.1253606677055359,0.16557478596824546,0.0,0.0,0.0,0.0,0.0,0.0,0.0,0.0,0.0,noise_speckle,0.16158197627388615
31.3575967909073,146.691162109375,0.01630222052335739,0.1266351342201233,0.12014179790083047,0.0,0.0,0.0,0.0,0.0,0.0,0.0,0.0,0.0,contrast_high,0.5516804211263913
31.3575967909073,146.691162109375,0.01630222052335739,0.1266351342201233,0.12014179790083047,0.0,0.0,0.0,0.0,0.0,0.0,0.0,0.0,0.0,contrast_low,0.5609068647747464
6.107576287759124,59.2666015625,0.2523063123226166,0.2208937555551529,7.240766609973974,0.0,0.0,0.0,0.0,0.0,0.0,0.0,0.0,59.28282474827251,original,0.0
7.0744302496783344,61.76495361328125,0.2506881654262543,0.22020557522773743,7.2289487373661885,0.0,0.0,0.0,0.0,0.0,0.0,0.0,0.0,49.82737726586041,blur_motion,0.07524386007376704
5.965641127620908,58.85302734375,0.2536942660808563,0.2193080633878708,6.864818456284237,0.0,0.0,0.0,0.0,0.0,0.0,0.0,0.0,32.588274198958885,vignetting,0.6910196237558764
11.574811787436765,59.906768798828125,0.2553243339061737,0.2235211730003357,7.159962163636926,0.0,0.0,0.0,0.0,0.0,0.0,0.0,0.0,3.2929274332439498,noise_gaussian,0.5455902892055223
32.18880528345326,147.10525512695312,0.014920908957719803,0.12123644351959229,0.11188292370562046,0.0,0.0,0.0,0.0,0.0,0.0,0.0,0.0,0.0,original,0.0
31.07961351719814,117.98577880859375,0.014503375627100468,0.11789848655462265,0.12677842796360866,0.0,0.0,0.0,0.0,0.0,0.0,0.0,0.0,0.0,stripe_artifact,0.36921598451219173
32.18880528345326,147.10525512695312,0.014920908957719803,0.12123644351959229,0.11188292370562046,0.0,0.0,0.0,0.0,0.0,0.0,0.0,0.0,0.0,brightness_dark,0.14809378556748265
17.295421712324657,39.8690185546875,0.019458651542663574,0.12008100003004074,2.1589600460929437,0.0,0.0,0.0,0.0,0.0,0.0,0.0,0.0,25.313846249407483,noise_gaussian,0.04182885816885784
6.606776799897733,63.720458984375,0.4058760702610016,0.2506970465183258,7.689488986031148,0.0,0.0,0.9495704591803964,0.4016405876244151,0.0,0.0,0.0,0.0,55.954821334015115,original,0.0
6.313281208042064,70.11767578125,0.40608519315719604,0.25087979435920715,7.673763308136101,0.0,0.0,0.9490183922835954,0.4016678140667359,0.0,0.0,0.0,0.0,21.952199063349298,jpeg,0.89898148874259
5.985969450170711,62.02740478515625,0.4159848093986511,0.2776941955089569,7.551884428240388,0.0,0.0,0.9718469580102929,0.40211510561914876,0.24903225806451612,0.0,0.0,0.0,21.205686398171515,ring_artifact,0.9721962650172604
10.602002446698762,77.46240234375,0.4366708993911743,0.26891934871673584,7.535874895397443,0.0,0.0,0.8933516624261897,0.4007693414701501,0.0,0.0,0.0,0.0,0.0,blur_gaussian,0.8989246365264746
32.18216383812773,151.942138671875,0.014266087673604488,0.11858569830656052,0.10790328675636152,0.0,0.0,0.0,0.0,0.0,0.0,0.0,0.0,0.0,original,0.0
34.853330275929345,208.00257873535156,0.02452711947262287,0.1546788215637207,0.16615491106087302,0.0,0.0,0.0,0.0,0.0,0.0,0.0,0.0,0.0,noise_salt_pepper,0.6820666883105765
29.76894857021792,104.67974853515625,0.014264312572777271,0.11798937618732452,0.12101156010484537,0.0,0.0,0.0,0.0,0.0,0.0,0.0,0.0,0.0,rotation,0.10279362167178563
24.956557562781327,107.26849365234375,0.046966802328825,0.11425195634365082,3.3408743786571344,0.0,0.0,0.0,0.0,0.0,0.0,0.0,0.0,0.0,ring_artifact,0.5598835191438697
4.565891527884211,54.43359375,0.2759520709514618,0.19237643480300903,7.2744104821756705,0.0,0.0,0.0,0.0,0.0,0.0,0.0,0.0,69.5607231474386,original,0.0
4.377026747907432,49.2672119140625,0.26735222339630127,0.18677504360675812,7.26991691311624,0.0,0.0,0.0,0.0,0.0,0.0,0.01633044146001339,0.09180896588973368,54.56472608733245,stripe_artifact,0.4063773898321168
4.430511142126366,53.22296142578125,0.3924467861652374,0.26679617166519165,7.119487301248373,0.0,0.0,0.0,0.0,0.0,0.0,0.0,0.0,40.484154606749314,brightness_bright,0.7494776111435393
4.733897280132595,53.855224609375,0.223683163523674,0.16951896250247955,6.9875723461154315,0.0,0.0,0.0,0.0,0.0,0.0,0.0,0.0,31.24544417136905,vignetting,0.9298810156936744
31.476059841837586,152.89971923828125,0.13548140227794647,0.34223702549934387,0.572281569347047,0.0,0.3858096568855768,0.0,0.0,0.0,0.0,0.0,0.0,0.0,original,0.0
30.770112212583072,102.079833984375,0.1336224228143692,0.3375789225101471,0.7077629648164117,0.0,0.3858096568855768,0.0,0.0,0.0,0.0,0.0,0.0,0.0,stripe_artifact,0.16250176710043862
23.299707013321328,106.66986083984375,0.1788603514432907,0.31635811924934387,4.221382935067328,0.0,0.3858096568855768,0.0,0.0,0.0,0.0,0.0,0.0,0.0,ring_artifact,0.8107717199403969
21.49997418654252,107.1588134765625,0.1278865486383438,0.3231492340564728,1.1681987036885713,0.0,0.3858096568855768,0.0,0.0,0.0,0.0,0.0,0.0,0.0,vignetting,0.4122944103537973
5.732485793371991,57.9495849609375,0.3183823227882385,0.21858255565166473,7.541751551069893,0.0,0.0,0.0,0.0,0.0,0.0,0.0,0.0,61.78342804418673,original,0.0
12.14914036055065,56.903961181640625,0.3200656473636627,0.22777661681175232,7.509408014383883,0.0,0.0,0.0,0.0,0.0,0.0,0.0,0.0,0.0,noise_gaussian,0.7365644717550821
5.232684724484522,63.10882568359375,0.3187040090560913,0.2184273600578308,7.518029757243855,0.0,0.0,0.0,0.0,0.0,0.0,0.0,0.0,33.81997532419791,jpeg,0.7823864961476317
5.575519325798114,57.1168212890625,0.31883615255355835,0.21800094842910767,6.353373954098704,0.0,0.0,0.0,0.0,0.0,0.0,0.0,0.0,30.74046560386035,contrast_low,0.8022351389371389
31.50669739141707,150.6845703125,0.05665955692529678,0.23119091987609863,0.3140393480003768,0.0,0.0,0.0,0.0,0.0,0.0,0.0,0.0,0.0,original,0.0
27.75907874454144,118.93167114257812,0.05350137874484062,0.21872349083423615,0.37068296047470944,0.0,0.0,0.0,0.0,0.0,0.0,0.0,0.0,0.0,stripe_artifact,0.7350575388278761
34.101949664115985,213.39292907714844,0.06057272106409073,0.23854489624500275,0.3297142229389906,0.0,0.0,0.0,0.0,0.0,0.0,0.0,0.0,0.0,noise_salt_pepper,0.26680570959447203
23.81091135335871,106.52923583984375,0.0944179818034172,0.20884917676448822,3.831652310149189,0.0,0.0,0.0,0.0,0.0,0.0,0.0,0.0,0.0,ring_artifact,0.7012781881399126
6.924243768502178,62.30401611328125,0.31027284264564514,0.21695615351200104,7.475458360612955,0.0,0.0,0.9424698901182516,0.4071924386472224,0.0,0.0,0.0,0.0,53.83837487665215,original,0.0
6.6148343279561495,61.025146484375,0.3128458559513092,0.2162690907716751,6.099076344434874,0.0,0.0,0.9435504887595132,0.4255202590720284,0.0,0.0,0.0,0.0,21.01443316404874,contrast_low,0.8721667829060897
5.988624555257087,56.06842041015625,0.29889217019081116,0.21022945642471313,7.428074741719479,0.0,0.0,0.942716925285186,0.4106874146192626,0.0,0.0,0.0,0.0,41.248235454846466,stripe_artifact,0.47069002108599034
20.118751693838863,97.13623046875,0.3150492310523987,0.23047126829624176,7.480605764567341,0.0,0.0,0.9406625431470785,0.400091535084982,0.0,0.0,0.0,0.0,0.0,noise_salt_pepper,0.816586605596929
31.419232594007248,150.38693237304688,0.26425033807754517,0.4409331977367401,0.8330926820100264,0.0,0.3735045742434904,0.0,0.0,0.0,0.0,0.0,0.0,0.0,original,0.0
31.419232594007248,150.38693237304688,0.26425033807754517,0.4409331977367401,0.8330926820100264,0.0,0.3735045742434904,0.0,0.0,0.0,0.0,0.0,0.0,0.0,contrast_high,0.34965842444591866
27.687163209506128,114.22317504882812,0.2483253926038742,0.41553694009780884,1.0973290710107084,0.0,0.3735045742434904,0.0,0.0,0.0,0.0,0.0,0.0,0.0,stripe_artifact,0.7953454991528618
31.153347304527898,209.60641479492188,0.2659578323364258,0.44184187054634094,0.8356043768076249,0.0,0.37174524982406754,0.0,0.0,0.0,0.0,0.0,0.0,0.0,noise_salt_pepper,0.22292354720580898
5.2152447531925405,42.61004638671875,0.2322653830051422,0.22051231563091278,7.09960867044563,0.4327081987087477,0.0,0.0,0.0,0.0,0.0,0.0,0.0,65.23170164538305,original,0.0
6.118043833351866,44.70751953125,0.22998394072055817,0.2197335958480835,7.072643496615454,0.4506939862989082,0.0,0.0,0.0,0.0,0.0,0.0,0.0,51.48784957787922,rotation,0.19312978832770866
4.674852383674907,44.4786376953125,0.23229308426380157,0.2205028533935547,7.115829931796544,0.4326733892346776,0.0,0.0,0.0,0.0,0.0,0.0,0.0,57.69019500124712,jpeg,0.2786030610230039
6.5019161925468705,54.10906982421875,0.23991131782531738,0.2237500250339508,7.055822895296042,0.43045007517761535,0.0,0.0,0.0,0.0,0.0,0.0,0.0,17.97832788775309,blur_motion,0.9668891040483611
32.46256903128743,148.85198974609375,0.024188345298171043,0.15363356471061707,0.1643513076875414,0.0,0.0,0.0,0.0,0.0,0.0,0.0,0.0,0.0,original,0.0
24.97866808569612,101.83346557617188,0.02379031665623188,0.1511484533548355,0.24125663946392573,0.0,0.0,0.0,0.0,0.0,0.0,0.0,0.0,0.0,noise_speckle,0.3511461290827522
32.46256903128743,148.85198974609375,0.024188345298171043,0.15363356471061707,0.1643513076875414,0.0,0.0,0.0,0.0,0.0,0.0,0.0,0.0,0.0,brightness_dark,0.39967838436006087
28.33423247024387,121.51956176757812,0.023197758942842484,0.14748090505599976,0.18853913954299362,0.0,0.0,0.0,0.0,0.0,0.0,0.0,0.0,0.0,stripe_artifact,0.5362157324787219
5.760992690314539,48.55828857421875,0.3245427906513214,0.26060226559638977,7.493899268037085,0.0,0.0,0.0,0.0,0.0,0.0,0.0,0.0,61.593382064569745,original,0.0
7.769420884171106,54.39483642578125,0.3251429498195648,0.2596699893474579,7.449550448726758,0.0,0.0,0.0,0.0,0.0,0.0,0.0,0.0,43.590190698135515,blur_gaussian,0.11534175185142759
4.863955044824896,43.29229736328125,0.3226083517074585,0.26075518131256104,7.486095707722681,0.0,0.0,0.0,0.0,0.0,0.0,0.0,0.0,60.43092038760216,noise_speckle,0.17856781617246364
5.2998111730899184,46.07855224609375,0.32261770963668823,0.26061955094337463,7.484104502480541,0.0,0.0,0.0,0.0,0.0,0.0,0.0,0.0,63.13763761860338,noise_speckle,0.03825719735326272
31.80944037193248,143.50555419921875,0.009524715133011341,0.09712875634431839,0.07762557902463735,0.0,0.0,0.0,0.0,0.0,0.0,0.0,0.0,0.0,original,0.0
31.80944037193248,143.50555419921875,0.009524715133011341,0.09712875634431839,0.07762557902463735,0.0,0.0,0.0,0.0,0.0,0.0,0.0,0.0,0.0,brightness_bright,0.43456375856464435
29.05714159637588,107.83297729492188,0.01063122320920229,0.10154595226049423,0.10364250137903683,0.0,0.0,0.0,0.0,0.0,0.0,0.0,0.0,0.0,scale,0.7864281782036819
31.80944037193248,143.50555419921875,0.009524715133011341,0.09712875634431839,0.07762557902463735,0.0,0.0,0.0,0.0,0.0,0.0,0.0,0.0,0.0,contrast_low,0.6062088533061433
4.989775765762852,43.964111328125,0.30411413311958313,0.24146871268749237,7.493796453894477,0.0,0.0,0.0,0.0,0.0,0.0,0.0,0.0,66.73482822824765,original,0.0
4.859702196609865,39.0513916015625,0.27440664172172546,0.24797323346138,6.990102364100346,0.0,0.0,0.0,0.0,0.0,0.0,0.0,0.0,62.97615399476101,brightness_dark,0.11564578402933046
4.923124991547375,43.23736572265625,0.28535717725753784,0.22906561195850372,7.24951853158571,0.0,0.0,0.0,0.0,0.0,0.0,0.0,0.0,44.11564498315351,vignetting,0.5765880434965995
4.708748697876366,41.5836181640625,0.30214446783065796,0.24149157106876373,7.505746354121898,0.0,0.0,0.0,0.0,0.0,0.0,0.0,0.0,66.83288066562831,noise_speckle,0.04438653371323109
31.478963212122085,152.19671630859375,0.00963883101940155,0.0977032482624054,0.07838920043873915,0.0,0.0,0.0,0.0,0.0,0.0,0.0,0.0,0.0,original,0.0
31.478963212122085,152.19671630859375,0.00963883101940155,0.0977032482624054,0.07838920043873915,0.0,0.0,0.0,0.0,0.0,0.0,0.0,0.0,0.0,contrast_low,0.0016912782186294661
29.067418441812244,108.75445556640625,0.009235403500497341,0.09363556653261185,0.11808111504320945,0.0,0.0,0.0,0.0,0.0,0.0,0.0,0.0,0.0,vignetting,0.8065108697001039
29.063311676918495,110.275634765625,0.00963615532964468,0.09661674499511719,0.09606546135705185,0.0,0.0,0.0,0.0,0.0,0.0,0.0,0.0,0.0,rotation,0.7194299991448455
5.975624367735193,60.86590576171875,0.3273487091064453,0.2430976778268814,7.578675096928691,0.0,0.0,0.8069366389352766,0.4019010183746803,0.0,0.0,0.0,0.0,60.162504215098714,original,0.0
7.072575803869744,61.3826904296875,0.32278546690940857,0.23751650750637054,7.554777435766617,0.0,0.0,0.8230545409804237,0.4046980181706915,0.0,0.0,0.0,0.0,23.367986901256366,scale,0.7370376934903003
14.490782320073498,93.9862060546875,0.32951119542121887,0.24841952323913574,7.5794256111140195,0.0,0.0,0.8187725626674162,0.4029366536427686,0.0,0.0,0.0,0.0,0.0,noise_salt_pepper,0.3642214717812642
7.242039201190913,58.11163330078125,0.3401651084423065,0.24998469650745392,7.5645312474560065,0.0,0.0,0.7418617231686534,0.40013965384675737,0.0,0.0,0.0,0.0,13.764759219874676,blur_motion,0.9488744859713143
32.52329101626259,149.26376342773438,0.024657243862748146,0.1550782471895218,0.1668458309023379,0.0,0.0,0.0,0.0,0.0,0.0,0.0,0.0,0.0,original,0.0
28.741375678646573,99.79690551757812,0.024117503315210342,0.151693195104599,0.2492294209327225,0.0,0.0,0.0,0.0,0.0,0.0,0.0,0.0,0.0,vignetting,0.3302000360425964
31.193522222479626,114.4290771484375,0.024563759565353394,0.15395446121692657,0.21747535505110555,0.0,0.0,0.0,0.0,0.0,0.0,0.0,0.0,0.0,jpeg,0.6633874762655443
28.659225666391055,111.06832885742188,0.024657243862748146,0.1507858783006668,0.23949847481243783,0.0,0.0,0.0,0.0,0.0,0.0,0.0,0.0,0.0,blur_motion,0.7197542630139502
6.297165028479255,60.90850830078125,0.3824683427810669,0.21685726940631866,7.670217524180742,0.0,0.0,0.9660119142882702,0.40043017846221507,0.0,0.0,0.0,0.0,58.0188998101383,original,0.0
6.236307775307822,42.76446533203125,0.3805566430091858,0.21801252663135529,7.688413797754309,0.0,0.0,0.9679635606978069,0.4048728362229506,0.0,0.0,0.0,0.0,38.139714669870415,noise_speckle,0.5071225040352692
6.73535209080022,60.56243896484375,0.3809506893157959,0.21632419526576996,7.671444206169285,0.0,0.0,0.9622453760570996,0.40276661100459726,0.0,0.0,0.0,0.0,38.761936383229866,rotation,0.40839290861921684
6.046448740304394,60.41162109375,0.38196858763694763,0.21780358254909515,6.702060002741757,0.0,0.0,0.9655079789151924,0.40043017846221507,0.0,0.0,0.0,0.0,31.802005163528083,contrast_low,0.697208414194399
32.08881443474095,150.96389770507812,0.03159493952989578,0.17491911351680756,0.20232839123736696,0.0,0.0,0.0,0.0,0.0,0.0,0.0,0.0,0.0,original,0.0
32.08881443474095,150.96389770507812,0.03159493952989578,0.17491911351680756,0.20232839123736696,0.0,0.0,0.0,0.0,0.0,0.0,0.0,0.0,0.0,brightness_dark,0.12728779905915322
32.08881443474095,150.96389770507812,0.03159493952989578,0.17491911351680756,0.20232839123736696,0.0,0.0,0.0,0.0,0.0,0.0,0.0,0.0,0.0,contrast_low,0.6649294342127715
32.08881443474095,150.96389770507812,0.03159493952989578,0.17491911351680756,0.20232839123736696,0.0,0.0,0.0,0.0,0.0,0.0,0.0,0.0,0.0,contrast_low,0.6773179452727329
5.939708101119632,59.4793701171875,0.3735699951648712,0.25921356678009033,7.70449376550064,0.0,0.0,0.8396436561774889,0.40386606698231775,0.0,0.0,0.0,0.0,60.401945992535786,original,0.0
5.96559507486218,59.4722900390625,0.36218634247779846,0.25263094902038574,7.623768410926586,0.0,0.0,0.8391760635323444,0.4009216589861751,0.0,0.0,0.0,0.0,53.26827243918772,vignetting,0.17402734320994395
5.733451828697675,59.55999755859375,0.42236629128456116,0.291629821062088,7.614342743688113,0.0,0.0,0.0,0.0,0.0,0.0,0.0,0.0,49.73899282605956,brightness_bright,0.3009498745655653
4.754308318520947,47.68133544921875,0.19671376049518585,0.2461114525794983,4.944636732526954,0.0,0.0,0.0,0.0,0.0,0.0,0.0,0.0,28.458952384424627,brightness_dark,0.8337251693040575
31.664163478532966,148.50390625,0.012360110878944397,0.11048682034015656,0.09606162851544094,0.0,0.0,0.0,0.0,0.0,0.0,0.0,0.0,0.0,original,0.0
27.318643145170647,100.05487060546875,0.012187367305159569,0.10896504670381546,0.13360426080349663,0.0,0.0,0.0,0.0,0.0,0.0,0.0,0.0,0.0,noise_speckle,0.2869137168689272
31.664163478532966,148.50390625,0.012360110878944397,0.11048682034015656,0.09606162851544094,0.0,0.0,0.0,0.0,0.0,0.0,0.0,0.0,0.0,contrast_low,0.7857588274775801
31.664163478532966,148.50390625,0.012360110878944397,0.11048682034015656,0.09606162851544094,0.0,0.0,0.0,0.0,0.0,0.0,0.0,0.0,0.0,brightness_bright,0.6547056237030716
5.856092339193755,59.26190185546875,0.2819357216358185,0.261416494846344,7.18742177185573,0.0,0.0,0.0,0.0,0.0,0.0,0.0,0.0,60.95938440537496,original,0.0
5.715245507720339,47.46575927734375,0.25832945108413696,0.30067571997642517,5.281061425913255,0.0,0.0,0.0,0.0,0.0,0.0,0.0,0.0,44.226922608346285,contrast_high,0.44178601683795293
6.9075803705953955,58.345947265625,0.2813928425312042,0.2623004615306854,7.156544651238887,0.0,0.0,0.0,0.0,0.0,0.0,0.0,0.0,45.40140815646669,rotation,0.2137014009891003
5.888836259882639,49.41741943359375,0.2536909282207489,0.32084643840789795,4.706779005704438,0.0,0.0,0.0,0.0,0.0,0.0,0.0,0.0,27.085321607065396,contrast_high,0.793735399106002
30.37337031071215,147.6497802734375,0.0044647520408034325,0.06666947156190872,0.04128410520610062,0.0,0.0,0.0,0.0,0.0,0.0,0.0,0.0,0.0,original,0.0
23.441127867023837,104.57925415039062,0.057128023356199265,0.08437183499336243,3.675155092595335,0.0,0.0,0.0,0.0,0.0,0.0,0.0,0.0,0.0,ring_artifact,0.7359614459402217
28.901202991735456,105.16500854492188,0.0044641210697591305,0.06611888110637665,0.047960652645119034,0.0,0.0,0.0,0.0,0.0,0.0,0.0,0.0,0.0,rotation,0.08479553672512175
30.37337031071215,147.6497802734375,0.0044647520408034325,0.06666947156190872,0.04128410520610062,0.0,0.0,0.0,0.0,0.0,0.0,0.0,0.0,0.0,brightness_dark,0.6638538363049987
6.158329952519001,59.37799072265625,0.325127512216568,0.19271914660930634,7.504606262647455,0.0,0.6916019362827872,0.0,0.0,0.0,0.0,0.0,0.0,58.94446698320665,original,0.0
5.875923112226788,59.34808349609375,0.3749805688858032,0.2218715399503708,7.486729919466407,0.0,0.8807272317910616,0.0,0.0,0.0,0.0,0.0,0.0,47.41964903542939,brightness_bright,0.3351882554098009
5.619149666731745,53.04205322265625,0.30051884055137634,0.18101420998573303,7.401528262768907,0.0,0.0,0.7919495385486844,0.40087712228669675,0.04085257548845471,0.0,0.0,0.0,24.459015723689355,stripe_artifact,0.9519996624524752
18.96127987818048,91.61962890625,0.3289364278316498,0.2058635801076889,7.503117620506721,0.0,0.6840031520882583,0.0,0.0,0.0,0.0,0.0,0.0,0.0,noise_salt_pepper,0.672795670557167
32.32171399903778,149.0889892578125,0.039372410625219345,0.19447936117649078,0.2394072748829863,0.0,0.0,0.0,0.0,0.0,0.0,0.0,0.0,0.0,original,0.0
33.205166218921825,200.56732177734375,0.051198553293943405,0.22040250897407532,0.2914666784256395,0.0,0.0,0.0,0.0,0.0,0.0,0.0,0.0,0.0,noise_salt_pepper,0.8065628945762658
18.360042392529007,37.3037109375,0.042997486889362335,0.1926477700471878,2.166914451018373,0.0,0.0,0.0,0.0,0.0,0.0,0.0,0.0,26.109415128656607,noise_gaussian,0.024425387726826342
34.667115630020426,193.94027709960938,0.05311897397041321,0.22427070140838623,0.2995012270244036,0.0,0.0,0.0,0.0,0.0,0.0,0.0,0.0,0.0,noise_salt_pepper,0.9839360227818514
5.067866043955352,62.100341796875,0.2938181459903717,0.1439061164855957,7.117999724109024,0.0,0.0,0.0,0.0,0.0,0.0,0.05055982246994972,0.3300385832574674,66.21422637363099,original,0.0
4.687221923127845,61.9454345703125,0.44412845373153687,0.20690789818763733,6.999323883852414,0.0,0.0,0.9398724665157944,0.40626327724072087,0.24606580829756797,0.0,0.0,0.0,34.76234606082509,brightness_bright,0.8497376946247319
7.212596010088194,61.71600341796875,0.3021552860736847,0.14216704666614532,7.096990410588146,0.0,0.0,0.0,0.0,0.0,0.0,0.031883642077445984,0.30924047340356353,33.69937986420847,blur_motion,0.45541616838008914
4.965026298693654,61.79949951171875,0.29572436213493347,0.15186353027820587,6.925461724548606,0.0,0.7707187329988515,0.0,0.0,0.0,0.0,0.0,0.0,41.70920944586709,vignetting,0.6297653807377137
31.87293089179446,153.99761962890625,0.0118005545809865,0.10798750817775726,0.09250632360548383,0.0,0.0,0.0,0.0,0.0,0.0,0.0,0.0,0.0,original,0.0
35.67762215959644,205.33824157714844,0.023046106100082397,0.15004992485046387,0.15821784843296677,0.0,0.0,0.0,0.0,0.0,0.0,0.0,0.0,0.0,noise_salt_pepper,0.7183459154989886
31.87293089179446,153.99761962890625,0.0118005545809865,0.10798750817775726,0.09250632360548383,0.0,0.0,0.0,0.0,0.0,0.0,0.0,0.0,0.0,contrast_low,0.49437716901043693
33.011918220933765,214.23675537109375,0.014483967795968056,0.1194746121764183,0.10923222995792876,0.0,0.0,0.0,0.0,0.0,0.0,0.0,0.0,0.0,noise_salt_pepper,0.1475713450912982
5.63753000428161,50.41717529296875,0.35998234152793884,0.26454082131385803,7.66685519320267,0.0,0.0,0.0,0.0,0.0,0.0,0.0,0.0,62.4164666381226,original,0.0
6.641426367654729,41.0699462890625,0.29021352529525757,0.27609267830848694,6.905088796632693,0.0,0.0,0.0,0.0,0.0,0.0,0.0,0.0,55.50203149011387,scale,0.00554481813803176
5.434875375699114,48.525634765625,0.3323676288127899,0.25074437260627747,7.485051139965243,0.0,0.0,0.0,0.0,0.0,0.0,0.0,0.0,29.34987487843837,ring_artifact,0.8604405654225213
5.638828791160113,50.84405517578125,0.3563980758190155,0.2627561092376709,7.619347908413265,0.0,0.0,0.0,0.0,0.0,0.0,0.0,0.0,58.144316196391024,vignetting,0.10658729656353894
29.882820864228954,152.31692504882812,0.194297194480896,0.3956586718559265,0.7103748135330423,0.24729148014350857,0.0,0.0,0.0,0.0,0.0,0.0,0.0,0.0,original,0.0
29.882820864228954,152.31692504882812,0.194297194480896,0.3956586718559265,0.7103748135330423,0.24729148014350857,0.0,0.0,0.0,0.0,0.0,0.0,0.0,0.0,contrast_low,0.21884113681231943
23.215558275183337,108.4132080078125,0.20643100142478943,0.3894508183002472,2.364801641544659,0.2448725992225217,0.0,0.0,0.0,0.0,0.0,0.0,0.0,0.0,ring_artifact,0.9579660422795397
29.882820864228954,152.31692504882812,0.194297194480896,0.3956586718559265,0.7103748135330423,0.24729148014350857,0.0,0.0,0.0,0.0,0.0,0.0,0.0,0.0,brightness_dark,0.46454988457425217
4.781570359346792,52.81121826171875,0.29442426562309265,0.2038710117340088,7.46415173182989,0.0,0.0,0.9731497920882648,0.40921595144638323,0.19047619047619047,0.0,0.0,0.0,68.12286427102138,original,0.0
4.219521800286013,47.55792236328125,0.22148095071315765,0.21911568939685822,6.5848756980821035,0.0,0.0,0.0,0.0,0.0,0.0,0.0,0.0,61.90192347836105,brightness_dark,0.24919827965997166
4.651667086021244,50.9638671875,0.29065069556236267,0.2020636796951294,7.455401229510139,0.0,0.0,0.0,0.0,0.0,0.0,0.0,0.0,64.13454212561633,stripe_artifact,0.12135859918938441
11.569889409386812,62.939910888671875,0.29535046219825745,0.21787865459918976,7.461836715783614,0.0,0.0,0.9952370982192031,0.40394498136359136,0.19223985890652556,0.0,0.0,0.0,0.0,noise_gaussian,0.8014166017222645
31.973172700316816,153.33642578125,0.512972891330719,0.4998316764831543,0.9995143465581817,0.0,0.0,0.0,0.0,0.0,0.0,0.0,0.0,0.0,original,0.0
28.619015259847153,106.60848999023438,0.5129606127738953,0.4988461434841156,1.0919396442492806,0.0,0.0,0.0,0.0,0.0,0.0,0.0,0.0,0.0,rotation,0.5311318858555887
31.973172700316816,153.33642578125,0.512972891330719,0.4998316764831543,0.9995143465581817,0.0,0.0,0.0,0.0,0.0,0.0,0.0,0.0,0.0,brightness_dark,0.5954523184694197
25.16669513851819,104.00439453125,0.48865583539009094,0.4595392644405365,4.043497618567803,0.0,0.0,0.9915917518195744,0.40106211036712075,0.4973544973544973,0.0,0.0,0.0,0.0,ring_artifact,0.891425925810437
6.685052376260853,63.023193359375,0.402149498462677,0.21302060782909393,7.6804554832151535,0.0,0.0,0.7643036161349189,0.4006403547534324,0.0,0.0,0.0,0.0,55.43298415826098,original,0.0
6.454606914234924,63.97308349609375,0.5820959806442261,0.29227006435394287,6.98718778916232,0.0,0.0,0.0,0.0,0.0,0.0,0.0,0.0,24.36902694516649,brightness_bright,0.8150065073316839
6.550336599397297,62.85205078125,0.3746112585067749,0.2017873078584671,7.505022597539268,0.0,0.0,0.7842634163145699,0.40565620857269113,0.0,0.0,0.0,0.0,36.13996274437528,vignetting,0.504778164824402
6.00751872171218,54.19097900390625,0.37370559573173523,0.20129981637001038,7.597652319787068,0.0,0.0,0.7978459710251978,0.4082687939468645,0.0,0.0,0.0,0.0,23.67568597034093,stripe_artifact,0.9068547304561134
32.78133091259883,145.37991333007812,0.009786153212189674,0.0984397605061531,0.07937211608822706,0.0,0.0,0.0,0.0,0.0,0.0,0.0,0.0,0.0,original,0.0
32.78133091259883,145.37991333007812,0.009786153212189674,0.0984397605061531,0.07937211608822706,0.0,0.0,0.0,0.0,0.0,0.0,0.0,0.0,0.0,contrast_high,0.8972081032332622
28.028225289737442,107.30728149414062,0.011240207590162754,0.1048702597618103,0.09923728125153408,0.0,0.0,0.0,0.0,0.0,0.0,0.0,0.0,0.0,scale,0.8614949097832623
32.78133091259883,145.37991333007812,0.009786153212189674,0.0984397605061531,0.07937211608822706,0.0,0.0,0.0,0.0,0.0,0.0,0.0,0.0,0.0,contrast_high,0.25919154846501935
5.884442955879691,62.46929931640625,0.4665071368217468,0.21909387409687042,7.718518811833539,0.0,0.0,0.0,0.0,0.0,0.0,0.0,0.0,60.77038029413539,original,0.0
17.41518308579054,100.56982421875,0.4673942029476166,0.23079755902290344,7.695606662296168,0.0,0.0,0.0,0.0,0.0,0.0,0.0,0.0,0.0,noise_salt_pepper,0.8398628878419208
8.638032448164276,51.17291259765625,0.4638253450393677,0.22047606110572815,7.725444530273286,0.0,0.0,0.0,0.0,0.0,0.0,0.0,0.0,11.780569640351537,noise_speckle,0.7658136842971655
5.54732132441118,60.77191162109375,0.34424349665641785,0.26100262999534607,7.167094110738952,0.0,0.0,0.0,0.0,0.0,0.0,0.0,0.0,43.63397715444812,brightness_dark,0.4845970170702668
